﻿<?xml version="1.0" encoding="utf-8"?>
<checks ticket="Caisse 1" openDate="17/02/2017 18:53:14" closeDate="17/02/2017 19:28:16" idTicketWindowG="a0a26518-b5d3-4598-bcbb-e48c28308ffc" idTicketWindow="6990b7e5-b333-4719-a42c-367b15cb7d68" Cash="20" BankCards="0" BankChecks="0" Resto="0" BondAchat="0" Rendu="-16.70" sum="3.3">
  <check barcodeCheck="118534200001" Cash="20" BankCards="0" BankChecks="0" Resto="0" BondAchat="0" Rendu="-16,70" sum="3.3" date="2017-02-17T18:53:42.4054828+01:00">
    <product>
      <ii>1</ii>
      <CustomerId>1ae2f72b-6d2c-4d06-87d0-355d0b295eda</CustomerId>
      <Name>GATEAU DE RIZ A LA CANNELLE "MEGHLI" 200G - CORTAS</Name>
      <Desc>CORTAS GATEAU DE RIZ MEGHLI 200GR</Desc>
      <price>2.3</price>
      <priceGros>1.270</priceGros>
      <tva>1</tva>
      <qty>1</qty>
      <CodeBare>[735143003549][7351430035494]^1,000[7351430035494]^1,000</CodeBare>
      <balance>false</balance>
      <contenance>12.000</contenance>
      <uniteContenance>0</uniteContenance>
      <tare>0</tare>
      <date>2016-12-30T16:03:38.767</date>
      <cusumerIdRealStock>67e0807f-5b51-4ebf-a93e-77b617bd5287</cusumerIdRealStock>
      <cusumerIdSubGroup>66</cusumerIdSubGroup>
      <ProductsWeb_CustomerId>de1fdb62-17e5-42ba-835e-b7a813d1339b</ProductsWeb_CustomerId>
      <grp>9</grp>
      <sgrp>66</sgrp>
      <Discount>0.0</Discount>
      <sumDiscount>0</sumDiscount>
      <total>2.3</total>
      <price_old>0</price_old>
    </product>
    <product>
      <ii>0</ii>
      <CustomerId>00f0d1bf-57cd-421a-875e-18f7abf4288b</CustomerId>
      <Name>HALVA PISTACHE 450G - ALKANATE</Name>
      <Desc>3.20</Desc>
      <price>1</price>
      <priceGros>3.750</priceGros>
      <tva>2</tva>
      <qty>1</qty>
      <CodeBare>[5285000870326]</CodeBare>
      <balance>false</balance>
      <contenance>12.000</contenance>
      <uniteContenance>0</uniteContenance>
      <tare>0</tare>
      <date>2017-02-11T20:44:16.4320014+01:00</date>
      <cusumerIdRealStock>238bc513-8345-4e9e-878b-e4a5d703a7d6</cusumerIdRealStock>
      <cusumerIdSubGroup>64</cusumerIdSubGroup>
      <ProductsWeb_CustomerId>7aecd437-4731-4083-a510-ef50912bd43f</ProductsWeb_CustomerId>
      <grp>9</grp>
      <sgrp>64</sgrp>
      <Discount>0.0</Discount>
      <sumDiscount>0</sumDiscount>
      <total>1</total>
      <price_old>0</price_old>
    </product>
  </check>
  <check barcodeCheck="119051000002" Cash="11.29" BankCards="0" BankChecks="0" Resto="0" BondAchat="0" Rendu="0,00" sum="11.29" date="2017-02-17T19:05:10.4807882+01:00">
    <product>
      <ii>2</ii>
      <CustomerId>1ae2f72b-6d2c-4d06-87d0-355d0b295eda</CustomerId>
      <Name>GATEAU DE RIZ A LA CANNELLE "MEGHLI" 200G - CORTAS</Name>
      <Desc>CORTAS GATEAU DE RIZ MEGHLI 200GR</Desc>
      <price>1.800</price>
      <priceGros>1.270</priceGros>
      <tva>1</tva>
      <qty>1</qty>
      <CodeBare>[735143003549][7351430035494]^1,000[7351430035494]^1,000</CodeBare>
      <balance>false</balance>
      <contenance>12.000</contenance>
      <uniteContenance>0</uniteContenance>
      <tare>0</tare>
      <date>2016-12-30T16:03:38.767</date>
      <cusumerIdRealStock>5d3715c7-32d8-4b19-9322-c56dcabf2a14</cusumerIdRealStock>
      <cusumerIdSubGroup>66</cusumerIdSubGroup>
      <ProductsWeb_CustomerId>de1fdb62-17e5-42ba-835e-b7a813d1339b</ProductsWeb_CustomerId>
      <grp>9</grp>
      <sgrp>66</sgrp>
      <Discount>0.0</Discount>
      <sumDiscount>0</sumDiscount>
      <total>1.8</total>
    </product>
    <product>
      <ii>1</ii>
      <CustomerId>9f778e78-4a7c-462f-84c0-c3f156f6225e</CustomerId>
      <Name>CORNER BŒUF GROS MORCEAUX 400G</Name>
      <Desc></Desc>
      <price>3.990</price>
      <priceGros>2.670</priceGros>
      <tva>1</tva>
      <qty>1</qty>
      <CodeBare>[4260007241226]</CodeBare>
      <balance>false</balance>
      <contenance>24.000</contenance>
      <uniteContenance>0</uniteContenance>
      <tare>0</tare>
      <date>2017-01-19T17:16:24.007</date>
      <cusumerIdRealStock>6d0d1d45-4df7-4002-b069-ccbb927807da</cusumerIdRealStock>
      <cusumerIdSubGroup>37</cusumerIdSubGroup>
      <ProductsWeb_CustomerId>9352f892-53f7-4aa1-a9f5-8ef14054160e</ProductsWeb_CustomerId>
      <grp>5</grp>
      <sgrp>37</sgrp>
      <Discount>0.0</Discount>
      <sumDiscount>0</sumDiscount>
      <total>3.99</total>
    </product>
    <product>
      <ii>0</ii>
      <CustomerId>00f0d1bf-57cd-421a-875e-18f7abf4288b</CustomerId>
      <Name>HALVA PISTACHE 450G - ALKANATE</Name>
      <Desc>3.20</Desc>
      <price>5.50</price>
      <priceGros>3.750</priceGros>
      <tva>2</tva>
      <qty>1</qty>
      <CodeBare>[5285000870326]</CodeBare>
      <balance>false</balance>
      <contenance>12.000</contenance>
      <uniteContenance>0</uniteContenance>
      <tare>0</tare>
      <date>2017-02-11T20:44:16.4320014+01:00</date>
      <cusumerIdRealStock>a8bd9cda-0831-4fdc-a2a4-f7bea934cc71</cusumerIdRealStock>
      <cusumerIdSubGroup>64</cusumerIdSubGroup>
      <ProductsWeb_CustomerId>7aecd437-4731-4083-a510-ef50912bd43f</ProductsWeb_CustomerId>
      <grp>9</grp>
      <sgrp>64</sgrp>
      <Discount>0.0</Discount>
      <sumDiscount>0</sumDiscount>
      <total>5.5</total>
    </product>
  </check>
  <check barcodeCheck="119064100003" Cash="20" BankCards="0" BankChecks="0" Resto="0" BondAchat="0" Rendu="-10,30" sum="9.7" date="2017-02-17T19:06:41.1330049+01:00">
    <product>
      <ii>2</ii>
      <CustomerId>4bb71092-41e2-4f1f-bda5-c6033bf70d6a</CustomerId>
      <Name>FROMAGE MI-DUR 55% BAKTAT 800G</Name>
      <Desc></Desc>
      <price>4.500</price>
      <priceGros>3.290</priceGros>
      <tva>1</tva>
      <qty>1</qty>
      <CodeBare>[4040328041688]</CodeBare>
      <balance>false</balance>
      <contenance>6.000</contenance>
      <uniteContenance>0</uniteContenance>
      <tare>0</tare>
      <date>2017-01-28T14:10:04.743</date>
      <cusumerIdRealStock>61aad374-8fc6-4f44-8e1d-5375e9a551cf</cusumerIdRealStock>
      <cusumerIdSubGroup>41</cusumerIdSubGroup>
      <ProductsWeb_CustomerId>9c9d7f67-a9cb-4340-ba9f-6cd420f876f5</ProductsWeb_CustomerId>
      <grp>6</grp>
      <sgrp>41</sgrp>
      <Discount>0</Discount>
      <sumDiscount>0</sumDiscount>
      <total>4.5</total>
    </product>
    <product>
      <ii>1</ii>
      <CustomerId>ae97f972-a7ad-475b-b384-d89a939eb2c3</CustomerId>
      <Name>CAFE MOULU TURC 250G - MASSAT</Name>
      <Desc></Desc>
      <price>2.40</price>
      <priceGros>1.800</priceGros>
      <tva>1</tva>
      <qty>1</qty>
      <CodeBare>[3325490251143]</CodeBare>
      <balance>false</balance>
      <contenance>24.000</contenance>
      <uniteContenance>0</uniteContenance>
      <tare>0</tare>
      <date>2017-02-01T21:09:32.7818436+01:00</date>
      <cusumerIdRealStock>fdb23436-5ca1-4821-af97-a2373bda0f66</cusumerIdRealStock>
      <cusumerIdSubGroup>83</cusumerIdSubGroup>
      <ProductsWeb_CustomerId>e3dfc169-33d9-41ab-9106-96a931d929eb</ProductsWeb_CustomerId>
      <grp>11</grp>
      <sgrp>83</sgrp>
      <Discount>0</Discount>
      <sumDiscount>0</sumDiscount>
      <total>2.4</total>
    </product>
    <product>
      <ii>0</ii>
      <CustomerId>5d000c7d-923e-4780-a19f-2af3345deed6</CustomerId>
      <Name>L'ORÉAL SHAMPOOING ELSEVE MECHES SUBLIMES</Name>
      <Desc></Desc>
      <price>2.80</price>
      <priceGros>0</priceGros>
      <tva>2</tva>
      <qty>1</qty>
      <CodeBare>[3600523319626]</CodeBare>
      <balance>false</balance>
      <contenance>0</contenance>
      <uniteContenance>0</uniteContenance>
      <tare>0</tare>
      <date>2017-02-15T18:23:47.1389166+01:00</date>
      <cusumerIdRealStock>18450fb8-36f3-4798-b29b-75211df27009</cusumerIdRealStock>
      <cusumerIdSubGroup>1027</cusumerIdSubGroup>
      <ProductsWeb_CustomerId>bd12b117-ee32-4b99-9ea1-c48fd112d007</ProductsWeb_CustomerId>
      <grp>14</grp>
      <sgrp>1027</sgrp>
      <Discount>0</Discount>
      <sumDiscount>0</sumDiscount>
      <total>2.8</total>
    </product>
  </check>
  <check barcodeCheck="119232300004" Cash="3.99" BankCards="0" BankChecks="0" Resto="0" BondAchat="0" Rendu="0,00" sum="3.99" date="2017-02-17T19:23:23.6340265+01:00">
    <product>
      <ii>0</ii>
      <CustomerId>38a6659f-ec32-4d11-bd2f-3a5f45058668</CustomerId>
      <Name>PLATEAU D'OEUFS FRAIS 30PCS</Name>
      <Desc></Desc>
      <price>3.990</price>
      <priceGros>3.130</priceGros>
      <tva>1</tva>
      <qty>1</qty>
      <CodeBare>[8420711430248]</CodeBare>
      <balance>false</balance>
      <contenance>8.000</contenance>
      <uniteContenance>0</uniteContenance>
      <tare>0</tare>
      <date>2017-01-26T15:28:38.77</date>
      <cusumerIdRealStock>30e6c460-3984-4e57-9490-72b80fca175d</cusumerIdRealStock>
      <cusumerIdSubGroup>43</cusumerIdSubGroup>
      <ProductsWeb_CustomerId>4fda9208-a74a-4ad5-ad1c-d84c0757a540</ProductsWeb_CustomerId>
      <grp>6</grp>
      <sgrp>43</sgrp>
      <Discount>0.0</Discount>
      <sumDiscount>0</sumDiscount>
      <total>3.99</total>
    </product>
  </check>
  <check barcodeCheck="119235500005" Cash="13.82" BankCards="0" BankChecks="0" Resto="0" BondAchat="0" Rendu="0,00" sum="13.82" date="2017-02-17T19:23:55.4670336+01:00">
    <product>
      <ii>5</ii>
      <CustomerId>299be66b-5dde-436b-851c-af85162041cb</CustomerId>
      <Name>FÈVES CASSÉES DECO ANAHIT 800G</Name>
      <Desc>FEVE CASSE KG ANAHIT</Desc>
      <price>1.990</price>
      <priceGros>1.400</priceGros>
      <tva>1</tva>
      <qty>1</qty>
      <CodeBare>[3700066101242]</CodeBare>
      <balance>false</balance>
      <contenance>10.000</contenance>
      <uniteContenance>0</uniteContenance>
      <tare>0</tare>
      <date>2017-01-27T16:49:52.317</date>
      <cusumerIdRealStock>fdcb82fb-b43b-44a2-9dbf-5d61fe347365</cusumerIdRealStock>
      <cusumerIdSubGroup>80</cusumerIdSubGroup>
      <ProductsWeb_CustomerId>01a291d3-7816-43b9-bd9a-96692c4e76ec</ProductsWeb_CustomerId>
      <grp>8</grp>
      <sgrp>80</sgrp>
      <Discount>0</Discount>
      <sumDiscount>0</sumDiscount>
      <total>1.99</total>
    </product>
    <product>
      <ii>4</ii>
      <CustomerId>6b6a03c5-c5c4-44ac-b61d-837a314b7cc9</CustomerId>
      <Name>POIS VERT PETITE SEC 1KG</Name>
      <Desc>PETIT POUS VERT 1KG</Desc>
      <price>1.490</price>
      <priceGros>1.490</priceGros>
      <tva>1</tva>
      <qty>1</qty>
      <CodeBare>[221]</CodeBare>
      <balance>false</balance>
      <contenance>5.000</contenance>
      <uniteContenance>0</uniteContenance>
      <tare>0</tare>
      <date>2015-07-06T13:19:58.757</date>
      <cusumerIdRealStock>028352cd-a83e-4505-a5bf-a107a6ef86a7</cusumerIdRealStock>
      <cusumerIdSubGroup>80</cusumerIdSubGroup>
      <ProductsWeb_CustomerId>fb49f0fe-cb7a-4c71-80c8-aa936a3420d7</ProductsWeb_CustomerId>
      <grp>8</grp>
      <sgrp>80</sgrp>
      <Discount>0</Discount>
      <sumDiscount>0</sumDiscount>
      <total>1.49</total>
    </product>
    <product>
      <ii>3</ii>
      <CustomerId>c9421428-7950-43ec-86d4-7848c92470ef</CustomerId>
      <Name>FEVE GROSSE ENTIER ANAHIT 800G</Name>
      <Desc>FOUL ENTIER 1KG ANAHIT</Desc>
      <price>1.990</price>
      <priceGros>1.930</priceGros>
      <tva>1</tva>
      <qty>1</qty>
      <CodeBare>[205]</CodeBare>
      <balance>false</balance>
      <contenance>10.000</contenance>
      <uniteContenance>0</uniteContenance>
      <tare>0</tare>
      <date>2016-12-16T12:42:40.163</date>
      <cusumerIdRealStock>f58e82a8-4c72-4550-8982-1db6e7ea933d</cusumerIdRealStock>
      <cusumerIdSubGroup>80</cusumerIdSubGroup>
      <ProductsWeb_CustomerId>33b0617b-5bd0-4020-ad00-b2b3345bd3c5</ProductsWeb_CustomerId>
      <grp>8</grp>
      <sgrp>80</sgrp>
      <Discount>0</Discount>
      <sumDiscount>0</sumDiscount>
      <total>1.99</total>
    </product>
    <product>
      <ii>2</ii>
      <CustomerId>4199fc73-6fd5-4211-9720-fcdbfd457e5f</CustomerId>
      <Name>BLÉ ENTIER 1KG - ANAHIT</Name>
      <Desc>BLE ENTIER 1KG ANAHIT</Desc>
      <price>1.790</price>
      <priceGros>1.320</priceGros>
      <tva>1</tva>
      <qty>2</qty>
      <CodeBare>[200]</CodeBare>
      <balance>false</balance>
      <contenance>1.000</contenance>
      <uniteContenance>0</uniteContenance>
      <tare>0</tare>
      <date>2015-08-12T18:50:06.95</date>
      <cusumerIdRealStock>83cf9d85-2b4c-4858-8026-9db96c0610b0</cusumerIdRealStock>
      <cusumerIdSubGroup>80</cusumerIdSubGroup>
      <ProductsWeb_CustomerId>12e29e50-6cc2-4820-88b3-9d5f1b837fbd</ProductsWeb_CustomerId>
      <grp>8</grp>
      <sgrp>80</sgrp>
      <Discount>0</Discount>
      <sumDiscount>0</sumDiscount>
      <total>3.58</total>
    </product>
    <product>
      <ii>1</ii>
      <CustomerId>9538f090-53a6-4914-9aa5-fac0b4797ee3</CustomerId>
      <Name>RIZ ROND 1KG</Name>
      <Desc>RIZ PARFUME 1KG ANAHIT</Desc>
      <price>1.59</price>
      <priceGros>1.170</priceGros>
      <tva>1</tva>
      <qty>2</qty>
      <CodeBare>[220][8000024000408]^1,000[8000024000408]^1,000[8000024000408]^1,000[8000024000408]^1,000[8000024000408]^1,000[8000024000408]^1,000[8000024000408]^1,000[8000024000408]^1,000[8000024000408]^1,000</CodeBare>
      <balance>false</balance>
      <contenance>0</contenance>
      <uniteContenance>0</uniteContenance>
      <tare>0</tare>
      <date>2017-02-15T13:12:21.187408+01:00</date>
      <cusumerIdRealStock>8d3a2162-9898-4335-aa9b-109b81c9064e</cusumerIdRealStock>
      <cusumerIdSubGroup>57</cusumerIdSubGroup>
      <ProductsWeb_CustomerId>3432e3aa-0979-4b4e-9b91-2efcf23792ac</ProductsWeb_CustomerId>
      <grp>8</grp>
      <sgrp>57</sgrp>
      <Discount>0</Discount>
      <sumDiscount>0</sumDiscount>
      <total>3.18</total>
    </product>
    <product>
      <ii>0</ii>
      <CustomerId>d8af056f-8f5f-4a2f-a10e-bd04e6cf11c3</CustomerId>
      <Name>RIZ JAUNE 1KG ANAHIT</Name>
      <Desc></Desc>
      <price>1.590</price>
      <priceGros>1.160</priceGros>
      <tva>1</tva>
      <qty>1</qty>
      <CodeBare>[213]</CodeBare>
      <balance>false</balance>
      <contenance>10.000</contenance>
      <uniteContenance>0</uniteContenance>
      <tare>0</tare>
      <date>2017-01-24T12:49:07.71</date>
      <cusumerIdRealStock>527ebd45-015a-4d61-a84b-6c827c0a4c08</cusumerIdRealStock>
      <cusumerIdSubGroup>57</cusumerIdSubGroup>
      <ProductsWeb_CustomerId>452f3a1b-23be-4588-b2b4-8a22b267867e</ProductsWeb_CustomerId>
      <grp>8</grp>
      <sgrp>57</sgrp>
      <Discount>0</Discount>
      <sumDiscount>0</sumDiscount>
      <total>1.59</total>
    </product>
  </check>
  <check barcodeCheck="119252500006" Cash="20" BankCards="0" BankChecks="0" Resto="0" BondAchat="0" Rendu="-6,54" sum="13.46" date="2017-02-17T19:25:25.0476266+01:00">
    <product>
      <ii>3</ii>
      <CustomerId>fe8fd35b-18df-4a89-a14c-4ec97e8a2910</CustomerId>
      <Name>SARRASIN (GRECHKA) ANAHIT 1KG</Name>
      <Desc>SARAZIN 1KG ANAHIT</Desc>
      <price>2.200</price>
      <priceGros>1.390</priceGros>
      <tva>1</tva>
      <qty>1</qty>
      <CodeBare>[217]</CodeBare>
      <balance>false</balance>
      <contenance>50.000</contenance>
      <uniteContenance>0</uniteContenance>
      <tare>0</tare>
      <date>2017-01-20T15:15:12.883</date>
      <cusumerIdRealStock>d18f0331-08ea-48a8-b153-167ac67184eb</cusumerIdRealStock>
      <cusumerIdSubGroup>80</cusumerIdSubGroup>
      <ProductsWeb_CustomerId>468dad0c-48e5-4f8f-9c5c-1edf4f13ffc5</ProductsWeb_CustomerId>
      <grp>8</grp>
      <sgrp>80</sgrp>
      <Discount>0.0</Discount>
      <sumDiscount>0</sumDiscount>
      <total>2.2</total>
    </product>
    <product>
      <ii>2</ii>
      <CustomerId>4199fc73-6fd5-4211-9720-fcdbfd457e5f</CustomerId>
      <Name>BLÉ ENTIER 1KG - ANAHIT</Name>
      <Desc>BLE ENTIER 1KG ANAHIT</Desc>
      <price>1.790</price>
      <priceGros>1.320</priceGros>
      <tva>1</tva>
      <qty>1</qty>
      <CodeBare>[200]</CodeBare>
      <balance>false</balance>
      <contenance>1.000</contenance>
      <uniteContenance>0</uniteContenance>
      <tare>0</tare>
      <date>2015-08-12T18:50:06.95</date>
      <cusumerIdRealStock>83cf9d85-2b4c-4858-8026-9db96c0610b0</cusumerIdRealStock>
      <cusumerIdSubGroup>80</cusumerIdSubGroup>
      <ProductsWeb_CustomerId>12e29e50-6cc2-4820-88b3-9d5f1b837fbd</ProductsWeb_CustomerId>
      <grp>8</grp>
      <sgrp>80</sgrp>
      <Discount>0.0</Discount>
      <sumDiscount>0</sumDiscount>
      <total>1.79</total>
    </product>
    <product>
      <ii>1</ii>
      <CustomerId>bbac29b3-4342-4e63-a594-fe22c77c53a9</CustomerId>
      <Name>BOULGOUR BLOND GROS GRAIN 1KG</Name>
      <Desc>BOULGOUR BLOND GROS 1KG ANAHIT</Desc>
      <price>1.75</price>
      <priceGros>1.330</priceGros>
      <tva>1</tva>
      <qty>2</qty>
      <CodeBare>[202]</CodeBare>
      <balance>false</balance>
      <contenance>10.000</contenance>
      <uniteContenance>0</uniteContenance>
      <tare>0</tare>
      <date>2017-02-13T18:06:19.4238094+01:00</date>
      <cusumerIdRealStock>da984831-e57b-4392-b2ff-01bf53a9fb21</cusumerIdRealStock>
      <cusumerIdSubGroup>80</cusumerIdSubGroup>
      <ProductsWeb_CustomerId>f951bb08-3234-4fb5-bafd-fc55eae552ae</ProductsWeb_CustomerId>
      <grp>8</grp>
      <sgrp>80</sgrp>
      <Discount>0.0</Discount>
      <sumDiscount>0</sumDiscount>
      <total>3.50</total>
    </product>
    <product>
      <ii>0</ii>
      <CustomerId>299be66b-5dde-436b-851c-af85162041cb</CustomerId>
      <Name>FÈVES CASSÉES DECO ANAHIT 800G</Name>
      <Desc>FEVE CASSE KG ANAHIT</Desc>
      <price>1.990</price>
      <priceGros>1.400</priceGros>
      <tva>1</tva>
      <qty>3</qty>
      <CodeBare>[3700066101242]</CodeBare>
      <balance>false</balance>
      <contenance>10.000</contenance>
      <uniteContenance>0</uniteContenance>
      <tare>0</tare>
      <date>2017-01-27T16:49:52.317</date>
      <cusumerIdRealStock>fdcb82fb-b43b-44a2-9dbf-5d61fe347365</cusumerIdRealStock>
      <cusumerIdSubGroup>80</cusumerIdSubGroup>
      <ProductsWeb_CustomerId>01a291d3-7816-43b9-bd9a-96692c4e76ec</ProductsWeb_CustomerId>
      <grp>8</grp>
      <sgrp>80</sgrp>
      <Discount>0.0</Discount>
      <sumDiscount>0</sumDiscount>
      <total>5.97</total>
    </product>
  </check>
</checks>