﻿<?xml version="1.0" encoding="utf-8"?>
<checks ticket="Caisse 2" openDate="14/01/2017 16:39:04" closeDate="17/02/2017 18:50:50" idTicketWindowG="942ab052-cf12-443d-9e12-18ca11056f50" idTicketWindow="54968b35-53d5-42fd-8ae4-328de78f389a" Cash="4.95" BankCards="0" BankChecks="0" Resto="0" BondAchat="0" Rendu="0.00" sum="4.95">
  <check barcodeCheck="119092200001" Cash="4.95" BankCards="0" BankChecks="0" Resto="0" BondAchat="0" Rendu="0,00" sum="4.95" date="2017-01-24T19:09:22.8760506+01:00">
    <product>
      <ii>0</ii>
      <CustomerId>39db751f-6a17-4af4-8f82-2484f48539cb</CustomerId>
      <Name>BÂTONNETS DE MAÏS 150G - BURATINO</Name>
      <Desc>CHIPS SUCRE BURATINO 150GR</Desc>
      <price>0.990</price>
      <priceGros>0.590</priceGros>
      <tva>1</tva>
      <qty>5</qty>
      <CodeBare>[4030957821010]</CodeBare>
      <balance>false</balance>
      <contenance>10.000</contenance>
      <uniteContenance>0</uniteContenance>
      <tare>0</tare>
      <date>2015-08-07T11:07:20.587</date>
      <cusumerIdRealStock>40655c55-1df4-4caa-8050-9a185f87a5fb</cusumerIdRealStock>
      <cusumerIdSubGroup>61</cusumerIdSubGroup>
      <ProductsWeb_CustomerId>baf1daf3-ca96-47f0-bd89-00fc8a55ef8d</ProductsWeb_CustomerId>
      <grp>9</grp>
      <sgrp>61</sgrp>
      <Discount>0.0</Discount>
      <sumDiscount>0</sumDiscount>
      <total>4.95</total>
    </product>
  </check>
  <check barcodeCheck="119355100002" Cash="4" BankCards="0" BankChecks="0" Resto="0" BondAchat="0" Rendu="0,00" sum="4" date="2017-01-24T19:35:51.141932+01:00">
    <product>
      <ii>0</ii>
      <CustomerId>e2183702-28f2-43af-8f89-ddf40706723d</CustomerId>
      <Name>DIVERS PESE</Name>
      <Desc></Desc>
      <price>2.000</price>
      <priceGros>0.000</priceGros>
      <tva>1</tva>
      <qty>2</qty>
      <CodeBare>[]</CodeBare>
      <balance>true</balance>
      <contenance>0.000855</contenance>
      <uniteContenance>0</uniteContenance>
      <tare>0</tare>
      <date>2017-01-07T11:55:16.463</date>
      <cusumerIdRealStock>baccff15-49de-47f7-8e1f-3d34e64f0e37</cusumerIdRealStock>
      <cusumerIdSubGroup>3</cusumerIdSubGroup>
      <ProductsWeb_CustomerId>d9e6fd24-1372-42e8-a01f-4701d0179f3e</ProductsWeb_CustomerId>
      <grp>1</grp>
      <sgrp>3</sgrp>
      <Discount>0.0</Discount>
      <sumDiscount>0</sumDiscount>
      <total>4</total>
    </product>
  </check>
  <check barcodeCheck="121002500003" Cash="13.38" BankCards="0" BankChecks="0" Resto="0" BondAchat="0" Rendu="0,00" sum="13.38" date="2017-02-06T21:00:25.1799655+01:00">
    <product>
      <ii>2</ii>
      <CustomerId>ae97f972-a7ad-475b-b384-d89a939eb2c3</CustomerId>
      <Name>CAFE MOULU TURC 250G - MASSAT</Name>
      <Desc></Desc>
      <price>2.40</price>
      <priceGros>1.800</priceGros>
      <tva>1</tva>
      <qty>4</qty>
      <CodeBare>[3325490251143]</CodeBare>
      <balance>false</balance>
      <contenance>24.000</contenance>
      <uniteContenance>0</uniteContenance>
      <tare>0</tare>
      <date>2017-02-01T21:09:32.7818436+01:00</date>
      <cusumerIdRealStock>fdb23436-5ca1-4821-af97-a2373bda0f66</cusumerIdRealStock>
      <cusumerIdSubGroup>83</cusumerIdSubGroup>
      <ProductsWeb_CustomerId>e3dfc169-33d9-41ab-9106-96a931d929eb</ProductsWeb_CustomerId>
      <grp>11</grp>
      <sgrp>83</sgrp>
      <Discount>0</Discount>
      <sumDiscount>0</sumDiscount>
      <total>9.6</total>
    </product>
    <product>
      <ii>1</ii>
      <CustomerId>4199fc73-6fd5-4211-9720-fcdbfd457e5f</CustomerId>
      <Name>BLÉ ENTIER 1KG - ANAHIT</Name>
      <Desc>BLE ENTIER 1KG ANAHIT</Desc>
      <price>1.790</price>
      <priceGros>1.320</priceGros>
      <tva>1</tva>
      <qty>1</qty>
      <CodeBare>[200]</CodeBare>
      <balance>false</balance>
      <contenance>1.000</contenance>
      <uniteContenance>0</uniteContenance>
      <tare>0</tare>
      <date>2015-08-12T18:50:06.95</date>
      <cusumerIdRealStock>83cf9d85-2b4c-4858-8026-9db96c0610b0</cusumerIdRealStock>
      <cusumerIdSubGroup>80</cusumerIdSubGroup>
      <ProductsWeb_CustomerId>12e29e50-6cc2-4820-88b3-9d5f1b837fbd</ProductsWeb_CustomerId>
      <grp>8</grp>
      <sgrp>80</sgrp>
      <Discount>0</Discount>
      <sumDiscount>0</sumDiscount>
      <total>1.79</total>
    </product>
    <product>
      <ii>0</ii>
      <CustomerId>ff04a64d-e47f-41d7-bb5a-ba0c07cd5860</CustomerId>
      <Name>BOULGOUR BRUN FINE 1KG- ANAHIT</Name>
      <Desc>BOULGOUR BRUN FIN 1KG ANAHIT MARKAL</Desc>
      <price>1.990</price>
      <priceGros>1.320</priceGros>
      <tva>1</tva>
      <qty>1</qty>
      <CodeBare>[203]</CodeBare>
      <balance>false</balance>
      <contenance>25.000</contenance>
      <uniteContenance>0</uniteContenance>
      <tare>0</tare>
      <date>2017-01-26T10:05:40.167</date>
      <cusumerIdRealStock>d1322768-101f-4dfe-a8c2-e6554c391f18</cusumerIdRealStock>
      <cusumerIdSubGroup>80</cusumerIdSubGroup>
      <ProductsWeb_CustomerId>91df3cf8-5747-4169-ae74-bda4fece62d9</ProductsWeb_CustomerId>
      <grp>8</grp>
      <sgrp>80</sgrp>
      <Discount>0</Discount>
      <sumDiscount>0</sumDiscount>
      <total>1.99</total>
    </product>
  </check>
  <check barcodeCheck="121024700004" Cash="1.7" BankCards="0" BankChecks="0" Resto="0" BondAchat="0" Rendu="0,00" sum="1.7" date="2017-02-06T21:02:47.0259626+01:00">
    <product>
      <ii>0</ii>
      <CustomerId>9538f090-53a6-4914-9aa5-fac0b4797ee3</CustomerId>
      <Name>RIZ PARFUMÉ 1KG</Name>
      <Desc>RIZ PARFUME 1KG ANAHIT</Desc>
      <price>1.700</price>
      <priceGros>0</priceGros>
      <tva>1</tva>
      <qty>1</qty>
      <CodeBare>[220][8000024000408]^1,000[8000024000408]^1,000[8000024000408]^1,000</CodeBare>
      <balance>false</balance>
      <contenance>0</contenance>
      <uniteContenance>0</uniteContenance>
      <tare>0</tare>
      <date>2017-02-06T21:02:36.6195894+01:00</date>
      <cusumerIdRealStock>8d3a2162-9898-4335-aa9b-109b81c9064e</cusumerIdRealStock>
      <cusumerIdSubGroup>57</cusumerIdSubGroup>
      <ProductsWeb_CustomerId>3432e3aa-0979-4b4e-9b91-2efcf23792ac</ProductsWeb_CustomerId>
      <grp>8</grp>
      <sgrp>57</sgrp>
      <Discount>0</Discount>
      <sumDiscount>0</sumDiscount>
      <total>1.7</total>
    </product>
  </check>
  <check barcodeCheck="121035900005" Cash="10" BankCards="1.1" BankChecks="0" Resto="0" BondAchat="0" Rendu="0,00" sum="11.1" date="2017-02-06T21:03:59.1096883+01:00">
    <product>
      <ii>1</ii>
      <CustomerId>ae97f972-a7ad-475b-b384-d89a939eb2c3</CustomerId>
      <Name>CAFE MOULU TURC 250G - MASSAT</Name>
      <Desc></Desc>
      <price>2.40</price>
      <priceGros>1.800</priceGros>
      <tva>1</tva>
      <qty>4</qty>
      <CodeBare>[3325490251143]</CodeBare>
      <balance>false</balance>
      <contenance>24.000</contenance>
      <uniteContenance>0</uniteContenance>
      <tare>0</tare>
      <date>2017-02-01T21:09:32.7818436+01:00</date>
      <cusumerIdRealStock>fdb23436-5ca1-4821-af97-a2373bda0f66</cusumerIdRealStock>
      <cusumerIdSubGroup>83</cusumerIdSubGroup>
      <ProductsWeb_CustomerId>e3dfc169-33d9-41ab-9106-96a931d929eb</ProductsWeb_CustomerId>
      <grp>11</grp>
      <sgrp>83</sgrp>
      <Discount>0</Discount>
      <sumDiscount>0</sumDiscount>
      <total>9.6</total>
    </product>
    <product>
      <ii>0</ii>
      <CustomerId>19d5f7e3-cc2b-4f77-9c96-8d5f4995b40b</CustomerId>
      <Name>BIÈRE BALTIKA 7 5,4% 0,5L</Name>
      <Desc></Desc>
      <price>1.500</price>
      <priceGros>0.900</priceGros>
      <tva>2</tva>
      <qty>1</qty>
      <CodeBare>[4600682511014][4600682407478]^1,000[4600682407478]^1,000</CodeBare>
      <balance>false</balance>
      <contenance>20.000</contenance>
      <uniteContenance>0</uniteContenance>
      <tare>0</tare>
      <date>2017-01-26T12:25:19.283</date>
      <cusumerIdRealStock>8969458b-ccae-460a-a060-0e8baeb4f306</cusumerIdRealStock>
      <cusumerIdSubGroup>79</cusumerIdSubGroup>
      <ProductsWeb_CustomerId>ff4b67f7-2cc9-40cf-b337-096f1c07db41</ProductsWeb_CustomerId>
      <grp>12</grp>
      <sgrp>79</sgrp>
      <Discount>0</Discount>
      <sumDiscount>0</sumDiscount>
      <total>1.5</total>
    </product>
  </check>
  <check barcodeCheck="109133200006" Cash="12.94" BankCards="0" BankChecks="0" Resto="0" BondAchat="0" Rendu="0,00" sum="12.94" date="2017-02-07T09:13:32.121794+01:00">
    <product>
      <ii>1</ii>
      <CustomerId>fe8fd35b-18df-4a89-a14c-4ec97e8a2910</CustomerId>
      <Name>SARRASIN (GRECHKA) ANAHIT 1KG</Name>
      <Desc>SARAZIN 1KG ANAHIT</Desc>
      <price>2.200</price>
      <priceGros>1.390</priceGros>
      <tva>1</tva>
      <qty>1</qty>
      <CodeBare>[217]</CodeBare>
      <balance>false</balance>
      <contenance>50.000</contenance>
      <uniteContenance>0</uniteContenance>
      <tare>0</tare>
      <date>2017-01-20T15:15:12.883</date>
      <cusumerIdRealStock>d18f0331-08ea-48a8-b153-167ac67184eb</cusumerIdRealStock>
      <cusumerIdSubGroup>80</cusumerIdSubGroup>
      <ProductsWeb_CustomerId>468dad0c-48e5-4f8f-9c5c-1edf4f13ffc5</ProductsWeb_CustomerId>
      <grp>8</grp>
      <sgrp>80</sgrp>
      <Discount>0.0</Discount>
      <sumDiscount>0</sumDiscount>
      <total>2.2</total>
    </product>
    <product>
      <ii>0</ii>
      <CustomerId>bbac29b3-4342-4e63-a594-fe22c77c53a9</CustomerId>
      <Name>BOULGOUR BLOND GROS GRAIN 1KG</Name>
      <Desc>BOULGOUR BLOND GROS 1KG ANAHIT</Desc>
      <price>1.790</price>
      <priceGros>1.330</priceGros>
      <tva>1</tva>
      <qty>6</qty>
      <CodeBare>[202]</CodeBare>
      <balance>false</balance>
      <contenance>10.000</contenance>
      <uniteContenance>0</uniteContenance>
      <tare>0</tare>
      <date>2015-03-26T11:41:34.057</date>
      <cusumerIdRealStock>da984831-e57b-4392-b2ff-01bf53a9fb21</cusumerIdRealStock>
      <cusumerIdSubGroup>80</cusumerIdSubGroup>
      <ProductsWeb_CustomerId>f951bb08-3234-4fb5-bafd-fc55eae552ae</ProductsWeb_CustomerId>
      <grp>8</grp>
      <sgrp>80</sgrp>
      <Discount>0.0</Discount>
      <sumDiscount>0</sumDiscount>
      <total>10.74</total>
    </product>
  </check>
  <check barcodeCheck="109250200007" Cash="10.2" BankCards="0" BankChecks="0" Resto="0" BondAchat="0" Rendu="0,00" sum="10.2" date="2017-02-07T09:25:02.0121646+01:00">
    <product>
      <ii>0</ii>
      <CustomerId>9538f090-53a6-4914-9aa5-fac0b4797ee3</CustomerId>
      <Name>RIZ PARFUMÉ 1KG</Name>
      <Desc>RIZ PARFUME 1KG ANAHIT</Desc>
      <price>1.700</price>
      <priceGros>1.170</priceGros>
      <tva>1</tva>
      <qty>6</qty>
      <CodeBare>[220][8000024000408]^1,000[8000024000408]^1,000[8000024000408]^1,000[8000024000408]^1,000[8000024000408]^1,000</CodeBare>
      <balance>false</balance>
      <contenance>0</contenance>
      <uniteContenance>0</uniteContenance>
      <tare>0</tare>
      <date>2017-02-06T21:04:45.2648994+01:00</date>
      <cusumerIdRealStock>8d3a2162-9898-4335-aa9b-109b81c9064e</cusumerIdRealStock>
      <cusumerIdSubGroup>57</cusumerIdSubGroup>
      <ProductsWeb_CustomerId>3432e3aa-0979-4b4e-9b91-2efcf23792ac</ProductsWeb_CustomerId>
      <grp>8</grp>
      <sgrp>57</sgrp>
      <Discount>0.0</Discount>
      <sumDiscount>0</sumDiscount>
      <total>10.2</total>
    </product>
  </check>
  <check barcodeCheck="119144400008" Cash="10.86" BankCards="0" BankChecks="0" Resto="0" BondAchat="0" Rendu="0,00" sum="10.86" date="2017-02-07T19:14:44.6110414+01:00">
    <product>
      <ii>4</ii>
      <CustomerId>fe8fd35b-18df-4a89-a14c-4ec97e8a2910</CustomerId>
      <Name>SARRASIN (GRECHKA) ANAHIT 1KG</Name>
      <Desc>SARAZIN 1KG ANAHIT</Desc>
      <price>2.200</price>
      <priceGros>1.390</priceGros>
      <tva>1</tva>
      <qty>1</qty>
      <CodeBare>[217]</CodeBare>
      <balance>false</balance>
      <contenance>50.000</contenance>
      <uniteContenance>0</uniteContenance>
      <tare>0</tare>
      <date>2017-01-20T15:15:12.883</date>
      <cusumerIdRealStock>d18f0331-08ea-48a8-b153-167ac67184eb</cusumerIdRealStock>
      <cusumerIdSubGroup>80</cusumerIdSubGroup>
      <ProductsWeb_CustomerId>468dad0c-48e5-4f8f-9c5c-1edf4f13ffc5</ProductsWeb_CustomerId>
      <grp>8</grp>
      <sgrp>80</sgrp>
      <Discount>0.0</Discount>
      <sumDiscount>0</sumDiscount>
      <total>2.2</total>
    </product>
    <product>
      <ii>3</ii>
      <CustomerId>bbac29b3-4342-4e63-a594-fe22c77c53a9</CustomerId>
      <Name>BOULGOUR BLOND GROS GRAIN 1KG</Name>
      <Desc>BOULGOUR BLOND GROS 1KG ANAHIT</Desc>
      <price>1.790</price>
      <priceGros>1.330</priceGros>
      <tva>1</tva>
      <qty>1</qty>
      <CodeBare>[202]</CodeBare>
      <balance>false</balance>
      <contenance>10.000</contenance>
      <uniteContenance>0</uniteContenance>
      <tare>0</tare>
      <date>2015-03-26T11:41:34.057</date>
      <cusumerIdRealStock>da984831-e57b-4392-b2ff-01bf53a9fb21</cusumerIdRealStock>
      <cusumerIdSubGroup>80</cusumerIdSubGroup>
      <ProductsWeb_CustomerId>f951bb08-3234-4fb5-bafd-fc55eae552ae</ProductsWeb_CustomerId>
      <grp>8</grp>
      <sgrp>80</sgrp>
      <Discount>0.0</Discount>
      <sumDiscount>0</sumDiscount>
      <total>1.79</total>
    </product>
    <product>
      <ii>2</ii>
      <CustomerId>9538f090-53a6-4914-9aa5-fac0b4797ee3</CustomerId>
      <Name>RIZ PARFUMÉ 1KG</Name>
      <Desc>RIZ PARFUME 1KG ANAHIT</Desc>
      <price>1.700</price>
      <priceGros>1.170</priceGros>
      <tva>1</tva>
      <qty>1</qty>
      <CodeBare>[220][8000024000408]^1,000[8000024000408]^1,000[8000024000408]^1,000[8000024000408]^1,000[8000024000408]^1,000</CodeBare>
      <balance>false</balance>
      <contenance>0</contenance>
      <uniteContenance>0</uniteContenance>
      <tare>0</tare>
      <date>2017-02-06T21:04:45.2648994+01:00</date>
      <cusumerIdRealStock>8d3a2162-9898-4335-aa9b-109b81c9064e</cusumerIdRealStock>
      <cusumerIdSubGroup>57</cusumerIdSubGroup>
      <ProductsWeb_CustomerId>3432e3aa-0979-4b4e-9b91-2efcf23792ac</ProductsWeb_CustomerId>
      <grp>8</grp>
      <sgrp>57</sgrp>
      <Discount>0.0</Discount>
      <sumDiscount>0</sumDiscount>
      <total>1.7</total>
    </product>
    <product>
      <ii>1</ii>
      <CustomerId>db013fe5-5fb6-4250-957b-a02fed826f51</CustomerId>
      <Name>KORKOT 1KG ANAHIT</Name>
      <Desc>KOLKOT 1KG ANAHIT</Desc>
      <price>1.590</price>
      <priceGros>1.100</priceGros>
      <tva>1</tva>
      <qty>1</qty>
      <CodeBare>[216]</CodeBare>
      <balance>false</balance>
      <contenance>25.000</contenance>
      <uniteContenance>0</uniteContenance>
      <tare>0</tare>
      <date>2015-07-06T13:11:50.4</date>
      <cusumerIdRealStock>f4caddf1-97e3-4a1f-8011-b349a7dc7861</cusumerIdRealStock>
      <cusumerIdSubGroup>3</cusumerIdSubGroup>
      <ProductsWeb_CustomerId>705e7bd0-1984-4272-9cfa-6c6c819dc200</ProductsWeb_CustomerId>
      <grp>1</grp>
      <sgrp>3</sgrp>
      <Discount>0.0</Discount>
      <sumDiscount>0</sumDiscount>
      <total>1.59</total>
    </product>
    <product>
      <ii>0</ii>
      <CustomerId>4199fc73-6fd5-4211-9720-fcdbfd457e5f</CustomerId>
      <Name>BLÉ ENTIER 1KG - ANAHIT</Name>
      <Desc>BLE ENTIER 1KG ANAHIT</Desc>
      <price>1.790</price>
      <priceGros>1.320</priceGros>
      <tva>1</tva>
      <qty>2</qty>
      <CodeBare>[200]</CodeBare>
      <balance>false</balance>
      <contenance>1.000</contenance>
      <uniteContenance>0</uniteContenance>
      <tare>0</tare>
      <date>2015-08-12T18:50:06.95</date>
      <cusumerIdRealStock>83cf9d85-2b4c-4858-8026-9db96c0610b0</cusumerIdRealStock>
      <cusumerIdSubGroup>80</cusumerIdSubGroup>
      <ProductsWeb_CustomerId>12e29e50-6cc2-4820-88b3-9d5f1b837fbd</ProductsWeb_CustomerId>
      <grp>8</grp>
      <sgrp>80</sgrp>
      <Discount>0.0</Discount>
      <sumDiscount>0</sumDiscount>
      <total>3.58</total>
    </product>
  </check>
  <check barcodeCheck="119152700009" Cash="13.8" BankCards="0" BankChecks="0" Resto="0" BondAchat="0" Rendu="0,00" sum="13.8" date="2017-02-07T19:15:27.0352117+01:00">
    <product>
      <ii>5</ii>
      <CustomerId>fe8fd35b-18df-4a89-a14c-4ec97e8a2910</CustomerId>
      <Name>SARRASIN (GRECHKA) ANAHIT 1KG</Name>
      <Desc>SARAZIN 1KG ANAHIT</Desc>
      <price>2.200</price>
      <priceGros>1.390</priceGros>
      <tva>1</tva>
      <qty>1</qty>
      <CodeBare>[217]</CodeBare>
      <balance>false</balance>
      <contenance>50.000</contenance>
      <uniteContenance>0</uniteContenance>
      <tare>0</tare>
      <date>2017-01-20T15:15:12.883</date>
      <cusumerIdRealStock>d18f0331-08ea-48a8-b153-167ac67184eb</cusumerIdRealStock>
      <cusumerIdSubGroup>80</cusumerIdSubGroup>
      <ProductsWeb_CustomerId>468dad0c-48e5-4f8f-9c5c-1edf4f13ffc5</ProductsWeb_CustomerId>
      <grp>8</grp>
      <sgrp>80</sgrp>
      <Discount>0</Discount>
      <sumDiscount>0</sumDiscount>
      <total>2.2</total>
    </product>
    <product>
      <ii>4</ii>
      <CustomerId>6b6a03c5-c5c4-44ac-b61d-837a314b7cc9</CustomerId>
      <Name>POIS VERT PETITE SEC 1KG</Name>
      <Desc>PETIT POUS VERT 1KG</Desc>
      <price>1.490</price>
      <priceGros>1.490</priceGros>
      <tva>1</tva>
      <qty>2</qty>
      <CodeBare>[221]</CodeBare>
      <balance>false</balance>
      <contenance>5.000</contenance>
      <uniteContenance>0</uniteContenance>
      <tare>0</tare>
      <date>2015-07-06T13:19:58.757</date>
      <cusumerIdRealStock>028352cd-a83e-4505-a5bf-a107a6ef86a7</cusumerIdRealStock>
      <cusumerIdSubGroup>80</cusumerIdSubGroup>
      <ProductsWeb_CustomerId>fb49f0fe-cb7a-4c71-80c8-aa936a3420d7</ProductsWeb_CustomerId>
      <grp>8</grp>
      <sgrp>80</sgrp>
      <Discount>0</Discount>
      <sumDiscount>0</sumDiscount>
      <total>2.98</total>
    </product>
    <product>
      <ii>3</ii>
      <CustomerId>9538f090-53a6-4914-9aa5-fac0b4797ee3</CustomerId>
      <Name>RIZ PARFUMÉ 1KG</Name>
      <Desc>RIZ PARFUME 1KG ANAHIT</Desc>
      <price>1.700</price>
      <priceGros>1.170</priceGros>
      <tva>1</tva>
      <qty>1</qty>
      <CodeBare>[220][8000024000408]^1,000[8000024000408]^1,000[8000024000408]^1,000[8000024000408]^1,000[8000024000408]^1,000</CodeBare>
      <balance>false</balance>
      <contenance>0</contenance>
      <uniteContenance>0</uniteContenance>
      <tare>0</tare>
      <date>2017-02-06T21:04:45.2648994+01:00</date>
      <cusumerIdRealStock>8d3a2162-9898-4335-aa9b-109b81c9064e</cusumerIdRealStock>
      <cusumerIdSubGroup>57</cusumerIdSubGroup>
      <ProductsWeb_CustomerId>3432e3aa-0979-4b4e-9b91-2efcf23792ac</ProductsWeb_CustomerId>
      <grp>8</grp>
      <sgrp>57</sgrp>
      <Discount>0</Discount>
      <sumDiscount>0</sumDiscount>
      <total>1.7</total>
    </product>
    <product>
      <ii>2</ii>
      <CustomerId>c7672caf-4ad9-40a2-9c47-634b9b51c89d</CustomerId>
      <Name>BOULGOUR BLOND 1KG - ANAHIT</Name>
      <Desc>BOULGOUR BLOND FIN 1KG ANAHIT</Desc>
      <price>1.75</price>
      <priceGros>1.790</priceGros>
      <tva>1</tva>
      <qty>1</qty>
      <CodeBare>[201]</CodeBare>
      <balance>false</balance>
      <contenance>25.000</contenance>
      <uniteContenance>0</uniteContenance>
      <tare>0</tare>
      <date>2017-02-06T21:12:31.5925253+01:00</date>
      <cusumerIdRealStock>e2d81bb1-b4a7-4d52-9f01-56b91fadee26</cusumerIdRealStock>
      <cusumerIdSubGroup>57</cusumerIdSubGroup>
      <ProductsWeb_CustomerId>4ca2c0d2-51f6-4585-8667-7c856fcb4409</ProductsWeb_CustomerId>
      <grp>8</grp>
      <sgrp>57</sgrp>
      <Discount>0</Discount>
      <sumDiscount>0</sumDiscount>
      <total>1.75</total>
    </product>
    <product>
      <ii>1</ii>
      <CustomerId>db013fe5-5fb6-4250-957b-a02fed826f51</CustomerId>
      <Name>KORKOT 1KG ANAHIT</Name>
      <Desc>KOLKOT 1KG ANAHIT</Desc>
      <price>1.590</price>
      <priceGros>1.100</priceGros>
      <tva>1</tva>
      <qty>1</qty>
      <CodeBare>[216]</CodeBare>
      <balance>false</balance>
      <contenance>25.000</contenance>
      <uniteContenance>0</uniteContenance>
      <tare>0</tare>
      <date>2015-07-06T13:11:50.4</date>
      <cusumerIdRealStock>f4caddf1-97e3-4a1f-8011-b349a7dc7861</cusumerIdRealStock>
      <cusumerIdSubGroup>3</cusumerIdSubGroup>
      <ProductsWeb_CustomerId>705e7bd0-1984-4272-9cfa-6c6c819dc200</ProductsWeb_CustomerId>
      <grp>1</grp>
      <sgrp>3</sgrp>
      <Discount>0</Discount>
      <sumDiscount>0</sumDiscount>
      <total>1.59</total>
    </product>
    <product>
      <ii>0</ii>
      <CustomerId>4199fc73-6fd5-4211-9720-fcdbfd457e5f</CustomerId>
      <Name>BLÉ ENTIER 1KG - ANAHIT</Name>
      <Desc>BLE ENTIER 1KG ANAHIT</Desc>
      <price>1.790</price>
      <priceGros>1.320</priceGros>
      <tva>1</tva>
      <qty>2</qty>
      <CodeBare>[200]</CodeBare>
      <balance>false</balance>
      <contenance>1.000</contenance>
      <uniteContenance>0</uniteContenance>
      <tare>0</tare>
      <date>2015-08-12T18:50:06.95</date>
      <cusumerIdRealStock>83cf9d85-2b4c-4858-8026-9db96c0610b0</cusumerIdRealStock>
      <cusumerIdSubGroup>80</cusumerIdSubGroup>
      <ProductsWeb_CustomerId>12e29e50-6cc2-4820-88b3-9d5f1b837fbd</ProductsWeb_CustomerId>
      <grp>8</grp>
      <sgrp>80</sgrp>
      <Discount>0</Discount>
      <sumDiscount>0</sumDiscount>
      <total>3.58</total>
    </product>
  </check>
  <check barcodeCheck="119153000010" Cash="0" BankCards="15.58" BankChecks="0" Resto="0" BondAchat="0" Rendu="0,00" sum="15.58" date="2017-02-07T19:15:30.5899145+01:00">
    <product>
      <ii>6</ii>
      <CustomerId>4199fc73-6fd5-4211-9720-fcdbfd457e5f</CustomerId>
      <Name>BLÉ ENTIER 1KG - ANAHIT</Name>
      <Desc>BLE ENTIER 1KG ANAHIT</Desc>
      <price>1.790</price>
      <priceGros>1.320</priceGros>
      <tva>1</tva>
      <qty>1</qty>
      <CodeBare>[200]</CodeBare>
      <balance>false</balance>
      <contenance>1.000</contenance>
      <uniteContenance>0</uniteContenance>
      <tare>0</tare>
      <date>2015-08-12T18:50:06.95</date>
      <cusumerIdRealStock>83cf9d85-2b4c-4858-8026-9db96c0610b0</cusumerIdRealStock>
      <cusumerIdSubGroup>80</cusumerIdSubGroup>
      <ProductsWeb_CustomerId>12e29e50-6cc2-4820-88b3-9d5f1b837fbd</ProductsWeb_CustomerId>
      <grp>8</grp>
      <sgrp>80</sgrp>
      <Discount>0</Discount>
      <sumDiscount>0</sumDiscount>
      <total>1.79</total>
    </product>
    <product>
      <ii>5</ii>
      <CustomerId>bbac29b3-4342-4e63-a594-fe22c77c53a9</CustomerId>
      <Name>BOULGOUR BLOND GROS GRAIN 1KG</Name>
      <Desc>BOULGOUR BLOND GROS 1KG ANAHIT</Desc>
      <price>1.790</price>
      <priceGros>1.330</priceGros>
      <tva>1</tva>
      <qty>1</qty>
      <CodeBare>[202]</CodeBare>
      <balance>false</balance>
      <contenance>10.000</contenance>
      <uniteContenance>0</uniteContenance>
      <tare>0</tare>
      <date>2015-03-26T11:41:34.057</date>
      <cusumerIdRealStock>da984831-e57b-4392-b2ff-01bf53a9fb21</cusumerIdRealStock>
      <cusumerIdSubGroup>80</cusumerIdSubGroup>
      <ProductsWeb_CustomerId>f951bb08-3234-4fb5-bafd-fc55eae552ae</ProductsWeb_CustomerId>
      <grp>8</grp>
      <sgrp>80</sgrp>
      <Discount>0</Discount>
      <sumDiscount>0</sumDiscount>
      <total>1.79</total>
    </product>
    <product>
      <ii>4</ii>
      <CustomerId>9538f090-53a6-4914-9aa5-fac0b4797ee3</CustomerId>
      <Name>RIZ PARFUMÉ 1KG</Name>
      <Desc>RIZ PARFUME 1KG ANAHIT</Desc>
      <price>1.700</price>
      <priceGros>1.170</priceGros>
      <tva>1</tva>
      <qty>1</qty>
      <CodeBare>[220][8000024000408]^1,000[8000024000408]^1,000[8000024000408]^1,000[8000024000408]^1,000[8000024000408]^1,000</CodeBare>
      <balance>false</balance>
      <contenance>0</contenance>
      <uniteContenance>0</uniteContenance>
      <tare>0</tare>
      <date>2017-02-06T21:04:45.2648994+01:00</date>
      <cusumerIdRealStock>8d3a2162-9898-4335-aa9b-109b81c9064e</cusumerIdRealStock>
      <cusumerIdSubGroup>57</cusumerIdSubGroup>
      <ProductsWeb_CustomerId>3432e3aa-0979-4b4e-9b91-2efcf23792ac</ProductsWeb_CustomerId>
      <grp>8</grp>
      <sgrp>57</sgrp>
      <Discount>0</Discount>
      <sumDiscount>0</sumDiscount>
      <total>1.7</total>
    </product>
    <product>
      <ii>3</ii>
      <CustomerId>d8af056f-8f5f-4a2f-a10e-bd04e6cf11c3</CustomerId>
      <Name>RIZ JAUNE 1KG ANAHIT</Name>
      <Desc></Desc>
      <price>1.590</price>
      <priceGros>1.160</priceGros>
      <tva>1</tva>
      <qty>1</qty>
      <CodeBare>[213]</CodeBare>
      <balance>false</balance>
      <contenance>10.000</contenance>
      <uniteContenance>0</uniteContenance>
      <tare>0</tare>
      <date>2017-01-24T12:49:07.71</date>
      <cusumerIdRealStock>527ebd45-015a-4d61-a84b-6c827c0a4c08</cusumerIdRealStock>
      <cusumerIdSubGroup>57</cusumerIdSubGroup>
      <ProductsWeb_CustomerId>452f3a1b-23be-4588-b2b4-8a22b267867e</ProductsWeb_CustomerId>
      <grp>8</grp>
      <sgrp>57</sgrp>
      <Discount>0</Discount>
      <sumDiscount>0</sumDiscount>
      <total>1.59</total>
    </product>
    <product>
      <ii>2</ii>
      <CustomerId>c7672caf-4ad9-40a2-9c47-634b9b51c89d</CustomerId>
      <Name>BOULGOUR BLOND 1KG - ANAHIT</Name>
      <Desc>BOULGOUR BLOND FIN 1KG ANAHIT</Desc>
      <price>1.75</price>
      <priceGros>1.790</priceGros>
      <tva>1</tva>
      <qty>1</qty>
      <CodeBare>[201]</CodeBare>
      <balance>false</balance>
      <contenance>25.000</contenance>
      <uniteContenance>0</uniteContenance>
      <tare>0</tare>
      <date>2017-02-06T21:12:31.5925253+01:00</date>
      <cusumerIdRealStock>e2d81bb1-b4a7-4d52-9f01-56b91fadee26</cusumerIdRealStock>
      <cusumerIdSubGroup>57</cusumerIdSubGroup>
      <ProductsWeb_CustomerId>4ca2c0d2-51f6-4585-8667-7c856fcb4409</ProductsWeb_CustomerId>
      <grp>8</grp>
      <sgrp>57</sgrp>
      <Discount>0</Discount>
      <sumDiscount>0</sumDiscount>
      <total>1.75</total>
    </product>
    <product>
      <ii>1</ii>
      <CustomerId>6b6a03c5-c5c4-44ac-b61d-837a314b7cc9</CustomerId>
      <Name>POIS VERT PETITE SEC 1KG</Name>
      <Desc>PETIT POUS VERT 1KG</Desc>
      <price>1.490</price>
      <priceGros>1.490</priceGros>
      <tva>1</tva>
      <qty>2</qty>
      <CodeBare>[221]</CodeBare>
      <balance>false</balance>
      <contenance>5.000</contenance>
      <uniteContenance>0</uniteContenance>
      <tare>0</tare>
      <date>2015-07-06T13:19:58.757</date>
      <cusumerIdRealStock>028352cd-a83e-4505-a5bf-a107a6ef86a7</cusumerIdRealStock>
      <cusumerIdSubGroup>80</cusumerIdSubGroup>
      <ProductsWeb_CustomerId>fb49f0fe-cb7a-4c71-80c8-aa936a3420d7</ProductsWeb_CustomerId>
      <grp>8</grp>
      <sgrp>80</sgrp>
      <Discount>0</Discount>
      <sumDiscount>0</sumDiscount>
      <total>2.98</total>
    </product>
    <product>
      <ii>0</ii>
      <CustomerId>dae77fff-0254-475f-83bb-e53ad9c07e8f</CustomerId>
      <Name>HARICOT COCO ROSE 1KG - ANAHIT</Name>
      <Desc>HARICOT COCO ROSE 1KG ANAHIT</Desc>
      <price>1.990</price>
      <priceGros>1.990</priceGros>
      <tva>1</tva>
      <qty>2</qty>
      <CodeBare>[224]</CodeBare>
      <balance>false</balance>
      <contenance>10.000</contenance>
      <uniteContenance>0</uniteContenance>
      <tare>0</tare>
      <date>2015-05-25T12:07:09.983</date>
      <cusumerIdRealStock>84cdbc47-47ad-4266-9f49-bda9267a6846</cusumerIdRealStock>
      <cusumerIdSubGroup>80</cusumerIdSubGroup>
      <ProductsWeb_CustomerId>8abd8bfc-0d41-44f9-bc9d-ee89650c6194</ProductsWeb_CustomerId>
      <grp>8</grp>
      <sgrp>80</sgrp>
      <Discount>0</Discount>
      <sumDiscount>0</sumDiscount>
      <total>3.98</total>
    </product>
  </check>
  <check barcodeCheck="119153400011" Cash="0" BankCards="24.83" BankChecks="0" Resto="0" BondAchat="0" Rendu="0,00" sum="24.83" date="2017-02-07T19:15:34.6677731+01:00">
    <product>
      <ii>6</ii>
      <CustomerId>9538f090-53a6-4914-9aa5-fac0b4797ee3</CustomerId>
      <Name>RIZ PARFUMÉ 1KG</Name>
      <Desc>RIZ PARFUME 1KG ANAHIT</Desc>
      <price>1.700</price>
      <priceGros>1.170</priceGros>
      <tva>1</tva>
      <qty>1</qty>
      <CodeBare>[220][8000024000408]^1,000[8000024000408]^1,000[8000024000408]^1,000[8000024000408]^1,000[8000024000408]^1,000</CodeBare>
      <balance>false</balance>
      <contenance>0</contenance>
      <uniteContenance>0</uniteContenance>
      <tare>0</tare>
      <date>2017-02-06T21:04:45.2648994+01:00</date>
      <cusumerIdRealStock>8d3a2162-9898-4335-aa9b-109b81c9064e</cusumerIdRealStock>
      <cusumerIdSubGroup>57</cusumerIdSubGroup>
      <ProductsWeb_CustomerId>3432e3aa-0979-4b4e-9b91-2efcf23792ac</ProductsWeb_CustomerId>
      <grp>8</grp>
      <sgrp>57</sgrp>
      <Discount>0</Discount>
      <sumDiscount>0</sumDiscount>
      <total>1.7</total>
    </product>
    <product>
      <ii>5</ii>
      <CustomerId>4199fc73-6fd5-4211-9720-fcdbfd457e5f</CustomerId>
      <Name>BLÉ ENTIER 1KG - ANAHIT</Name>
      <Desc>BLE ENTIER 1KG ANAHIT</Desc>
      <price>1.790</price>
      <priceGros>1.320</priceGros>
      <tva>1</tva>
      <qty>1</qty>
      <CodeBare>[200]</CodeBare>
      <balance>false</balance>
      <contenance>1.000</contenance>
      <uniteContenance>0</uniteContenance>
      <tare>0</tare>
      <date>2015-08-12T18:50:06.95</date>
      <cusumerIdRealStock>83cf9d85-2b4c-4858-8026-9db96c0610b0</cusumerIdRealStock>
      <cusumerIdSubGroup>80</cusumerIdSubGroup>
      <ProductsWeb_CustomerId>12e29e50-6cc2-4820-88b3-9d5f1b837fbd</ProductsWeb_CustomerId>
      <grp>8</grp>
      <sgrp>80</sgrp>
      <Discount>0</Discount>
      <sumDiscount>0</sumDiscount>
      <total>1.79</total>
    </product>
    <product>
      <ii>4</ii>
      <CustomerId>6b6a03c5-c5c4-44ac-b61d-837a314b7cc9</CustomerId>
      <Name>POIS VERT PETITE SEC 1KG</Name>
      <Desc>PETIT POUS VERT 1KG</Desc>
      <price>1.490</price>
      <priceGros>1.490</priceGros>
      <tva>1</tva>
      <qty>2</qty>
      <CodeBare>[221]</CodeBare>
      <balance>false</balance>
      <contenance>5.000</contenance>
      <uniteContenance>0</uniteContenance>
      <tare>0</tare>
      <date>2015-07-06T13:19:58.757</date>
      <cusumerIdRealStock>028352cd-a83e-4505-a5bf-a107a6ef86a7</cusumerIdRealStock>
      <cusumerIdSubGroup>80</cusumerIdSubGroup>
      <ProductsWeb_CustomerId>fb49f0fe-cb7a-4c71-80c8-aa936a3420d7</ProductsWeb_CustomerId>
      <grp>8</grp>
      <sgrp>80</sgrp>
      <Discount>0</Discount>
      <sumDiscount>0</sumDiscount>
      <total>2.98</total>
    </product>
    <product>
      <ii>3</ii>
      <CustomerId>299be66b-5dde-436b-851c-af85162041cb</CustomerId>
      <Name>FÈVES CASSÉES DECO ANAHIT 800G</Name>
      <Desc>FEVE CASSE KG ANAHIT</Desc>
      <price>1.990</price>
      <priceGros>1.400</priceGros>
      <tva>1</tva>
      <qty>1</qty>
      <CodeBare>[3700066101242]</CodeBare>
      <balance>false</balance>
      <contenance>10.000</contenance>
      <uniteContenance>0</uniteContenance>
      <tare>0</tare>
      <date>2017-01-27T16:49:52.317</date>
      <cusumerIdRealStock>fdcb82fb-b43b-44a2-9dbf-5d61fe347365</cusumerIdRealStock>
      <cusumerIdSubGroup>80</cusumerIdSubGroup>
      <ProductsWeb_CustomerId>01a291d3-7816-43b9-bd9a-96692c4e76ec</ProductsWeb_CustomerId>
      <grp>8</grp>
      <sgrp>80</sgrp>
      <Discount>0</Discount>
      <sumDiscount>0</sumDiscount>
      <total>1.99</total>
    </product>
    <product>
      <ii>2</ii>
      <CustomerId>bbef6ef4-e1cd-400f-a7db-33c01246e4ae</CustomerId>
      <Name>HARICOT GEANT 800G ANAHIT</Name>
      <Desc></Desc>
      <price>3.200</price>
      <priceGros>2.220</priceGros>
      <tva>1</tva>
      <qty>2</qty>
      <CodeBare>[327049210005]</CodeBare>
      <balance>false</balance>
      <contenance>12.000</contenance>
      <uniteContenance>0</uniteContenance>
      <tare>0</tare>
      <date>2016-11-07T12:45:40.9</date>
      <cusumerIdRealStock>1fa06ef9-55b6-4243-b7b2-aa36f4c71367</cusumerIdRealStock>
      <cusumerIdSubGroup>80</cusumerIdSubGroup>
      <ProductsWeb_CustomerId>e69b9fc8-8fb8-4f45-885b-b9745b7eacfa</ProductsWeb_CustomerId>
      <grp>8</grp>
      <sgrp>80</sgrp>
      <Discount>0</Discount>
      <sumDiscount>0</sumDiscount>
      <total>6.4</total>
    </product>
    <product>
      <ii>1</ii>
      <CustomerId>dae77fff-0254-475f-83bb-e53ad9c07e8f</CustomerId>
      <Name>HARICOT COCO ROSE 1KG - ANAHIT</Name>
      <Desc>HARICOT COCO ROSE 1KG ANAHIT</Desc>
      <price>1.990</price>
      <priceGros>1.990</priceGros>
      <tva>1</tva>
      <qty>1</qty>
      <CodeBare>[224]</CodeBare>
      <balance>false</balance>
      <contenance>10.000</contenance>
      <uniteContenance>0</uniteContenance>
      <tare>0</tare>
      <date>2015-05-25T12:07:09.983</date>
      <cusumerIdRealStock>84cdbc47-47ad-4266-9f49-bda9267a6846</cusumerIdRealStock>
      <cusumerIdSubGroup>80</cusumerIdSubGroup>
      <ProductsWeb_CustomerId>8abd8bfc-0d41-44f9-bc9d-ee89650c6194</ProductsWeb_CustomerId>
      <grp>8</grp>
      <sgrp>80</sgrp>
      <Discount>0</Discount>
      <sumDiscount>0</sumDiscount>
      <total>1.99</total>
    </product>
    <product>
      <ii>0</ii>
      <CustomerId>6ec528c1-d65c-42ed-8c79-ce3ba391ac93</CustomerId>
      <Name>ÉPEAUTRE  ADJAR ANAHIT AU KG</Name>
      <Desc></Desc>
      <price>3.990</price>
      <priceGros>2.750</priceGros>
      <tva>1</tva>
      <qty>2</qty>
      <CodeBare>[650047885943]</CodeBare>
      <balance>false</balance>
      <contenance>50.000</contenance>
      <uniteContenance>0</uniteContenance>
      <tare>0</tare>
      <date>2017-01-26T10:05:29.997</date>
      <cusumerIdRealStock>ee6a4140-c8b8-41a4-bd86-aa8c1716f9a3</cusumerIdRealStock>
      <cusumerIdSubGroup>57</cusumerIdSubGroup>
      <ProductsWeb_CustomerId>29321026-275e-4512-b743-3b7986c452b2</ProductsWeb_CustomerId>
      <grp>8</grp>
      <sgrp>57</sgrp>
      <Discount>0</Discount>
      <sumDiscount>0</sumDiscount>
      <total>7.98</total>
    </product>
  </check>
  <check barcodeCheck="119190000012" Cash="9.44" BankCards="0" BankChecks="0" Resto="0" BondAchat="0" Rendu="0,00" sum="9.44" date="2017-02-07T19:19:00.1930559+01:00">
    <product>
      <ii>1</ii>
      <CustomerId>c9421428-7950-43ec-86d4-7848c92470ef</CustomerId>
      <Name>FEVE GROSSE ENTIER ANAHIT 800G</Name>
      <Desc>FOUL ENTIER 1KG ANAHIT</Desc>
      <price>1.990</price>
      <priceGros>1.930</priceGros>
      <tva>1</tva>
      <qty>1</qty>
      <CodeBare>[205]</CodeBare>
      <balance>false</balance>
      <contenance>10.000</contenance>
      <uniteContenance>0</uniteContenance>
      <tare>0</tare>
      <date>2016-12-16T12:42:40.163</date>
      <cusumerIdRealStock>f58e82a8-4c72-4550-8982-1db6e7ea933d</cusumerIdRealStock>
      <cusumerIdSubGroup>80</cusumerIdSubGroup>
      <ProductsWeb_CustomerId>33b0617b-5bd0-4020-ad00-b2b3345bd3c5</ProductsWeb_CustomerId>
      <grp>8</grp>
      <sgrp>80</sgrp>
      <Discount>0.0</Discount>
      <sumDiscount>0</sumDiscount>
      <total>1.99</total>
    </product>
    <product>
      <ii>0</ii>
      <CustomerId>6b6a03c5-c5c4-44ac-b61d-837a314b7cc9</CustomerId>
      <Name>POIS VERT PETITE SEC 1KG</Name>
      <Desc>PETIT POUS VERT 1KG</Desc>
      <price>1.490</price>
      <priceGros>1.490</priceGros>
      <tva>1</tva>
      <qty>5</qty>
      <CodeBare>[221]</CodeBare>
      <balance>false</balance>
      <contenance>5.000</contenance>
      <uniteContenance>0</uniteContenance>
      <tare>0</tare>
      <date>2015-07-06T13:19:58.757</date>
      <cusumerIdRealStock>028352cd-a83e-4505-a5bf-a107a6ef86a7</cusumerIdRealStock>
      <cusumerIdSubGroup>80</cusumerIdSubGroup>
      <ProductsWeb_CustomerId>fb49f0fe-cb7a-4c71-80c8-aa936a3420d7</ProductsWeb_CustomerId>
      <grp>8</grp>
      <sgrp>80</sgrp>
      <Discount>0.0</Discount>
      <sumDiscount>0</sumDiscount>
      <total>7.45</total>
    </product>
  </check>
  <check barcodeCheck="120051700013" Cash="14.85" BankCards="0" BankChecks="0" Resto="0" BondAchat="0" Rendu="0,00" sum="14.85" date="2017-02-07T20:05:17.8651263+01:00">
    <product>
      <ii>3</ii>
      <CustomerId>97bc4e8f-6fa4-4f43-8055-91ef012b7ba9</CustomerId>
      <Name>LAVASH - PAIN ARMENIEN</Name>
      <Desc>PAIN ARMENIEN</Desc>
      <price>1.99</price>
      <priceGros>1.360</priceGros>
      <tva>1</tva>
      <qty>1</qty>
      <CodeBare>[23]</CodeBare>
      <balance>false</balance>
      <contenance>0</contenance>
      <uniteContenance>0</uniteContenance>
      <tare>0</tare>
      <date>2017-02-06T21:11:34.8625272+01:00</date>
      <cusumerIdRealStock>9180425d-d6d0-450b-93be-a21a97e1594d</cusumerIdRealStock>
      <cusumerIdSubGroup>72</cusumerIdSubGroup>
      <ProductsWeb_CustomerId>ba002d99-455e-422e-90f2-6c07359d0da0</ProductsWeb_CustomerId>
      <grp>10</grp>
      <sgrp>72</sgrp>
      <Discount>0.0</Discount>
      <sumDiscount>0</sumDiscount>
      <total>1.99</total>
    </product>
    <product>
      <ii>2</ii>
      <CustomerId>299be66b-5dde-436b-851c-af85162041cb</CustomerId>
      <Name>FÈVES CASSÉES DECO ANAHIT 800G</Name>
      <Desc>FEVE CASSE KG ANAHIT</Desc>
      <price>1.990</price>
      <priceGros>1.400</priceGros>
      <tva>1</tva>
      <qty>2</qty>
      <CodeBare>[3700066101242]</CodeBare>
      <balance>false</balance>
      <contenance>10.000</contenance>
      <uniteContenance>0</uniteContenance>
      <tare>0</tare>
      <date>2017-01-27T16:49:52.317</date>
      <cusumerIdRealStock>fdcb82fb-b43b-44a2-9dbf-5d61fe347365</cusumerIdRealStock>
      <cusumerIdSubGroup>80</cusumerIdSubGroup>
      <ProductsWeb_CustomerId>01a291d3-7816-43b9-bd9a-96692c4e76ec</ProductsWeb_CustomerId>
      <grp>8</grp>
      <sgrp>80</sgrp>
      <Discount>0.0</Discount>
      <sumDiscount>0</sumDiscount>
      <total>3.98</total>
    </product>
    <product>
      <ii>1</ii>
      <CustomerId>6ec528c1-d65c-42ed-8c79-ce3ba391ac93</CustomerId>
      <Name>ÉPEAUTRE  ADJAR ANAHIT AU KG</Name>
      <Desc></Desc>
      <price>3.990</price>
      <priceGros>2.750</priceGros>
      <tva>1</tva>
      <qty>2</qty>
      <CodeBare>[650047885943]</CodeBare>
      <balance>false</balance>
      <contenance>50.000</contenance>
      <uniteContenance>0</uniteContenance>
      <tare>0</tare>
      <date>2017-01-26T10:05:29.997</date>
      <cusumerIdRealStock>ee6a4140-c8b8-41a4-bd86-aa8c1716f9a3</cusumerIdRealStock>
      <cusumerIdSubGroup>57</cusumerIdSubGroup>
      <ProductsWeb_CustomerId>29321026-275e-4512-b743-3b7986c452b2</ProductsWeb_CustomerId>
      <grp>8</grp>
      <sgrp>57</sgrp>
      <Discount>0.0</Discount>
      <sumDiscount>0</sumDiscount>
      <total>7.98</total>
    </product>
    <product>
      <ii>0</ii>
      <CustomerId>aff100bd-7dd0-434d-bb4d-2180ea8fbe8a</CustomerId>
      <Name>PAIN LIBANAIS</Name>
      <Desc>PAIN LIBANNAIS</Desc>
      <price>0.90</price>
      <priceGros>0.600</priceGros>
      <tva>1</tva>
      <qty>1</qty>
      <CodeBare>[25]</CodeBare>
      <balance>false</balance>
      <contenance>0</contenance>
      <uniteContenance>0</uniteContenance>
      <tare>0</tare>
      <date>2017-02-06T21:11:57.7456039+01:00</date>
      <cusumerIdRealStock>b7c83d3b-0151-4cbd-aa44-ebe9f20e749e</cusumerIdRealStock>
      <cusumerIdSubGroup>72</cusumerIdSubGroup>
      <ProductsWeb_CustomerId>2b0a18a0-297d-4527-87fa-1af70b25c2cc</ProductsWeb_CustomerId>
      <grp>10</grp>
      <sgrp>72</sgrp>
      <Discount>0.0</Discount>
      <sumDiscount>0</sumDiscount>
      <total>0.9</total>
    </product>
  </check>
  <check barcodeCheck="120414300014" Cash="12.75" BankCards="0" BankChecks="0" Resto="0" BondAchat="0" Rendu="0,00" sum="12.75" date="2017-02-07T20:41:43.8891675+01:00">
    <product>
      <ii>4</ii>
      <CustomerId>fd0cc36a-cd3c-4aab-bb01-b976e976868f</CustomerId>
      <Name>CUISSE DE POULET AU KG</Name>
      <Desc>CUISSE DE POULET 10KG</Desc>
      <price>2.500</price>
      <priceGros>1.530</priceGros>
      <tva>1</tva>
      <qty>0.505</qty>
      <CodeBare>[2500470]</CodeBare>
      <balance>true</balance>
      <contenance>0.505</contenance>
      <uniteContenance>0</uniteContenance>
      <tare>0</tare>
      <date>2017-01-24T15:49:42.85</date>
      <cusumerIdRealStock>59a227cd-1bc4-4cb5-a9c0-4f13cc9aafa7</cusumerIdRealStock>
      <cusumerIdSubGroup>53</cusumerIdSubGroup>
      <ProductsWeb_CustomerId>fbabc89c-2c83-4c7d-89e5-1ffe6f694dce</ProductsWeb_CustomerId>
      <grp>7</grp>
      <sgrp>53</sgrp>
      <Discount>0.0</Discount>
      <sumDiscount>0</sumDiscount>
      <total>1.26</total>
    </product>
    <product>
      <ii>3</ii>
      <CustomerId>e3fe5539-2e29-425e-8e56-5cbccb85b2b8</CustomerId>
      <Name>PAIN ROND</Name>
      <Desc>PAIN ROND (FARINE, SUCRE, FARINE, SUCRE, FARINE, SUCRE, FARINE, SUCRE, )</Desc>
      <price>0.800</price>
      <priceGros>0.700</priceGros>
      <tva>1</tva>
      <qty>2</qty>
      <CodeBare>[21]</CodeBare>
      <balance>false</balance>
      <contenance>0</contenance>
      <uniteContenance>0</uniteContenance>
      <tare>0</tare>
      <date>2017-01-16T13:18:44.233</date>
      <cusumerIdRealStock>98b7c9a7-c900-4d56-9cf4-98e54e5e933e</cusumerIdRealStock>
      <cusumerIdSubGroup>72</cusumerIdSubGroup>
      <ProductsWeb_CustomerId>0e39bb2b-0ac4-4af4-828d-6f85d541cb4f</ProductsWeb_CustomerId>
      <grp>10</grp>
      <sgrp>72</sgrp>
      <Discount>0.0</Discount>
      <sumDiscount>0</sumDiscount>
      <total>1.6</total>
    </product>
    <product>
      <ii>2</ii>
      <CustomerId>94ebdf0e-c733-49a5-851f-c73fdea67bae</CustomerId>
      <Name>PASTÈQUE PAR PIÉCE</Name>
      <Desc>PASTÈQUE GRAND PIÈCE</Desc>
      <price>3.500</price>
      <priceGros>0.000</priceGros>
      <tva>1</tva>
      <qty>1</qty>
      <CodeBare>[]</CodeBare>
      <balance>false</balance>
      <contenance>0</contenance>
      <uniteContenance>0</uniteContenance>
      <tare>0</tare>
      <date>2015-08-11T12:42:03.15</date>
      <cusumerIdRealStock>5e2782ef-c6e6-4711-b05b-52211aa6980c</cusumerIdRealStock>
      <cusumerIdSubGroup>14</cusumerIdSubGroup>
      <ProductsWeb_CustomerId>26295953-6f2f-4db5-ac91-6cb735198a1b</ProductsWeb_CustomerId>
      <grp>2</grp>
      <sgrp>14</sgrp>
      <Discount>0.0</Discount>
      <sumDiscount>0</sumDiscount>
      <total>3.5</total>
    </product>
    <product>
      <ii>1</ii>
      <CustomerId>c9421428-7950-43ec-86d4-7848c92470ef</CustomerId>
      <Name>FEVE GROSSE ENTIER ANAHIT 800G</Name>
      <Desc>FOUL ENTIER 1KG ANAHIT</Desc>
      <price>1.990</price>
      <priceGros>1.930</priceGros>
      <tva>1</tva>
      <qty>1</qty>
      <CodeBare>[205]</CodeBare>
      <balance>false</balance>
      <contenance>10.000</contenance>
      <uniteContenance>0</uniteContenance>
      <tare>0</tare>
      <date>2016-12-16T12:42:40.163</date>
      <cusumerIdRealStock>f58e82a8-4c72-4550-8982-1db6e7ea933d</cusumerIdRealStock>
      <cusumerIdSubGroup>80</cusumerIdSubGroup>
      <ProductsWeb_CustomerId>33b0617b-5bd0-4020-ad00-b2b3345bd3c5</ProductsWeb_CustomerId>
      <grp>8</grp>
      <sgrp>80</sgrp>
      <Discount>0.0</Discount>
      <sumDiscount>0</sumDiscount>
      <total>1.99</total>
    </product>
    <product>
      <ii>0</ii>
      <CustomerId>fe8fd35b-18df-4a89-a14c-4ec97e8a2910</CustomerId>
      <Name>SARRASIN (GRECHKA) ANAHIT 1KG</Name>
      <Desc>SARAZIN 1KG ANAHIT</Desc>
      <price>2.200</price>
      <priceGros>1.390</priceGros>
      <tva>1</tva>
      <qty>2</qty>
      <CodeBare>[217]</CodeBare>
      <balance>false</balance>
      <contenance>50.000</contenance>
      <uniteContenance>0</uniteContenance>
      <tare>0</tare>
      <date>2017-01-20T15:15:12.883</date>
      <cusumerIdRealStock>d18f0331-08ea-48a8-b153-167ac67184eb</cusumerIdRealStock>
      <cusumerIdSubGroup>80</cusumerIdSubGroup>
      <ProductsWeb_CustomerId>468dad0c-48e5-4f8f-9c5c-1edf4f13ffc5</ProductsWeb_CustomerId>
      <grp>8</grp>
      <sgrp>80</sgrp>
      <Discount>0.0</Discount>
      <sumDiscount>0</sumDiscount>
      <total>4.4</total>
    </product>
  </check>
  <check barcodeCheck="120414600015" Cash="4.4" BankCards="0" BankChecks="0" Resto="0" BondAchat="0" Rendu="0,00" sum="4.4" date="2017-02-07T20:41:46.5736517+01:00">
    <product>
      <ii>0</ii>
      <CustomerId>fe8fd35b-18df-4a89-a14c-4ec97e8a2910</CustomerId>
      <Name>SARRASIN (GRECHKA) ANAHIT 1KG</Name>
      <Desc>SARAZIN 1KG ANAHIT</Desc>
      <price>2.200</price>
      <priceGros>1.390</priceGros>
      <tva>1</tva>
      <qty>2</qty>
      <CodeBare>[217]</CodeBare>
      <balance>false</balance>
      <contenance>50.000</contenance>
      <uniteContenance>0</uniteContenance>
      <tare>0</tare>
      <date>2017-01-20T15:15:12.883</date>
      <cusumerIdRealStock>d18f0331-08ea-48a8-b153-167ac67184eb</cusumerIdRealStock>
      <cusumerIdSubGroup>80</cusumerIdSubGroup>
      <ProductsWeb_CustomerId>468dad0c-48e5-4f8f-9c5c-1edf4f13ffc5</ProductsWeb_CustomerId>
      <grp>8</grp>
      <sgrp>80</sgrp>
      <Discount>0</Discount>
      <sumDiscount>0</sumDiscount>
      <total>4.4</total>
    </product>
  </check>
  <check barcodeCheck="118091800016" Cash="18.44" BankCards="0" BankChecks="0" Resto="0" BondAchat="0" Rendu="0,00" sum="18.44" date="2017-02-13T18:09:18.7691913+01:00">
    <product>
      <ii>5</ii>
      <CustomerId>97bc4e8f-6fa4-4f43-8055-91ef012b7ba9</CustomerId>
      <Name>LAVASH - PAIN ARMENIEN</Name>
      <Desc>PAIN ARMENIEN</Desc>
      <price>1.99</price>
      <priceGros>1.360</priceGros>
      <tva>1</tva>
      <qty>1</qty>
      <CodeBare>[23]</CodeBare>
      <balance>false</balance>
      <contenance>0</contenance>
      <uniteContenance>0</uniteContenance>
      <tare>0</tare>
      <date>2017-02-06T21:11:34.8625272+01:00</date>
      <cusumerIdRealStock>9180425d-d6d0-450b-93be-a21a97e1594d</cusumerIdRealStock>
      <cusumerIdSubGroup>72</cusumerIdSubGroup>
      <ProductsWeb_CustomerId>ba002d99-455e-422e-90f2-6c07359d0da0</ProductsWeb_CustomerId>
      <grp>10</grp>
      <sgrp>72</sgrp>
      <Discount>0</Discount>
      <sumDiscount>0</sumDiscount>
      <total>1.99</total>
    </product>
    <product>
      <ii>4</ii>
      <CustomerId>aff100bd-7dd0-434d-bb4d-2180ea8fbe8a</CustomerId>
      <Name>PAIN LIBANAIS</Name>
      <Desc>PAIN LIBANNAIS</Desc>
      <price>0.90</price>
      <priceGros>0.600</priceGros>
      <tva>1</tva>
      <qty>1</qty>
      <CodeBare>[25]</CodeBare>
      <balance>false</balance>
      <contenance>0</contenance>
      <uniteContenance>0</uniteContenance>
      <tare>0</tare>
      <date>2017-02-06T21:11:57.7456039+01:00</date>
      <cusumerIdRealStock>b7c83d3b-0151-4cbd-aa44-ebe9f20e749e</cusumerIdRealStock>
      <cusumerIdSubGroup>72</cusumerIdSubGroup>
      <ProductsWeb_CustomerId>2b0a18a0-297d-4527-87fa-1af70b25c2cc</ProductsWeb_CustomerId>
      <grp>10</grp>
      <sgrp>72</sgrp>
      <Discount>0</Discount>
      <sumDiscount>0</sumDiscount>
      <total>0.9</total>
    </product>
    <product>
      <ii>3</ii>
      <CustomerId>3c9ca1a7-e010-449a-9b2e-c58fcae30de0</CustomerId>
      <Name>TCHOREG FRAIS</Name>
      <Desc>TCHOREG FRAIS</Desc>
      <price>1.500</price>
      <priceGros>1.500</priceGros>
      <tva>1</tva>
      <qty>1</qty>
      <CodeBare>[26]</CodeBare>
      <balance>false</balance>
      <contenance>0</contenance>
      <uniteContenance>0</uniteContenance>
      <tare>0</tare>
      <date>2014-12-01T15:49:19</date>
      <cusumerIdRealStock>415771e7-1c4c-484a-9191-d0ed93069701</cusumerIdRealStock>
      <cusumerIdSubGroup>3</cusumerIdSubGroup>
      <ProductsWeb_CustomerId>12f60fc2-e300-4703-8378-b99526238d3c</ProductsWeb_CustomerId>
      <grp>1</grp>
      <sgrp>3</sgrp>
      <Discount>0</Discount>
      <sumDiscount>0</sumDiscount>
      <total>1.5</total>
    </product>
    <product>
      <ii>2</ii>
      <CustomerId>ffd7a2f4-adf8-437d-a772-5ba67e9b16f7</CustomerId>
      <Name>CAFÉ NOAILLE N°3</Name>
      <Desc>8.64</Desc>
      <price>3.800</price>
      <priceGros>9.940</priceGros>
      <tva>1</tva>
      <qty>1</qty>
      <CodeBare>[63]</CodeBare>
      <balance>false</balance>
      <contenance>1.000</contenance>
      <uniteContenance>0</uniteContenance>
      <tare>0</tare>
      <date>2016-11-30T13:42:26.647</date>
      <cusumerIdRealStock>e19dc632-35ea-4bae-b61f-784754fde4b2</cusumerIdRealStock>
      <cusumerIdSubGroup>83</cusumerIdSubGroup>
      <ProductsWeb_CustomerId>5e8438ad-271a-4fe4-9a1c-2e98f12a5104</ProductsWeb_CustomerId>
      <grp>11</grp>
      <sgrp>83</sgrp>
      <Discount>0</Discount>
      <sumDiscount>0</sumDiscount>
      <total>3.8</total>
    </product>
    <product>
      <ii>1</ii>
      <CustomerId>9fcd0342-1444-488c-bffe-07d460f3f251</CustomerId>
      <Name>CAFE NOAILLES MOKA</Name>
      <Desc>CAFE NOAILLE MOKA</Desc>
      <price>5.700</price>
      <priceGros>5.700</priceGros>
      <tva>1</tva>
      <qty>1</qty>
      <CodeBare>[62]</CodeBare>
      <balance>false</balance>
      <contenance>0</contenance>
      <uniteContenance>0</uniteContenance>
      <tare>0</tare>
      <date>2016-11-30T13:42:26.68</date>
      <cusumerIdRealStock>4423408b-2716-411d-87e6-24cfff05b2af</cusumerIdRealStock>
      <cusumerIdSubGroup>83</cusumerIdSubGroup>
      <ProductsWeb_CustomerId>2d0230c6-a3e3-46f5-bda3-d3e7dc66907f</ProductsWeb_CustomerId>
      <grp>11</grp>
      <sgrp>83</sgrp>
      <Discount>0</Discount>
      <sumDiscount>0</sumDiscount>
      <total>5.7</total>
    </product>
    <product>
      <ii>0</ii>
      <CustomerId>3ef88342-1f94-4cbd-a4ef-ba3357c5031f</CustomerId>
      <Name>CAFE NOAILLES N°5</Name>
      <Desc>10.35</Desc>
      <price>4.550</price>
      <priceGros>11.900</priceGros>
      <tva>1</tva>
      <qty>1</qty>
      <CodeBare>[65]</CodeBare>
      <balance>false</balance>
      <contenance>1.000</contenance>
      <uniteContenance>0</uniteContenance>
      <tare>0</tare>
      <date>2017-01-20T15:12:36.367</date>
      <cusumerIdRealStock>6b657f2a-9cdf-40e2-a0c6-37e2dc9c00d5</cusumerIdRealStock>
      <cusumerIdSubGroup>83</cusumerIdSubGroup>
      <ProductsWeb_CustomerId>4480cd1f-9f9c-44e0-8ad1-fb9defdbda27</ProductsWeb_CustomerId>
      <grp>11</grp>
      <sgrp>83</sgrp>
      <Discount>0</Discount>
      <sumDiscount>0</sumDiscount>
      <total>4.55</total>
    </product>
  </check>
  <check barcodeCheck="111032100017" Cash="0" BankCards="0" BankChecks="0" Resto="41.81" BondAchat="0" Rendu="0,00" sum="41.81" date="2017-02-15T11:03:21.7951859+01:00">
    <product>
      <ii>16</ii>
      <CustomerId>1bffd6f2-6438-40dd-9982-c2053bff2475</CustomerId>
      <Name>VINAIGRE DE VIN 1L</Name>
      <Desc></Desc>
      <price>1.00</price>
      <priceGros>0</priceGros>
      <tva>1</tva>
      <qty>2</qty>
      <CodeBare>[8437003623547]</CodeBare>
      <balance>false</balance>
      <contenance>0</contenance>
      <uniteContenance>0</uniteContenance>
      <tare>0</tare>
      <date>2017-02-15T10:35:33.5624807+01:00</date>
      <cusumerIdRealStock>2477d1db-3f59-4e02-9ca7-8506a28d2cd2</cusumerIdRealStock>
      <cusumerIdSubGroup>59</cusumerIdSubGroup>
      <ProductsWeb_CustomerId>c713f3c4-d18e-44af-8a51-cdc51ddb1808</ProductsWeb_CustomerId>
      <grp>8</grp>
      <sgrp>59</sgrp>
      <Discount>0</Discount>
      <sumDiscount>0</sumDiscount>
      <total>2</total>
    </product>
    <product>
      <ii>15</ii>
      <CustomerId>fa8a8992-91c0-4193-a602-acd09c7a4efb</CustomerId>
      <Name>POIVRON ROUGE-JAUNE GRILLE AREV</Name>
      <Desc></Desc>
      <price>2.50</price>
      <priceGros>0</priceGros>
      <tva>1</tva>
      <qty>1</qty>
      <CodeBare>[3700066103161]</CodeBare>
      <balance>false</balance>
      <contenance>0</contenance>
      <uniteContenance>0</uniteContenance>
      <tare>0</tare>
      <date>2017-02-15T10:38:28.7405563+01:00</date>
      <cusumerIdRealStock>c70b5bc0-7366-4956-ac81-e2e654e54724</cusumerIdRealStock>
      <cusumerIdSubGroup>58</cusumerIdSubGroup>
      <ProductsWeb_CustomerId>ed656c25-fa16-45d9-92fd-3fe01576c6b3</ProductsWeb_CustomerId>
      <grp>8</grp>
      <sgrp>58</sgrp>
      <Discount>0</Discount>
      <sumDiscount>0</sumDiscount>
      <total>2.5</total>
      <price_old>0</price_old>
    </product>
    <product>
      <ii>14</ii>
      <CustomerId>4e1335b5-c375-462f-b7a2-0ae9d3391fad</CustomerId>
      <Name>RIZ BASMATI AREV 1KG</Name>
      <Desc></Desc>
      <price>2.99</price>
      <priceGros>0</priceGros>
      <tva>1</tva>
      <qty>1</qty>
      <CodeBare>[3700066105035]</CodeBare>
      <balance>false</balance>
      <contenance>0</contenance>
      <uniteContenance>0</uniteContenance>
      <tare>0</tare>
      <date>2017-02-15T10:40:44.5485232+01:00</date>
      <cusumerIdRealStock>bf7693da-21cf-4bdc-a048-202e770a5bee</cusumerIdRealStock>
      <cusumerIdSubGroup>57</cusumerIdSubGroup>
      <ProductsWeb_CustomerId>7fe262c8-8f74-4ce4-85ee-fa35c95ae2fe</ProductsWeb_CustomerId>
      <grp>8</grp>
      <sgrp>57</sgrp>
      <Discount>0</Discount>
      <sumDiscount>0</sumDiscount>
      <total>2.99</total>
      <price_old>0</price_old>
    </product>
    <product>
      <ii>13</ii>
      <CustomerId>00f0d1bf-57cd-421a-875e-18f7abf4288b</CustomerId>
      <Name>HALVA PISTACHE 450G - ALKANATE</Name>
      <Desc>3.20</Desc>
      <price>5.50</price>
      <priceGros>3.750</priceGros>
      <tva>2</tva>
      <qty>1</qty>
      <CodeBare>[5285000870326]</CodeBare>
      <balance>false</balance>
      <contenance>12.000</contenance>
      <uniteContenance>0</uniteContenance>
      <tare>0</tare>
      <date>2017-02-11T20:44:16.4320014+01:00</date>
      <cusumerIdRealStock>a8bd9cda-0831-4fdc-a2a4-f7bea934cc71</cusumerIdRealStock>
      <cusumerIdSubGroup>64</cusumerIdSubGroup>
      <ProductsWeb_CustomerId>7aecd437-4731-4083-a510-ef50912bd43f</ProductsWeb_CustomerId>
      <grp>9</grp>
      <sgrp>64</sgrp>
      <Discount>0</Discount>
      <sumDiscount>0</sumDiscount>
      <total>5.5</total>
    </product>
    <product>
      <ii>12</ii>
      <CustomerId>c5ab62c5-24f1-442a-96e3-1a4d74448870</CustomerId>
      <Name>CARTIER OLIVE VERT DENOYOTE 720GR</Name>
      <Desc>CARTIER OLIVE VERT DENOYOTE 720GR</Desc>
      <price>1.990</price>
      <priceGros>1.990</priceGros>
      <tva>1</tva>
      <qty>1</qty>
      <CodeBare>[6111245660080]</CodeBare>
      <balance>false</balance>
      <contenance>0</contenance>
      <uniteContenance>0</uniteContenance>
      <tare>0</tare>
      <date>2016-08-03T18:42:21.597</date>
      <cusumerIdRealStock>4ab9f97a-e350-483b-926a-f9c863222b0d</cusumerIdRealStock>
      <cusumerIdSubGroup>3</cusumerIdSubGroup>
      <ProductsWeb_CustomerId>7e26d51d-9451-4ca1-88db-1bee98ab4a17</ProductsWeb_CustomerId>
      <grp>1</grp>
      <sgrp>3</sgrp>
      <Discount>0</Discount>
      <sumDiscount>0</sumDiscount>
      <total>1.99</total>
    </product>
    <product>
      <ii>11</ii>
      <CustomerId>2bd6e61d-4e99-4049-ab20-7e3676870130</CustomerId>
      <Name>CARTIER OLIVE NOIR DENAUYATEE 720G</Name>
      <Desc></Desc>
      <price>1.99</price>
      <priceGros>0.000</priceGros>
      <tva>1</tva>
      <qty>1</qty>
      <CodeBare>[6111245661278]</CodeBare>
      <balance>false</balance>
      <contenance>0</contenance>
      <uniteContenance>0</uniteContenance>
      <tare>0</tare>
      <date>2016-08-03T18:42:21.643</date>
      <cusumerIdRealStock>9f99424d-c82e-4a00-863f-88509bc99f1a</cusumerIdRealStock>
      <cusumerIdSubGroup>3</cusumerIdSubGroup>
      <ProductsWeb_CustomerId>839de242-af28-4b43-a979-dba7f53be8f1</ProductsWeb_CustomerId>
      <grp>1</grp>
      <sgrp>3</sgrp>
      <Discount>0</Discount>
      <sumDiscount>0</sumDiscount>
      <total>1.99</total>
      <price_old>0.000</price_old>
    </product>
    <product>
      <ii>10</ii>
      <CustomerId>6ca78181-9046-4225-b87a-d52d57ed8be8</CustomerId>
      <Name>OLIVE VERTE CARTIER ENTIERE 72</Name>
      <Desc></Desc>
      <price>1.99</price>
      <priceGros>0.000</priceGros>
      <tva>1</tva>
      <qty>1</qty>
      <CodeBare>[6111245660097]</CodeBare>
      <balance>false</balance>
      <contenance>0</contenance>
      <uniteContenance>0</uniteContenance>
      <tare>0</tare>
      <date>2016-08-17T14:46:13.443</date>
      <cusumerIdRealStock>a4337639-5235-4b9b-86b1-5dc1369ce8e2</cusumerIdRealStock>
      <cusumerIdSubGroup>56</cusumerIdSubGroup>
      <ProductsWeb_CustomerId>7a965829-bc50-448d-8adb-bbc38280e6a3</ProductsWeb_CustomerId>
      <grp>8</grp>
      <sgrp>56</sgrp>
      <Discount>0</Discount>
      <sumDiscount>0</sumDiscount>
      <total>1.99</total>
      <price_old>0.000</price_old>
    </product>
    <product>
      <ii>9</ii>
      <CustomerId>97a6b206-2970-4a1a-ac35-f37db5f30058</CustomerId>
      <Name>OLYMP PATE OLIVE VERT 180G</Name>
      <Desc></Desc>
      <price>1.990</price>
      <priceGros>1.990</priceGros>
      <tva>1</tva>
      <qty>1</qty>
      <CodeBare>[5201409803260]</CodeBare>
      <balance>false</balance>
      <contenance>12.000</contenance>
      <uniteContenance>0</uniteContenance>
      <tare>0</tare>
      <date>2015-05-25T11:59:30.703</date>
      <cusumerIdRealStock>447a59b7-f4a8-4d98-bd9c-304cff8fabfd</cusumerIdRealStock>
      <cusumerIdSubGroup>3</cusumerIdSubGroup>
      <ProductsWeb_CustomerId>048e4489-b35c-4dd8-97d8-076688c27dd7</ProductsWeb_CustomerId>
      <grp>1</grp>
      <sgrp>3</sgrp>
      <Discount>0</Discount>
      <sumDiscount>0</sumDiscount>
      <total>1.99</total>
    </product>
    <product>
      <ii>8</ii>
      <CustomerId>3279bdc6-9d0e-43fd-8559-b79e57be1cbc</CustomerId>
      <Name>RAIFORT HREN PIQUANTE 200G</Name>
      <Desc>RAIFORT DE TABLE PIQUANTE. INGRÉDIENTS : RAIFORT RÂPÉ, SAUCE DE SALA DE, VINAIGRE D'ALCOOL, PROTÉINEDE LAIT, POMMES, STABILISANT: GOMME ARABIQUE, ÉPICES, SEL IODÉ, ACIDIFIANT: ACIDE CITRIQUE, ANTIOXYGÈNE E223.</Desc>
      <price>1.30</price>
      <priceGros>0.790</priceGros>
      <tva>1</tva>
      <qty>1</qty>
      <CodeBare>[4030011460100]</CodeBare>
      <balance>false</balance>
      <contenance>6.000</contenance>
      <uniteContenance>0</uniteContenance>
      <tare>0</tare>
      <date>2017-01-26T10:05:35.22</date>
      <cusumerIdRealStock>439adfc4-19d7-4dd0-8e4c-0e5a77c57790</cusumerIdRealStock>
      <cusumerIdSubGroup>59</cusumerIdSubGroup>
      <ProductsWeb_CustomerId>37443281-7cbb-4f3a-85e0-cdb61aed6b58</ProductsWeb_CustomerId>
      <grp>8</grp>
      <sgrp>59</sgrp>
      <Discount>0</Discount>
      <sumDiscount>0</sumDiscount>
      <total>1.3</total>
      <price_old>1.200</price_old>
    </product>
    <product>
      <ii>7</ii>
      <CustomerId>039acc10-ab5a-4d99-82e6-f1a350dc06b0</CustomerId>
      <Name>RAIFORT A LA BETRAVE 200G</Name>
      <Desc></Desc>
      <price>1.30</price>
      <priceGros>0.790</priceGros>
      <tva>1</tva>
      <qty>1</qty>
      <CodeBare>[4030011460209]</CodeBare>
      <balance>false</balance>
      <contenance>6.000</contenance>
      <uniteContenance>0</uniteContenance>
      <tare>0</tare>
      <date>2017-01-20T13:35:38.927</date>
      <cusumerIdRealStock>0e2cbf0b-da9a-448e-9c29-bd2f2c53aab2</cusumerIdRealStock>
      <cusumerIdSubGroup>59</cusumerIdSubGroup>
      <ProductsWeb_CustomerId>da92b2bb-77c5-4ec4-9bc5-29e98c15cd5a</ProductsWeb_CustomerId>
      <grp>8</grp>
      <sgrp>59</sgrp>
      <Discount>0</Discount>
      <sumDiscount>0</sumDiscount>
      <total>1.3</total>
      <price_old>1.200</price_old>
    </product>
    <product>
      <ii>6</ii>
      <CustomerId>c183f955-4d17-4126-a5a9-c4480a7c9907</CustomerId>
      <Name>BLE CONC.MOYEN SEZER 900GR</Name>
      <Desc></Desc>
      <price>1.69</price>
      <priceGros>0</priceGros>
      <tva>1</tva>
      <qty>1</qty>
      <CodeBare>[8699469170762]</CodeBare>
      <balance>false</balance>
      <contenance>0</contenance>
      <uniteContenance>0</uniteContenance>
      <tare>0</tare>
      <date>2017-02-15T10:56:24.4495864+01:00</date>
      <cusumerIdRealStock>28f945cf-0e5c-4ba4-b716-d9e08bf5f06f</cusumerIdRealStock>
      <cusumerIdSubGroup>57</cusumerIdSubGroup>
      <ProductsWeb_CustomerId>214fed6a-6bb7-4ff4-89fa-86a8f140f40f</ProductsWeb_CustomerId>
      <grp>8</grp>
      <sgrp>57</sgrp>
      <Discount>0</Discount>
      <sumDiscount>0</sumDiscount>
      <total>1.69</total>
      <price_old>0</price_old>
    </product>
    <product>
      <ii>5</ii>
      <CustomerId>e310e822-e263-4e2e-b89b-9085289075d9</CustomerId>
      <Name>BLE CONC. GROS SEVAN 1KG</Name>
      <Desc></Desc>
      <price>1.69</price>
      <priceGros>1.790</priceGros>
      <tva>1</tva>
      <qty>2</qty>
      <CodeBare>[8699469170618]</CodeBare>
      <balance>false</balance>
      <contenance>0</contenance>
      <uniteContenance>0</uniteContenance>
      <tare>0</tare>
      <date>2016-01-14T17:01:12.607</date>
      <cusumerIdRealStock>d9fbb914-9d96-4d94-a96e-092f0c8b8018</cusumerIdRealStock>
      <cusumerIdSubGroup>3</cusumerIdSubGroup>
      <ProductsWeb_CustomerId>bb9a137d-edf9-4cfc-9688-bf5ab6d9f180</ProductsWeb_CustomerId>
      <grp>1</grp>
      <sgrp>3</sgrp>
      <Discount>0</Discount>
      <sumDiscount>0</sumDiscount>
      <total>3.38</total>
    </product>
    <product>
      <ii>4</ii>
      <CustomerId>6ee46c66-a9d8-4a80-a26c-e33ad543fa82</CustomerId>
      <Name>THÉ VERT DE CHINE G602 250G</Name>
      <Desc>THE VERT DE CHINE SPECIAL GUNPOWDER 250GR CUBE</Desc>
      <price>1.80</price>
      <priceGros>1.180</priceGros>
      <tva>1</tva>
      <qty>1</qty>
      <CodeBare>[3760073885078]</CodeBare>
      <balance>false</balance>
      <contenance>48.000</contenance>
      <uniteContenance>0</uniteContenance>
      <tare>0</tare>
      <date>2016-04-21T16:20:57.353</date>
      <cusumerIdRealStock>4413012e-f5ed-4eb8-a103-55d3bc3162fa</cusumerIdRealStock>
      <cusumerIdSubGroup>84</cusumerIdSubGroup>
      <ProductsWeb_CustomerId>71b34548-5ef7-429a-a6d3-2d9baf0cef40</ProductsWeb_CustomerId>
      <grp>11</grp>
      <sgrp>84</sgrp>
      <Discount>0</Discount>
      <sumDiscount>0</sumDiscount>
      <total>1.8</total>
      <price_old>1.700</price_old>
    </product>
    <product>
      <ii>3</ii>
      <CustomerId>4bf62d01-4b7a-422b-86cd-1b20c70fa855</CustomerId>
      <Name>LES DEUX MERINOS 250G</Name>
      <Desc></Desc>
      <price>1.80</price>
      <priceGros>1.320</priceGros>
      <tva>1</tva>
      <qty>1</qty>
      <CodeBare>[3760073885306]</CodeBare>
      <balance>false</balance>
      <contenance>0</contenance>
      <uniteContenance>0</uniteContenance>
      <tare>0</tare>
      <date>2016-08-10T13:07:24.86</date>
      <cusumerIdRealStock>e64be6a5-afca-4b67-9eb6-91a5007a7268</cusumerIdRealStock>
      <cusumerIdSubGroup>84</cusumerIdSubGroup>
      <ProductsWeb_CustomerId>85c6b7bf-6642-4c57-a0f9-f6dcc90a25ea</ProductsWeb_CustomerId>
      <grp>11</grp>
      <sgrp>84</sgrp>
      <Discount>0</Discount>
      <sumDiscount>0</sumDiscount>
      <total>1.8</total>
      <price_old>1.700</price_old>
    </product>
    <product>
      <ii>2</ii>
      <CustomerId>6fb37f39-be64-4e29-bfc8-e0b59a846eee</CustomerId>
      <Name>EPICE AU LEGUME  VEGETA 500G</Name>
      <Desc></Desc>
      <price>3.30</price>
      <priceGros>2.180</priceGros>
      <tva>1</tva>
      <qty>1</qty>
      <CodeBare>[3850104008443]</CodeBare>
      <balance>false</balance>
      <contenance>12.000</contenance>
      <uniteContenance>0</uniteContenance>
      <tare>0</tare>
      <date>2016-12-28T10:55:57.223</date>
      <cusumerIdRealStock>34d23f60-76d5-495a-ab4a-8ecdc0f04d31</cusumerIdRealStock>
      <cusumerIdSubGroup>59</cusumerIdSubGroup>
      <ProductsWeb_CustomerId>07eeb76c-142d-4f8f-8549-7080dbc94ff8</ProductsWeb_CustomerId>
      <grp>8</grp>
      <sgrp>59</sgrp>
      <Discount>0</Discount>
      <sumDiscount>0</sumDiscount>
      <total>3.3</total>
      <price_old>2.990</price_old>
    </product>
    <product>
      <ii>1</ii>
      <CustomerId>cbc196df-18aa-4836-ad05-be5b33be2764</CustomerId>
      <Name>PÂTE D'ABRICOT "KAMARDIN" 400G - SOFRA</Name>
      <Desc></Desc>
      <price>4.990</price>
      <priceGros>3.690</priceGros>
      <tva>1</tva>
      <qty>1</qty>
      <CodeBare>[6210397065269]</CodeBare>
      <balance>false</balance>
      <contenance>25.000</contenance>
      <uniteContenance>0</uniteContenance>
      <tare>0</tare>
      <date>2015-08-31T12:29:05.237</date>
      <cusumerIdRealStock>b4100a23-430c-4f3b-a78a-fd3b16b909fd</cusumerIdRealStock>
      <cusumerIdSubGroup>63</cusumerIdSubGroup>
      <ProductsWeb_CustomerId>ca04db53-6566-42f8-b379-08b6d3d6d42b</ProductsWeb_CustomerId>
      <grp>9</grp>
      <sgrp>63</sgrp>
      <Discount>0</Discount>
      <sumDiscount>0</sumDiscount>
      <total>4.99</total>
    </product>
    <product>
      <ii>0</ii>
      <CustomerId>ac3ef73c-93e5-4397-ba5a-30fdf4abf8d3</CustomerId>
      <Name>ARACHIDE GRILLÉ/SALE 220G</Name>
      <Desc>ARACHIDE G.S. 220G</Desc>
      <price>1.300</price>
      <priceGros>1.200</priceGros>
      <tva>1</tva>
      <qty>1</qty>
      <CodeBare>[134]</CodeBare>
      <balance>false</balance>
      <contenance>0</contenance>
      <uniteContenance>0</uniteContenance>
      <tare>0</tare>
      <date>2015-08-18T20:32:49</date>
      <cusumerIdRealStock>357d95f9-ab2c-4c8d-93a7-e9be2e439675</cusumerIdRealStock>
      <cusumerIdSubGroup>58</cusumerIdSubGroup>
      <ProductsWeb_CustomerId>cbebd93b-77ed-4924-9d37-8ea546191b6e</ProductsWeb_CustomerId>
      <grp>8</grp>
      <sgrp>58</sgrp>
      <Discount>0</Discount>
      <sumDiscount>0</sumDiscount>
      <total>1.3</total>
    </product>
  </check>
  <check barcodeCheck="111035400018" Cash="0" BankCards="0" BankChecks="0" Resto="17.35" BondAchat="0" Rendu="0,00" sum="17.35" date="2017-02-16T11:03:54.7854127+01:00">
    <product>
      <ii>5</ii>
      <CustomerId>1ae2f72b-6d2c-4d06-87d0-355d0b295eda</CustomerId>
      <Name>GATEAU DE RIZ A LA CANNELLE "MEGHLI" 200G - CORTAS</Name>
      <Desc>CORTAS GATEAU DE RIZ MEGHLI 200GR</Desc>
      <price>1.800</price>
      <priceGros>1.270</priceGros>
      <tva>1</tva>
      <qty>1</qty>
      <CodeBare>[735143003549][7351430035494]^1,000[7351430035494]^1,000</CodeBare>
      <balance>false</balance>
      <contenance>12.000</contenance>
      <uniteContenance>0</uniteContenance>
      <tare>0</tare>
      <date>2016-12-30T16:03:38.767</date>
      <cusumerIdRealStock>5d3715c7-32d8-4b19-9322-c56dcabf2a14</cusumerIdRealStock>
      <cusumerIdSubGroup>66</cusumerIdSubGroup>
      <ProductsWeb_CustomerId>de1fdb62-17e5-42ba-835e-b7a813d1339b</ProductsWeb_CustomerId>
      <grp>9</grp>
      <sgrp>66</sgrp>
      <Discount>0.0</Discount>
      <sumDiscount>0</sumDiscount>
      <total>1.8</total>
    </product>
    <product>
      <ii>4</ii>
      <CustomerId>f43f7c82-310a-4baa-9b43-a0c2805a9498</CustomerId>
      <Name>AT HOME LESSIVE LIQUIDE 20LAVAGE</Name>
      <Desc></Desc>
      <price>3.40</price>
      <priceGros>0</priceGros>
      <tva>2</tva>
      <qty>1</qty>
      <CodeBare>[8718692410084]</CodeBare>
      <balance>false</balance>
      <contenance>0</contenance>
      <uniteContenance>0</uniteContenance>
      <tare>0</tare>
      <date>2017-02-16T10:46:20.3163756+01:00</date>
      <cusumerIdRealStock>aaadabdb-360d-4e37-9b59-7d389bf39f80</cusumerIdRealStock>
      <cusumerIdSubGroup>1027</cusumerIdSubGroup>
      <ProductsWeb_CustomerId>86986bd9-5de7-43fc-ab6f-fa61462c9bb5</ProductsWeb_CustomerId>
      <grp>14</grp>
      <sgrp>1027</sgrp>
      <Discount>0.0</Discount>
      <sumDiscount>0</sumDiscount>
      <total>3.4</total>
      <price_old>0</price_old>
    </product>
    <product>
      <ii>3</ii>
      <CustomerId>e4d95172-2c9a-4343-8a69-c8b823b9cc15</CustomerId>
      <Name>AT HOME LESSIVE LIQUIDE BLACK</Name>
      <Desc></Desc>
      <price>3.50</price>
      <priceGros>0</priceGros>
      <tva>2</tva>
      <qty>1</qty>
      <CodeBare>[8718692410107]</CodeBare>
      <balance>false</balance>
      <contenance>0</contenance>
      <uniteContenance>0</uniteContenance>
      <tare>0</tare>
      <date>2017-02-16T10:51:21.7390098+01:00</date>
      <cusumerIdRealStock>24618a95-134f-49aa-b757-8b549ea274bf</cusumerIdRealStock>
      <cusumerIdSubGroup>1027</cusumerIdSubGroup>
      <ProductsWeb_CustomerId>32dd72c5-6ac4-4b80-a25e-ba0345bbd361</ProductsWeb_CustomerId>
      <grp>14</grp>
      <sgrp>1027</sgrp>
      <Discount>0.0</Discount>
      <sumDiscount>0</sumDiscount>
      <total>3.5</total>
      <price_old>0</price_old>
    </product>
    <product>
      <ii>2</ii>
      <CustomerId>3f798ae6-8c9f-4c2a-8581-9ac8b3ee8a30</CustomerId>
      <Name>CAJOLINE ADOUCISSANT 46LAVAGE</Name>
      <Desc></Desc>
      <price>3.40</price>
      <priceGros>0</priceGros>
      <tva>2</tva>
      <qty>1</qty>
      <CodeBare>[8712561542623]</CodeBare>
      <balance>false</balance>
      <contenance>0</contenance>
      <uniteContenance>0</uniteContenance>
      <tare>0</tare>
      <date>2017-02-16T10:56:05.9009622+01:00</date>
      <cusumerIdRealStock>05c75fdc-f076-480e-b87c-022466db83e3</cusumerIdRealStock>
      <cusumerIdSubGroup>1027</cusumerIdSubGroup>
      <ProductsWeb_CustomerId>f0c69a8b-e119-47b9-9477-1bad268fe893</ProductsWeb_CustomerId>
      <grp>14</grp>
      <sgrp>1027</sgrp>
      <Discount>0.0</Discount>
      <sumDiscount>0</sumDiscount>
      <total>3.4</total>
      <price_old>0</price_old>
    </product>
    <product>
      <ii>1</ii>
      <CustomerId>dadafa0c-7122-459c-a92b-16f37308b8e2</CustomerId>
      <Name>CAJOLINE ADOUCISSANT 46 LAVAGE</Name>
      <Desc></Desc>
      <price>3.40</price>
      <priceGros>0</priceGros>
      <tva>2</tva>
      <qty>1</qty>
      <CodeBare>[8712561542425]</CodeBare>
      <balance>false</balance>
      <contenance>0</contenance>
      <uniteContenance>0</uniteContenance>
      <tare>0</tare>
      <date>2017-02-16T10:58:21.5400695+01:00</date>
      <cusumerIdRealStock>5c74c159-9644-4c02-af5b-a105c77312ea</cusumerIdRealStock>
      <cusumerIdSubGroup>1027</cusumerIdSubGroup>
      <ProductsWeb_CustomerId>f6b69cca-99cb-4dd8-bf2c-ae421594db23</ProductsWeb_CustomerId>
      <grp>14</grp>
      <sgrp>1027</sgrp>
      <Discount>0.0</Discount>
      <sumDiscount>0</sumDiscount>
      <total>3.4</total>
      <price_old>0</price_old>
    </product>
    <product>
      <ii>0</ii>
      <CustomerId>442398d8-8a3d-4bfb-8f7f-60517ec99cf8</CustomerId>
      <Name>PALMOLIVE LIQUIDE VAISSELLE</Name>
      <Desc></Desc>
      <price>1.85</price>
      <priceGros>0</priceGros>
      <tva>2</tva>
      <qty>1</qty>
      <CodeBare>[8714789683898]</CodeBare>
      <balance>false</balance>
      <contenance>0</contenance>
      <uniteContenance>0</uniteContenance>
      <tare>0</tare>
      <date>2017-02-16T11:03:25.2159953+01:00</date>
      <cusumerIdRealStock>7eb5035e-05e2-4c88-a5c4-dcf083e4e623</cusumerIdRealStock>
      <cusumerIdSubGroup>1029</cusumerIdSubGroup>
      <ProductsWeb_CustomerId>35bf8c4e-a9bb-4220-bcac-2ed112d87fc8</ProductsWeb_CustomerId>
      <grp>14</grp>
      <sgrp>1029</sgrp>
      <Discount>0.0</Discount>
      <sumDiscount>0</sumDiscount>
      <total>1.85</total>
      <price_old>0</price_old>
    </product>
  </check>
</checks>