﻿<?xml version="1.0" encoding="utf-8"?>
<checks ticket="Caisse 1" openDate="18.02.2017 12:09:10" closeDate="18/02/2017 12:11:20" idTicketWindowG="e8c5fe49-45e2-4442-a60b-56613c17d5d6" idTicketWindow="b514c12e-4d8a-4ff9-8de5-c2c9870a3e18" Cash="10" BankCards="0" BankChecks="0" Resto="0" BondAchat="0" Rendu="0.00" sum="10">
  <check barcodeCheck="112093300001" Cash="10" BankCards="0" BankChecks="0" Resto="0" BondAchat="0" Rendu="0,00" sum="10" date="2017-02-18T12:09:33.4867336+01:00">
    <product>
      <ii>0</ii>
      <CustomerId>8d6ea0b5-003b-4ae6-b340-e73aa0342bb6</CustomerId>
      <Name>DIVERS 5,5%</Name>
      <Desc></Desc>
      <price>10</price>
      <priceGros>39.690</priceGros>
      <tva>1</tva>
      <qty>1</qty>
      <CodeBare>[]</CodeBare>
      <balance>false</balance>
      <contenance>0</contenance>
      <uniteContenance>0</uniteContenance>
      <tare>0</tare>
      <date>2017-01-29T15:25:09.983</date>
      <cusumerIdRealStock>db12950e-2d5c-4382-8f61-a68c228c48a4</cusumerIdRealStock>
      <cusumerIdSubGroup>3</cusumerIdSubGroup>
      <ProductsWeb_CustomerId>fbf0f1d3-103f-4a2d-86b3-d4edf85422fd</ProductsWeb_CustomerId>
      <grp>1</grp>
      <sgrp>3</sgrp>
      <Discount>0.0</Discount>
      <sumDiscount>0</sumDiscount>
      <total>10</total>
      <price_old>0.000</price_old>
    </product>
  </check>
  <check barcodeCheck="112094300002" Cash="0" BankCards="20" BankChecks="0" Resto="0" BondAchat="0" Rendu="0,00" sum="20" date="2017-02-18T12:09:43.2656856+01:00">
    <product>
      <ii>0</ii>
      <CustomerId>8d6ea0b5-003b-4ae6-b340-e73aa0342bb6</CustomerId>
      <Name>DIVERS 5,5%</Name>
      <Desc></Desc>
      <price>20</price>
      <priceGros>39.690</priceGros>
      <tva>1</tva>
      <qty>1</qty>
      <CodeBare>[]</CodeBare>
      <balance>false</balance>
      <contenance>0</contenance>
      <uniteContenance>0</uniteContenance>
      <tare>0</tare>
      <date>2017-01-29T15:25:09.983</date>
      <cusumerIdRealStock>db12950e-2d5c-4382-8f61-a68c228c48a4</cusumerIdRealStock>
      <cusumerIdSubGroup>3</cusumerIdSubGroup>
      <ProductsWeb_CustomerId>fbf0f1d3-103f-4a2d-86b3-d4edf85422fd</ProductsWeb_CustomerId>
      <grp>1</grp>
      <sgrp>3</sgrp>
      <Discount>0</Discount>
      <sumDiscount>0</sumDiscount>
      <total>20</total>
      <price_old>0.000</price_old>
    </product>
  </check>
  <check barcodeCheck="112095200003" Cash="0" BankCards="0" BankChecks="30" Resto="0" BondAchat="0" Rendu="0,00" sum="30" date="2017-02-18T12:09:52.0967066+01:00">
    <product>
      <ii>0</ii>
      <CustomerId>8d6ea0b5-003b-4ae6-b340-e73aa0342bb6</CustomerId>
      <Name>DIVERS 5,5%</Name>
      <Desc></Desc>
      <price>30</price>
      <priceGros>39.690</priceGros>
      <tva>1</tva>
      <qty>1</qty>
      <CodeBare>[]</CodeBare>
      <balance>false</balance>
      <contenance>0</contenance>
      <uniteContenance>0</uniteContenance>
      <tare>0</tare>
      <date>2017-01-29T15:25:09.983</date>
      <cusumerIdRealStock>db12950e-2d5c-4382-8f61-a68c228c48a4</cusumerIdRealStock>
      <cusumerIdSubGroup>3</cusumerIdSubGroup>
      <ProductsWeb_CustomerId>fbf0f1d3-103f-4a2d-86b3-d4edf85422fd</ProductsWeb_CustomerId>
      <grp>1</grp>
      <sgrp>3</sgrp>
      <Discount>0</Discount>
      <sumDiscount>0</sumDiscount>
      <total>30</total>
      <price_old>0.000</price_old>
    </product>
  </check>
  <check barcodeCheck="112101800004" Cash="0" BankCards="0" BankChecks="0" Resto="50" BondAchat="0" Rendu="0,00" sum="50" date="2017-02-18T12:10:18.2977023+01:00">
    <product>
      <ii>0</ii>
      <CustomerId>8d6ea0b5-003b-4ae6-b340-e73aa0342bb6</CustomerId>
      <Name>DIVERS 5,5%</Name>
      <Desc></Desc>
      <price>50</price>
      <priceGros>39.690</priceGros>
      <tva>1</tva>
      <qty>1</qty>
      <CodeBare>[]</CodeBare>
      <balance>false</balance>
      <contenance>0</contenance>
      <uniteContenance>0</uniteContenance>
      <tare>0</tare>
      <date>2017-01-29T15:25:09.983</date>
      <cusumerIdRealStock>db12950e-2d5c-4382-8f61-a68c228c48a4</cusumerIdRealStock>
      <cusumerIdSubGroup>3</cusumerIdSubGroup>
      <ProductsWeb_CustomerId>fbf0f1d3-103f-4a2d-86b3-d4edf85422fd</ProductsWeb_CustomerId>
      <grp>1</grp>
      <sgrp>3</sgrp>
      <Discount>0</Discount>
      <sumDiscount>0</sumDiscount>
      <total>50</total>
      <price_old>0.000</price_old>
    </product>
  </check>
  <check barcodeCheck="112102700005" Cash="10" BankCards="0" BankChecks="0" Resto="0" BondAchat="0" Rendu="0,00" sum="10" date="2017-02-18T12:10:27.9129171+01:00">
    <product>
      <ii>0</ii>
      <CustomerId>aa553a84-ed26-4b6e-a591-5e488cc942fe</CustomerId>
      <Name>DIVERS 20%</Name>
      <Desc></Desc>
      <price>10</price>
      <priceGros>0.800</priceGros>
      <tva>2</tva>
      <qty>1</qty>
      <CodeBare>[]</CodeBare>
      <balance>false</balance>
      <contenance>0</contenance>
      <uniteContenance>0</uniteContenance>
      <tare>0</tare>
      <date>2017-02-18T11:14:14.3903672+01:00</date>
      <cusumerIdRealStock>ca77cff7-0680-4462-9759-9b68bf4e6fc0</cusumerIdRealStock>
      <cusumerIdSubGroup>3</cusumerIdSubGroup>
      <ProductsWeb_CustomerId>810e095a-d8d7-4b34-b76e-38d4379f0bc7</ProductsWeb_CustomerId>
      <grp>1</grp>
      <sgrp>3</sgrp>
      <Discount>0</Discount>
      <sumDiscount>0</sumDiscount>
      <total>10</total>
      <price_old>0</price_old>
    </product>
  </check>
  <check barcodeCheck="112103300006" Cash="0" BankCards="20" BankChecks="0" Resto="0" BondAchat="0" Rendu="0,00" sum="20" date="2017-02-18T12:10:33.1351997+01:00">
    <product>
      <ii>0</ii>
      <CustomerId>aa553a84-ed26-4b6e-a591-5e488cc942fe</CustomerId>
      <Name>DIVERS 20%</Name>
      <Desc></Desc>
      <price>20</price>
      <priceGros>0.800</priceGros>
      <tva>2</tva>
      <qty>1</qty>
      <CodeBare>[]</CodeBare>
      <balance>false</balance>
      <contenance>0</contenance>
      <uniteContenance>0</uniteContenance>
      <tare>0</tare>
      <date>2017-02-18T11:14:14.3903672+01:00</date>
      <cusumerIdRealStock>ca77cff7-0680-4462-9759-9b68bf4e6fc0</cusumerIdRealStock>
      <cusumerIdSubGroup>3</cusumerIdSubGroup>
      <ProductsWeb_CustomerId>810e095a-d8d7-4b34-b76e-38d4379f0bc7</ProductsWeb_CustomerId>
      <grp>1</grp>
      <sgrp>3</sgrp>
      <Discount>0</Discount>
      <sumDiscount>0</sumDiscount>
      <total>20</total>
      <price_old>0</price_old>
    </product>
  </check>
  <check barcodeCheck="112104100007" Cash="0" BankCards="0" BankChecks="30" Resto="0" BondAchat="0" Rendu="0,00" sum="30" date="2017-02-18T12:10:41.4464124+01:00">
    <product>
      <ii>0</ii>
      <CustomerId>aa553a84-ed26-4b6e-a591-5e488cc942fe</CustomerId>
      <Name>DIVERS 20%</Name>
      <Desc></Desc>
      <price>30</price>
      <priceGros>0.800</priceGros>
      <tva>2</tva>
      <qty>1</qty>
      <CodeBare>[]</CodeBare>
      <balance>false</balance>
      <contenance>0</contenance>
      <uniteContenance>0</uniteContenance>
      <tare>0</tare>
      <date>2017-02-18T11:14:14.3903672+01:00</date>
      <cusumerIdRealStock>ca77cff7-0680-4462-9759-9b68bf4e6fc0</cusumerIdRealStock>
      <cusumerIdSubGroup>3</cusumerIdSubGroup>
      <ProductsWeb_CustomerId>810e095a-d8d7-4b34-b76e-38d4379f0bc7</ProductsWeb_CustomerId>
      <grp>1</grp>
      <sgrp>3</sgrp>
      <Discount>0</Discount>
      <sumDiscount>0</sumDiscount>
      <total>30</total>
      <price_old>0</price_old>
    </product>
  </check>
  <check barcodeCheck="112104600008" Cash="0" BankCards="0" BankChecks="0" Resto="40" BondAchat="0" Rendu="0,00" sum="40" date="2017-02-18T12:10:46.932522+01:00">
    <product>
      <ii>0</ii>
      <CustomerId>aa553a84-ed26-4b6e-a591-5e488cc942fe</CustomerId>
      <Name>DIVERS 20%</Name>
      <Desc></Desc>
      <price>40</price>
      <priceGros>0.800</priceGros>
      <tva>2</tva>
      <qty>1</qty>
      <CodeBare>[]</CodeBare>
      <balance>false</balance>
      <contenance>0</contenance>
      <uniteContenance>0</uniteContenance>
      <tare>0</tare>
      <date>2017-02-18T11:14:14.3903672+01:00</date>
      <cusumerIdRealStock>ca77cff7-0680-4462-9759-9b68bf4e6fc0</cusumerIdRealStock>
      <cusumerIdSubGroup>3</cusumerIdSubGroup>
      <ProductsWeb_CustomerId>810e095a-d8d7-4b34-b76e-38d4379f0bc7</ProductsWeb_CustomerId>
      <grp>1</grp>
      <sgrp>3</sgrp>
      <Discount>0</Discount>
      <sumDiscount>0</sumDiscount>
      <total>40</total>
      <price_old>0</price_old>
    </product>
  </check>
  <check barcodeCheck="112111200009" Cash="200" BankCards="0" BankChecks="0" Resto="0" BondAchat="0" Rendu="-198,30" sum="1.7" date="2017-02-18T12:11:12.8316154+01:00">
    <product>
      <ii>0</ii>
      <CustomerId>26312204-c1b9-47d7-95f6-740f46fd687f</CustomerId>
      <Name>SEMOULE  1KG</Name>
      <Desc>SEMOULE 1KG  </Desc>
      <price>1.70</price>
      <priceGros>1.190</priceGros>
      <tva>1</tva>
      <qty>1</qty>
      <CodeBare>[218]</CodeBare>
      <balance>false</balance>
      <contenance>0</contenance>
      <uniteContenance>0</uniteContenance>
      <tare>0</tare>
      <date>2017-02-15T13:51:50.1332748+01:00</date>
      <cusumerIdRealStock>68c47ce7-ccbe-4592-b5d0-7af8c2f0893b</cusumerIdRealStock>
      <cusumerIdSubGroup>80</cusumerIdSubGroup>
      <ProductsWeb_CustomerId>d08ebeb5-e1ec-4914-8584-0f9f3f7f0c33</ProductsWeb_CustomerId>
      <grp>8</grp>
      <sgrp>80</sgrp>
      <Discount>0</Discount>
      <sumDiscount>0</sumDiscount>
      <total>1.7</total>
    </product>
  </check>
</checks>