﻿<?xml version="1.0" encoding="utf-8"?>
<checks ticket="Caisse 1" openDate="18.02.2017 11:39:48" closeDate="18/02/2017 12:07:58" idTicketWindowG="7c663a2d-1079-4149-a80f-57bf83cef25a" idTicketWindow="7ab7cfe1-eb3a-4f2f-8a7e-7d42b9fcd727" Cash="23.27" BankCards="0" BankChecks="0" Resto="0" BondAchat="0" Rendu="0.00" sum="23.27">
  <check barcodeCheck="111412800001" Cash="23.27" BankCards="0" BankChecks="0" Resto="0" BondAchat="0" Rendu="0,00" sum="23.27" date="2017-02-18T11:41:28.3892158+01:00">
    <product>
      <ii>0</ii>
      <CustomerId>4199fc73-6fd5-4211-9720-fcdbfd457e5f</CustomerId>
      <Name>BLÉ ENTIER 1KG -</Name>
      <Desc>BLE ENTIER 1KG  </Desc>
      <price>1.790</price>
      <priceGros>1.320</priceGros>
      <tva>1</tva>
      <qty>13</qty>
      <CodeBare>[200]</CodeBare>
      <balance>false</balance>
      <contenance>1.000</contenance>
      <uniteContenance>0</uniteContenance>
      <tare>0</tare>
      <date>2015-08-12T18:50:06.95</date>
      <cusumerIdRealStock>83cf9d85-2b4c-4858-8026-9db96c0610b0</cusumerIdRealStock>
      <cusumerIdSubGroup>80</cusumerIdSubGroup>
      <ProductsWeb_CustomerId>12e29e50-6cc2-4820-88b3-9d5f1b837fbd</ProductsWeb_CustomerId>
      <grp>8</grp>
      <sgrp>80</sgrp>
      <Discount>0.0</Discount>
      <sumDiscount>0</sumDiscount>
      <total>23.27</total>
    </product>
  </check>
  <check barcodeCheck="111443700002" Cash="15.85" BankCards="0" BankChecks="0" Resto="0" BondAchat="0" Rendu="0,00" sum="15.85" date="2017-02-18T11:44:37.9345813+01:00">
    <product>
      <ii>2</ii>
      <CustomerId>9538f090-53a6-4914-9aa5-fac0b4797ee3</CustomerId>
      <Name>RIZ ROND 1KG</Name>
      <Desc>RIZ PARFUME 1KG  </Desc>
      <price>1.59</price>
      <priceGros>1.170</priceGros>
      <tva>1</tva>
      <qty>5</qty>
      <CodeBare>[220][8000024000408]^1,000[8000024000408]^1,000[8000024000408]^1,000[8000024000408]^1,000[8000024000408]^1,000[8000024000408]^1,000[8000024000408]^1,000[8000024000408]^1,000[8000024000408]^1,000</CodeBare>
      <balance>false</balance>
      <contenance>0</contenance>
      <uniteContenance>0</uniteContenance>
      <tare>0</tare>
      <date>2017-02-15T13:12:21.187408+01:00</date>
      <cusumerIdRealStock>8d3a2162-9898-4335-aa9b-109b81c9064e</cusumerIdRealStock>
      <cusumerIdSubGroup>57</cusumerIdSubGroup>
      <ProductsWeb_CustomerId>3432e3aa-0979-4b4e-9b91-2efcf23792ac</ProductsWeb_CustomerId>
      <grp>8</grp>
      <sgrp>57</sgrp>
      <Discount>0.0</Discount>
      <sumDiscount>0</sumDiscount>
      <total>7.95</total>
    </product>
    <product>
      <ii>1</ii>
      <CustomerId>bbac29b3-4342-4e63-a594-fe22c77c53a9</CustomerId>
      <Name>BOULGOUR BLOND GROS GRAIN 1KG</Name>
      <Desc>BOULGOUR BLOND GROS 1KG  </Desc>
      <price>1.75</price>
      <priceGros>1.330</priceGros>
      <tva>1</tva>
      <qty>2</qty>
      <CodeBare>[202]</CodeBare>
      <balance>false</balance>
      <contenance>10.000</contenance>
      <uniteContenance>0</uniteContenance>
      <tare>0</tare>
      <date>2017-02-13T18:06:19.4238094+01:00</date>
      <cusumerIdRealStock>da984831-e57b-4392-b2ff-01bf53a9fb21</cusumerIdRealStock>
      <cusumerIdSubGroup>80</cusumerIdSubGroup>
      <ProductsWeb_CustomerId>f951bb08-3234-4fb5-bafd-fc55eae552ae</ProductsWeb_CustomerId>
      <grp>8</grp>
      <sgrp>80</sgrp>
      <Discount>0.0</Discount>
      <sumDiscount>0</sumDiscount>
      <total>3.50</total>
    </product>
    <product>
      <ii>0</ii>
      <CustomerId>fe8fd35b-18df-4a89-a14c-4ec97e8a2910</CustomerId>
      <Name>SARRASIN (GRECHKA)   1KG</Name>
      <Desc>SARAZIN 1KG  </Desc>
      <price>2.200</price>
      <priceGros>1.390</priceGros>
      <tva>1</tva>
      <qty>2</qty>
      <CodeBare>[217]</CodeBare>
      <balance>false</balance>
      <contenance>50.000</contenance>
      <uniteContenance>0</uniteContenance>
      <tare>0</tare>
      <date>2017-01-20T15:15:12.883</date>
      <cusumerIdRealStock>d18f0331-08ea-48a8-b153-167ac67184eb</cusumerIdRealStock>
      <cusumerIdSubGroup>80</cusumerIdSubGroup>
      <ProductsWeb_CustomerId>468dad0c-48e5-4f8f-9c5c-1edf4f13ffc5</ProductsWeb_CustomerId>
      <grp>8</grp>
      <sgrp>80</sgrp>
      <Discount>0.0</Discount>
      <sumDiscount>0</sumDiscount>
      <total>4.4</total>
    </product>
  </check>
  <check barcodeCheck="111474300003" Cash="19.22" BankCards="0" BankChecks="0" Resto="0" BondAchat="0" Rendu="0,00" sum="19.22" date="2017-02-18T11:47:43.6899891+01:00">
    <product>
      <ii>3</ii>
      <CustomerId>9538f090-53a6-4914-9aa5-fac0b4797ee3</CustomerId>
      <Name>RIZ ROND 1KG</Name>
      <Desc>RIZ PARFUME 1KG  </Desc>
      <price>1.59</price>
      <priceGros>1.170</priceGros>
      <tva>1</tva>
      <qty>6</qty>
      <CodeBare>[220][8000024000408]^1,000[8000024000408]^1,000[8000024000408]^1,000[8000024000408]^1,000[8000024000408]^1,000[8000024000408]^1,000[8000024000408]^1,000[8000024000408]^1,000[8000024000408]^1,000</CodeBare>
      <balance>false</balance>
      <contenance>0</contenance>
      <uniteContenance>0</uniteContenance>
      <tare>0</tare>
      <date>2017-02-15T13:12:21.187408+01:00</date>
      <cusumerIdRealStock>8d3a2162-9898-4335-aa9b-109b81c9064e</cusumerIdRealStock>
      <cusumerIdSubGroup>57</cusumerIdSubGroup>
      <ProductsWeb_CustomerId>3432e3aa-0979-4b4e-9b91-2efcf23792ac</ProductsWeb_CustomerId>
      <grp>8</grp>
      <sgrp>57</sgrp>
      <Discount>0.0</Discount>
      <sumDiscount>0</sumDiscount>
      <total>9.54</total>
    </product>
    <product>
      <ii>2</ii>
      <CustomerId>bbac29b3-4342-4e63-a594-fe22c77c53a9</CustomerId>
      <Name>BOULGOUR BLOND GROS GRAIN 1KG</Name>
      <Desc>BOULGOUR BLOND GROS 1KG  </Desc>
      <price>1.75</price>
      <priceGros>1.330</priceGros>
      <tva>1</tva>
      <qty>2</qty>
      <CodeBare>[202]</CodeBare>
      <balance>false</balance>
      <contenance>10.000</contenance>
      <uniteContenance>0</uniteContenance>
      <tare>0</tare>
      <date>2017-02-13T18:06:19.4238094+01:00</date>
      <cusumerIdRealStock>da984831-e57b-4392-b2ff-01bf53a9fb21</cusumerIdRealStock>
      <cusumerIdSubGroup>80</cusumerIdSubGroup>
      <ProductsWeb_CustomerId>f951bb08-3234-4fb5-bafd-fc55eae552ae</ProductsWeb_CustomerId>
      <grp>8</grp>
      <sgrp>80</sgrp>
      <Discount>0.0</Discount>
      <sumDiscount>0</sumDiscount>
      <total>3.50</total>
    </product>
    <product>
      <ii>1</ii>
      <CustomerId>ff04a64d-e47f-41d7-bb5a-ba0c07cd5860</CustomerId>
      <Name>BOULGOUR BRUN FIN 1KG</Name>
      <Desc>BOULGOUR BRUN FIN 1KG   MARKAL</Desc>
      <price>1.990</price>
      <priceGros>1.320</priceGros>
      <tva>1</tva>
      <qty>2</qty>
      <CodeBare>[203]</CodeBare>
      <balance>false</balance>
      <contenance>25.000</contenance>
      <uniteContenance>0</uniteContenance>
      <tare>0</tare>
      <date>2017-02-15T13:53:12.9480415+01:00</date>
      <cusumerIdRealStock>d1322768-101f-4dfe-a8c2-e6554c391f18</cusumerIdRealStock>
      <cusumerIdSubGroup>80</cusumerIdSubGroup>
      <ProductsWeb_CustomerId>91df3cf8-5747-4169-ae74-bda4fece62d9</ProductsWeb_CustomerId>
      <grp>8</grp>
      <sgrp>80</sgrp>
      <Discount>0.0</Discount>
      <sumDiscount>0</sumDiscount>
      <total>3.98</total>
    </product>
    <product>
      <ii>0</ii>
      <CustomerId>fe8fd35b-18df-4a89-a14c-4ec97e8a2910</CustomerId>
      <Name>SARRASIN (GRECHKA)   1KG</Name>
      <Desc>SARAZIN 1KG  </Desc>
      <price>2.200</price>
      <priceGros>1.390</priceGros>
      <tva>1</tva>
      <qty>1</qty>
      <CodeBare>[217]</CodeBare>
      <balance>false</balance>
      <contenance>50.000</contenance>
      <uniteContenance>0</uniteContenance>
      <tare>0</tare>
      <date>2017-01-20T15:15:12.883</date>
      <cusumerIdRealStock>d18f0331-08ea-48a8-b153-167ac67184eb</cusumerIdRealStock>
      <cusumerIdSubGroup>80</cusumerIdSubGroup>
      <ProductsWeb_CustomerId>468dad0c-48e5-4f8f-9c5c-1edf4f13ffc5</ProductsWeb_CustomerId>
      <grp>8</grp>
      <sgrp>80</sgrp>
      <Discount>0.0</Discount>
      <sumDiscount>0</sumDiscount>
      <total>2.2</total>
    </product>
  </check>
  <check barcodeCheck="111501900004" Cash="2.00" BankCards="0.70" BankChecks="2" Resto="1" BondAchat="0" Rendu="0,00" sum="5.7" date="2017-02-18T11:50:19.4226115+01:00">
    <product>
      <ii>2</ii>
      <CustomerId>c7672caf-4ad9-40a2-9c47-634b9b51c89d</CustomerId>
      <Name>BOULGOUR  FIN 1KG</Name>
      <Desc>BOULGOUR BLOND FIN 1KG  </Desc>
      <price>1.75</price>
      <priceGros>1.790</priceGros>
      <tva>1</tva>
      <qty>1</qty>
      <CodeBare>[201]</CodeBare>
      <balance>false</balance>
      <contenance>25.000</contenance>
      <uniteContenance>0</uniteContenance>
      <tare>0</tare>
      <date>2017-02-15T13:51:02.3918628+01:00</date>
      <cusumerIdRealStock>e2d81bb1-b4a7-4d52-9f01-56b91fadee26</cusumerIdRealStock>
      <cusumerIdSubGroup>57</cusumerIdSubGroup>
      <ProductsWeb_CustomerId>4ca2c0d2-51f6-4585-8667-7c856fcb4409</ProductsWeb_CustomerId>
      <grp>8</grp>
      <sgrp>57</sgrp>
      <Discount>0.0</Discount>
      <sumDiscount>0</sumDiscount>
      <total>1.75</total>
    </product>
    <product>
      <ii>1</ii>
      <CustomerId>fe8fd35b-18df-4a89-a14c-4ec97e8a2910</CustomerId>
      <Name>SARRASIN (GRECHKA)   1KG</Name>
      <Desc>SARAZIN 1KG  </Desc>
      <price>2.200</price>
      <priceGros>1.390</priceGros>
      <tva>1</tva>
      <qty>1</qty>
      <CodeBare>[217]</CodeBare>
      <balance>false</balance>
      <contenance>50.000</contenance>
      <uniteContenance>0</uniteContenance>
      <tare>0</tare>
      <date>2017-01-20T15:15:12.883</date>
      <cusumerIdRealStock>d18f0331-08ea-48a8-b153-167ac67184eb</cusumerIdRealStock>
      <cusumerIdSubGroup>80</cusumerIdSubGroup>
      <ProductsWeb_CustomerId>468dad0c-48e5-4f8f-9c5c-1edf4f13ffc5</ProductsWeb_CustomerId>
      <grp>8</grp>
      <sgrp>80</sgrp>
      <Discount>0.0</Discount>
      <sumDiscount>0</sumDiscount>
      <total>2.2</total>
    </product>
    <product>
      <ii>0</ii>
      <CustomerId>bbac29b3-4342-4e63-a594-fe22c77c53a9</CustomerId>
      <Name>BOULGOUR BLOND GROS GRAIN 1KG</Name>
      <Desc>BOULGOUR BLOND GROS 1KG  </Desc>
      <price>1.75</price>
      <priceGros>1.330</priceGros>
      <tva>1</tva>
      <qty>1</qty>
      <CodeBare>[202]</CodeBare>
      <balance>false</balance>
      <contenance>10.000</contenance>
      <uniteContenance>0</uniteContenance>
      <tare>0</tare>
      <date>2017-02-13T18:06:19.4238094+01:00</date>
      <cusumerIdRealStock>da984831-e57b-4392-b2ff-01bf53a9fb21</cusumerIdRealStock>
      <cusumerIdSubGroup>80</cusumerIdSubGroup>
      <ProductsWeb_CustomerId>f951bb08-3234-4fb5-bafd-fc55eae552ae</ProductsWeb_CustomerId>
      <grp>8</grp>
      <sgrp>80</sgrp>
      <Discount>0.0</Discount>
      <sumDiscount>0</sumDiscount>
      <total>1.75</total>
    </product>
  </check>
  <check barcodeCheck="111524100005" Cash="5.17" BankCards="0" BankChecks="0" Resto="0" BondAchat="0" Rendu="0,00" sum="5.17" date="2017-02-18T11:52:41.8372411+01:00">
    <product>
      <ii>1</ii>
      <CustomerId>9538f090-53a6-4914-9aa5-fac0b4797ee3</CustomerId>
      <Name>RIZ ROND 1KG</Name>
      <Desc>RIZ PARFUME 1KG  </Desc>
      <price>1.59</price>
      <priceGros>1.170</priceGros>
      <tva>1</tva>
      <qty>2</qty>
      <CodeBare>[220][8000024000408]^1,000[8000024000408]^1,000[8000024000408]^1,000[8000024000408]^1,000[8000024000408]^1,000[8000024000408]^1,000[8000024000408]^1,000[8000024000408]^1,000[8000024000408]^1,000</CodeBare>
      <balance>false</balance>
      <contenance>0</contenance>
      <uniteContenance>0</uniteContenance>
      <tare>0</tare>
      <date>2017-02-15T13:12:21.187408+01:00</date>
      <cusumerIdRealStock>8d3a2162-9898-4335-aa9b-109b81c9064e</cusumerIdRealStock>
      <cusumerIdSubGroup>57</cusumerIdSubGroup>
      <ProductsWeb_CustomerId>3432e3aa-0979-4b4e-9b91-2efcf23792ac</ProductsWeb_CustomerId>
      <grp>8</grp>
      <sgrp>57</sgrp>
      <Discount>0.0</Discount>
      <sumDiscount>0</sumDiscount>
      <total>3.18</total>
    </product>
    <product>
      <ii>0</ii>
      <CustomerId>ff04a64d-e47f-41d7-bb5a-ba0c07cd5860</CustomerId>
      <Name>BOULGOUR BRUN FIN 1KG</Name>
      <Desc>BOULGOUR BRUN FIN 1KG   MARKAL</Desc>
      <price>1.990</price>
      <priceGros>1.320</priceGros>
      <tva>1</tva>
      <qty>1</qty>
      <CodeBare>[203]</CodeBare>
      <balance>false</balance>
      <contenance>25.000</contenance>
      <uniteContenance>0</uniteContenance>
      <tare>0</tare>
      <date>2017-02-15T13:53:12.9480415+01:00</date>
      <cusumerIdRealStock>d1322768-101f-4dfe-a8c2-e6554c391f18</cusumerIdRealStock>
      <cusumerIdSubGroup>80</cusumerIdSubGroup>
      <ProductsWeb_CustomerId>91df3cf8-5747-4169-ae74-bda4fece62d9</ProductsWeb_CustomerId>
      <grp>8</grp>
      <sgrp>80</sgrp>
      <Discount>0.0</Discount>
      <sumDiscount>0</sumDiscount>
      <total>1.99</total>
    </product>
  </check>
  <check barcodeCheck="111565200006" Cash="5.94" BankCards="0" BankChecks="0" Resto="0" BondAchat="0" Rendu="0,00" sum="5.94" date="2017-02-18T11:56:52.1527711+01:00">
    <product>
      <ii>2</ii>
      <CustomerId>c7672caf-4ad9-40a2-9c47-634b9b51c89d</CustomerId>
      <Name>BOULGOUR  FIN 1KG</Name>
      <Desc>BOULGOUR BLOND FIN 1KG  </Desc>
      <price>1.75</price>
      <priceGros>1.790</priceGros>
      <tva>1</tva>
      <qty>1</qty>
      <CodeBare>[201]</CodeBare>
      <balance>false</balance>
      <contenance>25.000</contenance>
      <uniteContenance>0</uniteContenance>
      <tare>0</tare>
      <date>2017-02-15T13:51:02.3918628+01:00</date>
      <cusumerIdRealStock>e2d81bb1-b4a7-4d52-9f01-56b91fadee26</cusumerIdRealStock>
      <cusumerIdSubGroup>57</cusumerIdSubGroup>
      <ProductsWeb_CustomerId>4ca2c0d2-51f6-4585-8667-7c856fcb4409</ProductsWeb_CustomerId>
      <grp>8</grp>
      <sgrp>57</sgrp>
      <Discount>0.0</Discount>
      <sumDiscount>0</sumDiscount>
      <total>1.75</total>
    </product>
    <product>
      <ii>1</ii>
      <CustomerId>ff04a64d-e47f-41d7-bb5a-ba0c07cd5860</CustomerId>
      <Name>BOULGOUR BRUN FIN 1KG</Name>
      <Desc>BOULGOUR BRUN FIN 1KG   MARKAL</Desc>
      <price>1.990</price>
      <priceGros>1.320</priceGros>
      <tva>1</tva>
      <qty>1</qty>
      <CodeBare>[203]</CodeBare>
      <balance>false</balance>
      <contenance>25.000</contenance>
      <uniteContenance>0</uniteContenance>
      <tare>0</tare>
      <date>2017-02-15T13:53:12.9480415+01:00</date>
      <cusumerIdRealStock>d1322768-101f-4dfe-a8c2-e6554c391f18</cusumerIdRealStock>
      <cusumerIdSubGroup>80</cusumerIdSubGroup>
      <ProductsWeb_CustomerId>91df3cf8-5747-4169-ae74-bda4fece62d9</ProductsWeb_CustomerId>
      <grp>8</grp>
      <sgrp>80</sgrp>
      <Discount>0.0</Discount>
      <sumDiscount>0</sumDiscount>
      <total>1.99</total>
    </product>
    <product>
      <ii>0</ii>
      <CustomerId>fe8fd35b-18df-4a89-a14c-4ec97e8a2910</CustomerId>
      <Name>SARRASIN (GRECHKA)   1KG</Name>
      <Desc>SARAZIN 1KG  </Desc>
      <price>2.200</price>
      <priceGros>1.390</priceGros>
      <tva>1</tva>
      <qty>1</qty>
      <CodeBare>[217]</CodeBare>
      <balance>false</balance>
      <contenance>50.000</contenance>
      <uniteContenance>0</uniteContenance>
      <tare>0</tare>
      <date>2017-01-20T15:15:12.883</date>
      <cusumerIdRealStock>d18f0331-08ea-48a8-b153-167ac67184eb</cusumerIdRealStock>
      <cusumerIdSubGroup>80</cusumerIdSubGroup>
      <ProductsWeb_CustomerId>468dad0c-48e5-4f8f-9c5c-1edf4f13ffc5</ProductsWeb_CustomerId>
      <grp>8</grp>
      <sgrp>80</sgrp>
      <Discount>0.0</Discount>
      <sumDiscount>0</sumDiscount>
      <total>2.2</total>
    </product>
  </check>
  <check barcodeCheck="111590100007" Cash="0" BankCards="8.88" BankChecks="0" Resto="0" BondAchat="0" Rendu="0,00" sum="8.88" date="2017-02-18T11:59:01.6881259+01:00">
    <product>
      <ii>3</ii>
      <CustomerId>bbac29b3-4342-4e63-a594-fe22c77c53a9</CustomerId>
      <Name>BOULGOUR BLOND GROS GRAIN 1KG</Name>
      <Desc>BOULGOUR BLOND GROS 1KG  </Desc>
      <price>1.75</price>
      <priceGros>1.330</priceGros>
      <tva>1</tva>
      <qty>1</qty>
      <CodeBare>[202]</CodeBare>
      <balance>false</balance>
      <contenance>10.000</contenance>
      <uniteContenance>0</uniteContenance>
      <tare>0</tare>
      <date>2017-02-13T18:06:19.4238094+01:00</date>
      <cusumerIdRealStock>da984831-e57b-4392-b2ff-01bf53a9fb21</cusumerIdRealStock>
      <cusumerIdSubGroup>80</cusumerIdSubGroup>
      <ProductsWeb_CustomerId>f951bb08-3234-4fb5-bafd-fc55eae552ae</ProductsWeb_CustomerId>
      <grp>8</grp>
      <sgrp>80</sgrp>
      <Discount>0.0</Discount>
      <sumDiscount>0</sumDiscount>
      <total>1.75</total>
    </product>
    <product>
      <ii>2</ii>
      <CustomerId>9538f090-53a6-4914-9aa5-fac0b4797ee3</CustomerId>
      <Name>RIZ ROND 1KG</Name>
      <Desc>RIZ PARFUME 1KG  </Desc>
      <price>1.59</price>
      <priceGros>1.170</priceGros>
      <tva>1</tva>
      <qty>2</qty>
      <CodeBare>[220][8000024000408]^1,000[8000024000408]^1,000[8000024000408]^1,000[8000024000408]^1,000[8000024000408]^1,000[8000024000408]^1,000[8000024000408]^1,000[8000024000408]^1,000[8000024000408]^1,000</CodeBare>
      <balance>false</balance>
      <contenance>0</contenance>
      <uniteContenance>0</uniteContenance>
      <tare>0</tare>
      <date>2017-02-15T13:12:21.187408+01:00</date>
      <cusumerIdRealStock>8d3a2162-9898-4335-aa9b-109b81c9064e</cusumerIdRealStock>
      <cusumerIdSubGroup>57</cusumerIdSubGroup>
      <ProductsWeb_CustomerId>3432e3aa-0979-4b4e-9b91-2efcf23792ac</ProductsWeb_CustomerId>
      <grp>8</grp>
      <sgrp>57</sgrp>
      <Discount>0.0</Discount>
      <sumDiscount>0</sumDiscount>
      <total>3.18</total>
    </product>
    <product>
      <ii>1</ii>
      <CustomerId>c7672caf-4ad9-40a2-9c47-634b9b51c89d</CustomerId>
      <Name>BOULGOUR  FIN 1KG</Name>
      <Desc>BOULGOUR BLOND FIN 1KG  </Desc>
      <price>1.75</price>
      <priceGros>1.790</priceGros>
      <tva>1</tva>
      <qty>1</qty>
      <CodeBare>[201]</CodeBare>
      <balance>false</balance>
      <contenance>25.000</contenance>
      <uniteContenance>0</uniteContenance>
      <tare>0</tare>
      <date>2017-02-15T13:51:02.3918628+01:00</date>
      <cusumerIdRealStock>e2d81bb1-b4a7-4d52-9f01-56b91fadee26</cusumerIdRealStock>
      <cusumerIdSubGroup>57</cusumerIdSubGroup>
      <ProductsWeb_CustomerId>4ca2c0d2-51f6-4585-8667-7c856fcb4409</ProductsWeb_CustomerId>
      <grp>8</grp>
      <sgrp>57</sgrp>
      <Discount>0.0</Discount>
      <sumDiscount>0</sumDiscount>
      <total>1.75</total>
    </product>
    <product>
      <ii>0</ii>
      <CustomerId>fe8fd35b-18df-4a89-a14c-4ec97e8a2910</CustomerId>
      <Name>SARRASIN (GRECHKA)   1KG</Name>
      <Desc>SARAZIN 1KG  </Desc>
      <price>2.200</price>
      <priceGros>1.390</priceGros>
      <tva>1</tva>
      <qty>1</qty>
      <CodeBare>[217]</CodeBare>
      <balance>false</balance>
      <contenance>50.000</contenance>
      <uniteContenance>0</uniteContenance>
      <tare>0</tare>
      <date>2017-01-20T15:15:12.883</date>
      <cusumerIdRealStock>d18f0331-08ea-48a8-b153-167ac67184eb</cusumerIdRealStock>
      <cusumerIdSubGroup>80</cusumerIdSubGroup>
      <ProductsWeb_CustomerId>468dad0c-48e5-4f8f-9c5c-1edf4f13ffc5</ProductsWeb_CustomerId>
      <grp>8</grp>
      <sgrp>80</sgrp>
      <Discount>0.0</Discount>
      <sumDiscount>0</sumDiscount>
      <total>2.2</total>
    </product>
  </check>
  <check barcodeCheck="112052600008" Cash="7.02" BankCards="0" BankChecks="0" Resto="0" BondAchat="0" Rendu="0,00" sum="7.02" date="2017-02-18T12:05:26.0269057+01:00">
    <product>
      <ii>3</ii>
      <CustomerId>bbac29b3-4342-4e63-a594-fe22c77c53a9</CustomerId>
      <Name>BOULGOUR BLOND GROS GRAIN 1KG</Name>
      <Desc>BOULGOUR BLOND GROS 1KG  </Desc>
      <price>1.75</price>
      <priceGros>1.330</priceGros>
      <tva>1</tva>
      <qty>1</qty>
      <CodeBare>[202]</CodeBare>
      <balance>false</balance>
      <contenance>10.000</contenance>
      <uniteContenance>0</uniteContenance>
      <tare>0</tare>
      <date>2017-02-13T18:06:19.4238094+01:00</date>
      <cusumerIdRealStock>da984831-e57b-4392-b2ff-01bf53a9fb21</cusumerIdRealStock>
      <cusumerIdSubGroup>80</cusumerIdSubGroup>
      <ProductsWeb_CustomerId>f951bb08-3234-4fb5-bafd-fc55eae552ae</ProductsWeb_CustomerId>
      <grp>8</grp>
      <sgrp>80</sgrp>
      <Discount>0</Discount>
      <sumDiscount>0</sumDiscount>
      <total>1.75</total>
    </product>
    <product>
      <ii>2</ii>
      <CustomerId>6b6a03c5-c5c4-44ac-b61d-837a314b7cc9</CustomerId>
      <Name>POIS VERT PETITE SEC 1KG</Name>
      <Desc>PETIT POUS VERT 1KG</Desc>
      <price>1.490</price>
      <priceGros>1.490</priceGros>
      <tva>1</tva>
      <qty>1</qty>
      <CodeBare>[221]</CodeBare>
      <balance>false</balance>
      <contenance>5.000</contenance>
      <uniteContenance>0</uniteContenance>
      <tare>0</tare>
      <date>2015-07-06T13:19:58.757</date>
      <cusumerIdRealStock>028352cd-a83e-4505-a5bf-a107a6ef86a7</cusumerIdRealStock>
      <cusumerIdSubGroup>80</cusumerIdSubGroup>
      <ProductsWeb_CustomerId>fb49f0fe-cb7a-4c71-80c8-aa936a3420d7</ProductsWeb_CustomerId>
      <grp>8</grp>
      <sgrp>80</sgrp>
      <Discount>0</Discount>
      <sumDiscount>0</sumDiscount>
      <total>1.49</total>
    </product>
    <product>
      <ii>1</ii>
      <CustomerId>4199fc73-6fd5-4211-9720-fcdbfd457e5f</CustomerId>
      <Name>BLÉ ENTIER 1KG -</Name>
      <Desc>BLE ENTIER 1KG  </Desc>
      <price>1.790</price>
      <priceGros>1.320</priceGros>
      <tva>1</tva>
      <qty>1</qty>
      <CodeBare>[200]</CodeBare>
      <balance>false</balance>
      <contenance>1.000</contenance>
      <uniteContenance>0</uniteContenance>
      <tare>0</tare>
      <date>2015-08-12T18:50:06.95</date>
      <cusumerIdRealStock>83cf9d85-2b4c-4858-8026-9db96c0610b0</cusumerIdRealStock>
      <cusumerIdSubGroup>80</cusumerIdSubGroup>
      <ProductsWeb_CustomerId>12e29e50-6cc2-4820-88b3-9d5f1b837fbd</ProductsWeb_CustomerId>
      <grp>8</grp>
      <sgrp>80</sgrp>
      <Discount>0</Discount>
      <sumDiscount>0</sumDiscount>
      <total>1.79</total>
    </product>
    <product>
      <ii>0</ii>
      <CustomerId>ff04a64d-e47f-41d7-bb5a-ba0c07cd5860</CustomerId>
      <Name>BOULGOUR BRUN FIN 1KG</Name>
      <Desc>BOULGOUR BRUN FIN 1KG   MARKAL</Desc>
      <price>1.990</price>
      <priceGros>1.320</priceGros>
      <tva>1</tva>
      <qty>1</qty>
      <CodeBare>[203]</CodeBare>
      <balance>false</balance>
      <contenance>25.000</contenance>
      <uniteContenance>0</uniteContenance>
      <tare>0</tare>
      <date>2017-02-15T13:53:12.9480415+01:00</date>
      <cusumerIdRealStock>d1322768-101f-4dfe-a8c2-e6554c391f18</cusumerIdRealStock>
      <cusumerIdSubGroup>80</cusumerIdSubGroup>
      <ProductsWeb_CustomerId>91df3cf8-5747-4169-ae74-bda4fece62d9</ProductsWeb_CustomerId>
      <grp>8</grp>
      <sgrp>80</sgrp>
      <Discount>0</Discount>
      <sumDiscount>0</sumDiscount>
      <total>1.99</total>
    </product>
  </check>
  <check barcodeCheck="112071900009" Cash="10.56" BankCards="0" BankChecks="0" Resto="0" BondAchat="0" Rendu="0,00" sum="10.56" date="2017-02-18T12:07:19.9808519+01:00">
    <product>
      <ii>3</ii>
      <CustomerId>bbef6ef4-e1cd-400f-a7db-33c01246e4ae</CustomerId>
      <Name>HARICOT GEANT 800G</Name>
      <Desc></Desc>
      <price>3.200</price>
      <priceGros>2.220</priceGros>
      <tva>1</tva>
      <qty>1</qty>
      <CodeBare>[327049210005]</CodeBare>
      <balance>false</balance>
      <contenance>12.000</contenance>
      <uniteContenance>0</uniteContenance>
      <tare>0</tare>
      <date>2016-11-07T12:45:40.9</date>
      <cusumerIdRealStock>1fa06ef9-55b6-4243-b7b2-aa36f4c71367</cusumerIdRealStock>
      <cusumerIdSubGroup>80</cusumerIdSubGroup>
      <ProductsWeb_CustomerId>e69b9fc8-8fb8-4f45-885b-b9745b7eacfa</ProductsWeb_CustomerId>
      <grp>8</grp>
      <sgrp>80</sgrp>
      <Discount>0.0</Discount>
      <sumDiscount>0</sumDiscount>
      <total>3.2</total>
    </product>
    <product>
      <ii>2</ii>
      <CustomerId>4199fc73-6fd5-4211-9720-fcdbfd457e5f</CustomerId>
      <Name>BLÉ ENTIER 1KG -</Name>
      <Desc>BLE ENTIER 1KG  </Desc>
      <price>1.790</price>
      <priceGros>1.320</priceGros>
      <tva>1</tva>
      <qty>1</qty>
      <CodeBare>[200]</CodeBare>
      <balance>false</balance>
      <contenance>1.000</contenance>
      <uniteContenance>0</uniteContenance>
      <tare>0</tare>
      <date>2015-08-12T18:50:06.95</date>
      <cusumerIdRealStock>83cf9d85-2b4c-4858-8026-9db96c0610b0</cusumerIdRealStock>
      <cusumerIdSubGroup>80</cusumerIdSubGroup>
      <ProductsWeb_CustomerId>12e29e50-6cc2-4820-88b3-9d5f1b837fbd</ProductsWeb_CustomerId>
      <grp>8</grp>
      <sgrp>80</sgrp>
      <Discount>0.0</Discount>
      <sumDiscount>0</sumDiscount>
      <total>1.79</total>
    </product>
    <product>
      <ii>1</ii>
      <CustomerId>9538f090-53a6-4914-9aa5-fac0b4797ee3</CustomerId>
      <Name>RIZ ROND 1KG</Name>
      <Desc>RIZ PARFUME 1KG  </Desc>
      <price>1.59</price>
      <priceGros>1.170</priceGros>
      <tva>1</tva>
      <qty>1</qty>
      <CodeBare>[220][8000024000408]^1,000[8000024000408]^1,000[8000024000408]^1,000[8000024000408]^1,000[8000024000408]^1,000[8000024000408]^1,000[8000024000408]^1,000[8000024000408]^1,000[8000024000408]^1,000</CodeBare>
      <balance>false</balance>
      <contenance>0</contenance>
      <uniteContenance>0</uniteContenance>
      <tare>0</tare>
      <date>2017-02-15T13:12:21.187408+01:00</date>
      <cusumerIdRealStock>8d3a2162-9898-4335-aa9b-109b81c9064e</cusumerIdRealStock>
      <cusumerIdSubGroup>57</cusumerIdSubGroup>
      <ProductsWeb_CustomerId>3432e3aa-0979-4b4e-9b91-2efcf23792ac</ProductsWeb_CustomerId>
      <grp>8</grp>
      <sgrp>57</sgrp>
      <Discount>0.0</Discount>
      <sumDiscount>0</sumDiscount>
      <total>1.59</total>
    </product>
    <product>
      <ii>0</ii>
      <CustomerId>c9421428-7950-43ec-86d4-7848c92470ef</CustomerId>
      <Name>FEVE GROSSE ENTIER   800G</Name>
      <Desc>FOUL ENTIER 1KG  </Desc>
      <price>1.990</price>
      <priceGros>1.930</priceGros>
      <tva>1</tva>
      <qty>2</qty>
      <CodeBare>[205]</CodeBare>
      <balance>false</balance>
      <contenance>10.000</contenance>
      <uniteContenance>0</uniteContenance>
      <tare>0</tare>
      <date>2016-12-16T12:42:40.163</date>
      <cusumerIdRealStock>f58e82a8-4c72-4550-8982-1db6e7ea933d</cusumerIdRealStock>
      <cusumerIdSubGroup>80</cusumerIdSubGroup>
      <ProductsWeb_CustomerId>33b0617b-5bd0-4020-ad00-b2b3345bd3c5</ProductsWeb_CustomerId>
      <grp>8</grp>
      <sgrp>80</sgrp>
      <Discount>0.0</Discount>
      <sumDiscount>0</sumDiscount>
      <total>3.98</total>
    </product>
  </check>
</checks>