﻿<?xml version="1.0" encoding="utf-8"?>
<Grid>
  <rec>
    <id>0</id>
    <Date_upd>26.11.2016 18:44:48</Date_upd>
    <X>0</X>
    <Y>0</Y>
    <Caption>2</Caption>
    <Color>255,184,134,11</Color>
    <foreground>255,0,0,0</foreground>
    <Img></Img>
    <Fun>b820ec90-6b69-47f2-bb95-564f1056df9c</Fun>
  </rec>
  <rec>
    <id>0</id>
    <Date_upd>26.11.2016 18:45:15</Date_upd>
    <X>0</X>
    <Y>1</Y>
    <Caption>1</Caption>
    <Color>255,0,255,255</Color>
    <foreground>255,0,0,0</foreground>
    <Img></Img>
    <Fun>296e5a8f-1299-4961-96c7-e4d3cba9871d</Fun>
  </rec>
  <rec>
    <id>4</id>
    <Date_upd>26.11.2016 18:45:11</Date_upd>
    <X>1</X>
    <Y>4</Y>
    <Caption></Caption>
    <Color>255,221,221,221</Color>
    <foreground>255,0,0,0</foreground>
    <Img></Img>
    <Fun>296e5a8f-1299-4961-96c7-e4d3cba9871d</Fun>
  </rec>
  <rec>
    <id>0</id>
    <Date_upd>14.12.2016 12:37:56</Date_upd>
    <X>0</X>
    <Y>2</Y>
    <Caption>10c</Caption>
    <Color>255,221,221,221</Color>
    <foreground>255,0,0,0</foreground>
    <Img></Img>
    <Fun>12c46353-4e69-478d-8a82-961a7d8a37ea</Fun>
  </rec>
</Grid>