<AccountUsers>
  <rec>
    <CustomerId>77f1b587-fe4c-4a9c-ac8e-fe5d549affe7</CustomerId>
    <Fio>Admin</Fio>
    <Login>admin</Login>
    <Password>admin</Password>
    <RoleId>6f8b7efb-45e6-4809-977c-8eb334cc23ce</RoleId>
    <Pin>admin</Pin>
  </rec>
  <rec>
    <CustomerId>11f2cda6-2af5-498c-a86f-abfdc46cadc3</CustomerId>
    <Fio>Kassir</Fio>
    <Login>cassa</Login>
    <Password>cassa</Password>
    <RoleId>396db4d7-80c3-47b1-8552-18286ac28cda</RoleId>
    <Pin></Pin>
  </rec>
</AccountUsers>