<ActionsCaisse>
  <item>
    <DeActions>
      <type>1</type>
      <enabled>true</enabled>
      <A>2016-11-11T12:03:57</A>
      <B>2020-12-12T00:00:00</B>
      <establishmentCustomerId>e27d5a4d-d6d3-4ee5-810b-f95b32e0bb93</establishmentCustomerId>
      <productCustomerId>870197b5-cbcc-4ed0-a4a8-ed9aa4104d72</productCustomerId>
      <qty>10.00</qty>
      <prix>0.25</prix>
      <discount>0</discount>
    </DeActions>
  </item>
  <item>
    <DeActions>
      <type>1</type>
      <enabled>true</enabled>
      <A>2016-11-11T11:29:32</A>
      <B>2020-12-12T00:00:00</B>
      <establishmentCustomerId>e27d5a4d-d6d3-4ee5-810b-f95b32e0bb93</establishmentCustomerId>
      <productCustomerId>bf6a4279-a1b2-4e0a-b4e6-f124a6b0e9ac</productCustomerId>
      <qty>10.00</qty>
      <prix>0.25</prix>
      <discount>0</discount>
    </DeActions>
  </item>
  <item>
    <DeActions>
      <type>1</type>
      <enabled>true</enabled>
      <A>2017-01-10T13:57:39</A>
      <B>2090-01-10T00:00:00</B>
      <establishmentCustomerId>e27d5a4d-d6d3-4ee5-810b-f95b32e0bb93</establishmentCustomerId>
      <productCustomerId>0c446f14-4c58-4ba1-b4b8-074ee3d308c0</productCustomerId>
      <qty>5.00</qty>
      <prix>1.79</prix>
      <discount>0</discount>
    </DeActions>
  </item>
  <item>
    <DeActions>
      <type>1</type>
      <enabled>true</enabled>
      <A>2017-01-16T09:44:04</A>
      <B>2097-01-16T09:44:04</B>
      <establishmentCustomerId>e27d5a4d-d6d3-4ee5-810b-f95b32e0bb93</establishmentCustomerId>
      <productCustomerId>92dc7f3f-8956-463d-bd91-c1aaa6916945</productCustomerId>
      <qty>3.00</qty>
      <prix>0.60</prix>
      <discount>0</discount>
    </DeActions>
  </item>
  <item>
    <DeActions>
      <type>1</type>
      <enabled>true</enabled>
      <A>2016-11-11T14:35:09</A>
      <B>2020-12-12T00:00:00</B>
      <establishmentCustomerId>e27d5a4d-d6d3-4ee5-810b-f95b32e0bb93</establishmentCustomerId>
      <productCustomerId>f47a4f4b-9879-4a1a-aeba-9b6528a09138</productCustomerId>
      <qty>10.00</qty>
      <prix>0.25</prix>
      <discount>0</discount>
    </DeActions>
  </item>
  <item>
    <DeActions>
      <type>1</type>
      <enabled>true</enabled>
      <A>2016-11-11T13:40:31</A>
      <B>2020-12-12T00:00:00</B>
      <establishmentCustomerId>e27d5a4d-d6d3-4ee5-810b-f95b32e0bb93</establishmentCustomerId>
      <productCustomerId>3e895801-ffeb-4535-a40d-acceba74d739</productCustomerId>
      <qty>10.00</qty>
      <prix>0.25</prix>
      <discount>0</discount>
    </DeActions>
  </item>
  <item>
    <DeActions>
      <type>1</type>
      <enabled>true</enabled>
      <A>2016-11-11T15:31:55</A>
      <B>2020-12-12T00:00:00</B>
      <establishmentCustomerId>e27d5a4d-d6d3-4ee5-810b-f95b32e0bb93</establishmentCustomerId>
      <productCustomerId>961dd3c8-d4f9-4732-b2db-7517c57bd577</productCustomerId>
      <qty>20.00</qty>
      <prix>0.30</prix>
      <discount>0</discount>
    </DeActions>
  </item>
  <item>
    <DeActions>
      <type>1</type>
      <enabled>true</enabled>
      <A>2016-11-11T14:57:23</A>
      <B>2020-12-12T00:00:00</B>
      <establishmentCustomerId>e27d5a4d-d6d3-4ee5-810b-f95b32e0bb93</establishmentCustomerId>
      <productCustomerId>52e7c183-3590-497f-9d2f-f74d7a5369ad</productCustomerId>
      <qty>10.00</qty>
      <prix>0.25</prix>
      <discount>0</discount>
    </DeActions>
  </item>
</ActionsCaisse>