<ActionHashBoxes>
  <rec>
    <CustomerId>55537f46-59ac-4947-9a08-0757ede32c77</CustomerId>
    <NameAction>CapriSonne Boisson Cerise 0,2l - 4000177996003</NameAction>
    <Date>2016-11-11T00:00:00</Date>
    <A>2016-11-11T12:03:57</A>
    <B>2020-12-12T00:00:00</B>
    <Est>e27d5a4d-d6d3-4ee5-810b-f95b32e0bb93</Est>
    <Enabled>true</Enabled>
    <Xml>&lt;DeActions&gt;&lt;type&gt;1&lt;/type&gt;&lt;enabled&gt;true&lt;/enabled&gt;&lt;A&gt;2016-11-11T12:03:57&lt;/A&gt;&lt;B&gt;2020-12-12T00:00:00&lt;/B&gt;&lt;establishmentCustomerId&gt;e27d5a4d-d6d3-4ee5-810b-f95b32e0bb93&lt;/establishmentCustomerId&gt;&lt;productCustomerId&gt;870197b5-cbcc-4ed0-a4a8-ed9aa4104d72&lt;/productCustomerId&gt;&lt;qty&gt;10.00&lt;/qty&gt;&lt;prix&gt;0.25&lt;/prix&gt;&lt;discount&gt;0&lt;/discount&gt;&lt;/DeActions&gt;</Xml>
  </rec>
  <rec>
    <CustomerId>68b23151-0918-4e27-a966-517bb3587449</CustomerId>
    <NameAction>CAPRI-SONNE SUPERDRINK - 4000177015575</NameAction>
    <Date>2016-11-11T00:00:00</Date>
    <A>2016-11-11T11:29:32</A>
    <B>2020-12-12T00:00:00</B>
    <Est>e27d5a4d-d6d3-4ee5-810b-f95b32e0bb93</Est>
    <Enabled>true</Enabled>
    <Xml>&lt;DeActions&gt;&lt;type&gt;1&lt;/type&gt;&lt;enabled&gt;true&lt;/enabled&gt;&lt;A&gt;2016-11-11T11:29:32&lt;/A&gt;&lt;B&gt;2020-12-12T00:00:00&lt;/B&gt;&lt;establishmentCustomerId&gt;e27d5a4d-d6d3-4ee5-810b-f95b32e0bb93&lt;/establishmentCustomerId&gt;&lt;productCustomerId&gt;bf6a4279-a1b2-4e0a-b4e6-f124a6b0e9ac&lt;/productCustomerId&gt;&lt;qty&gt;10.00&lt;/qty&gt;&lt;prix&gt;0.25&lt;/prix&gt;&lt;discount&gt;0&lt;/discount&gt;&lt;/DeActions&gt;</Xml>
  </rec>
  <rec>
    <CustomerId>c720cc36-f037-4e35-89f2-628583a37c24</CustomerId>
    <NameAction>Haricots blanc MARMITON 5kg</NameAction>
    <Date>2017-01-10T13:57:39</Date>
    <A>2017-01-10T13:57:39</A>
    <B>2090-01-10T00:00:00</B>
    <Est>e27d5a4d-d6d3-4ee5-810b-f95b32e0bb93</Est>
    <Enabled>true</Enabled>
    <Xml>&lt;DeActions&gt;&lt;type&gt;1&lt;/type&gt;&lt;enabled&gt;true&lt;/enabled&gt;&lt;A&gt;2017-01-10T13:57:39&lt;/A&gt;&lt;B&gt;2090-01-10T00:00:00&lt;/B&gt;&lt;establishmentCustomerId&gt;e27d5a4d-d6d3-4ee5-810b-f95b32e0bb93&lt;/establishmentCustomerId&gt;&lt;productCustomerId&gt;0c446f14-4c58-4ba1-b4b8-074ee3d308c0&lt;/productCustomerId&gt;&lt;qty&gt;5.00&lt;/qty&gt;&lt;prix&gt;1.79&lt;/prix&gt;&lt;discount&gt;0&lt;/discount&gt;&lt;/DeActions&gt;</Xml>
  </rec>
  <rec>
    <CustomerId>964012a6-5549-4f2c-a822-7c4fd47c0fcd</CustomerId>
    <NameAction>TeremYag ULKER 3 x 250g - 8691375673153</NameAction>
    <Date>2017-01-16T00:00:00</Date>
    <A>2017-01-16T09:44:04</A>
    <B>2097-01-16T09:44:04</B>
    <Est>e27d5a4d-d6d3-4ee5-810b-f95b32e0bb93</Est>
    <Enabled>true</Enabled>
    <Xml>&lt;DeActions&gt;&lt;type&gt;1&lt;/type&gt;&lt;enabled&gt;true&lt;/enabled&gt;&lt;A&gt;2017-01-16T09:44:04&lt;/A&gt;&lt;B&gt;2097-01-16T09:44:04&lt;/B&gt;&lt;establishmentCustomerId&gt;e27d5a4d-d6d3-4ee5-810b-f95b32e0bb93&lt;/establishmentCustomerId&gt;&lt;productCustomerId&gt;92dc7f3f-8956-463d-bd91-c1aaa6916945&lt;/productCustomerId&gt;&lt;qty&gt;3.00&lt;/qty&gt;&lt;prix&gt;0.60&lt;/prix&gt;&lt;discount&gt;0&lt;/discount&gt;&lt;/DeActions&gt;</Xml>
  </rec>
  <rec>
    <CustomerId>33901d27-ebac-4fa9-ba2d-9e9001595547</CustomerId>
    <NameAction>CAPRISONNE Boisson Fruits CapriSonne 0,2l - 4000177605004</NameAction>
    <Date>2016-11-11T00:00:00</Date>
    <A>2016-11-11T14:35:09</A>
    <B>2020-12-12T00:00:00</B>
    <Est>e27d5a4d-d6d3-4ee5-810b-f95b32e0bb93</Est>
    <Enabled>true</Enabled>
    <Xml>&lt;DeActions&gt;&lt;type&gt;1&lt;/type&gt;&lt;enabled&gt;true&lt;/enabled&gt;&lt;A&gt;2016-11-11T14:35:09&lt;/A&gt;&lt;B&gt;2020-12-12T00:00:00&lt;/B&gt;&lt;establishmentCustomerId&gt;e27d5a4d-d6d3-4ee5-810b-f95b32e0bb93&lt;/establishmentCustomerId&gt;&lt;productCustomerId&gt;f47a4f4b-9879-4a1a-aeba-9b6528a09138&lt;/productCustomerId&gt;&lt;qty&gt;10.00&lt;/qty&gt;&lt;prix&gt;0.25&lt;/prix&gt;&lt;discount&gt;0&lt;/discount&gt;&lt;/DeActions&gt;</Xml>
  </rec>
  <rec>
    <CustomerId>12a1ad3e-7b48-4180-9eeb-b18df491a6aa</CustomerId>
    <NameAction>CAPRISONNE Boisson Cola CapriSonne 0,2l - 4000177819005</NameAction>
    <Date>2016-11-11T00:00:00</Date>
    <A>2016-11-11T13:40:31</A>
    <B>2020-12-12T00:00:00</B>
    <Est>e27d5a4d-d6d3-4ee5-810b-f95b32e0bb93</Est>
    <Enabled>true</Enabled>
    <Xml>&lt;DeActions&gt;&lt;type&gt;1&lt;/type&gt;&lt;enabled&gt;true&lt;/enabled&gt;&lt;A&gt;2016-11-11T13:40:31&lt;/A&gt;&lt;B&gt;2020-12-12T00:00:00&lt;/B&gt;&lt;establishmentCustomerId&gt;e27d5a4d-d6d3-4ee5-810b-f95b32e0bb93&lt;/establishmentCustomerId&gt;&lt;productCustomerId&gt;3e895801-ffeb-4535-a40d-acceba74d739&lt;/productCustomerId&gt;&lt;qty&gt;10.00&lt;/qty&gt;&lt;prix&gt;0.25&lt;/prix&gt;&lt;discount&gt;0&lt;/discount&gt;&lt;/DeActions&gt;</Xml>
  </rec>
  <rec>
    <CustomerId>3dcd1661-1411-4f99-bb4d-bac99f0474dd</CustomerId>
    <NameAction>AYARAN 250ml - 4040328033096</NameAction>
    <Date>2016-11-11T00:00:00</Date>
    <A>2016-11-11T15:31:55</A>
    <B>2020-12-12T00:00:00</B>
    <Est>e27d5a4d-d6d3-4ee5-810b-f95b32e0bb93</Est>
    <Enabled>true</Enabled>
    <Xml>&lt;DeActions&gt;&lt;type&gt;1&lt;/type&gt;&lt;enabled&gt;true&lt;/enabled&gt;&lt;A&gt;2016-11-11T15:31:55&lt;/A&gt;&lt;B&gt;2020-12-12T00:00:00&lt;/B&gt;&lt;establishmentCustomerId&gt;e27d5a4d-d6d3-4ee5-810b-f95b32e0bb93&lt;/establishmentCustomerId&gt;&lt;productCustomerId&gt;961dd3c8-d4f9-4732-b2db-7517c57bd577&lt;/productCustomerId&gt;&lt;qty&gt;20.00&lt;/qty&gt;&lt;prix&gt;0.30&lt;/prix&gt;&lt;discount&gt;0&lt;/discount&gt;&lt;/DeActions&gt;</Xml>
  </rec>
  <rec>
    <CustomerId>bb0bb07f-9546-4283-b212-f5cf6c812542</CustomerId>
    <NameAction>CAPRISONNE Boison Monster CapriSonne 0,2l - 4000177171912</NameAction>
    <Date>2016-12-12T00:00:00</Date>
    <A>2016-11-11T14:57:23</A>
    <B>2020-12-12T00:00:00</B>
    <Est>e27d5a4d-d6d3-4ee5-810b-f95b32e0bb93</Est>
    <Enabled>true</Enabled>
    <Xml>&lt;DeActions&gt;&lt;type&gt;1&lt;/type&gt;&lt;enabled&gt;true&lt;/enabled&gt;&lt;A&gt;2016-11-11T14:57:23&lt;/A&gt;&lt;B&gt;2020-12-12T00:00:00&lt;/B&gt;&lt;establishmentCustomerId&gt;e27d5a4d-d6d3-4ee5-810b-f95b32e0bb93&lt;/establishmentCustomerId&gt;&lt;productCustomerId&gt;52e7c183-3590-497f-9d2f-f74d7a5369ad&lt;/productCustomerId&gt;&lt;qty&gt;10.00&lt;/qty&gt;&lt;prix&gt;0.25&lt;/prix&gt;&lt;discount&gt;0&lt;/discount&gt;&lt;/DeActions&gt;</Xml>
  </rec>
</ActionHashBoxes>