<CheckTickets>
  <rec>
    <CustomerId>8f966e86-55f8-4201-9e5b-955b8eda924a</CustomerId>
    <PayBankChecks>0</PayBankChecks>
    <PayBankCards>0</PayBankCards>
    <PayCash>10</PayCash>
    <PayResto>0</PayResto>
    <Pay1>0</Pay1>
    <Pay2>0</Pay2>
    <Pay3>0</Pay3>
    <Pay4>0</Pay4>
    <Pay5>0</Pay5>
    <Pay6>0</Pay6>
    <Pay7>0</Pay7>
    <Pay8>0</Pay8>
    <Pay9>0</Pay9>
    <Pay10>0</Pay10>
    <Pay11>0</Pay11>
    <Pay12>0</Pay12>
    <Pay13>0</Pay13>
    <Pay14>0</Pay14>
    <Pay15>0</Pay15>
    <Pay16>0</Pay16>
    <Pay17>0</Pay17>
    <Pay18>0</Pay18>
    <Pay19>0</Pay19>
    <Pay20>0</Pay20>
    <BarCode>112093300001</BarCode>
    <Date>2017-02-18T12:09:33.4867336+01:00</Date>
    <CloseTicketCustomerId>b514c12e-4d8a-4ff9-8de5-c2c9870a3e18</CloseTicketCustomerId>
    <TotalTtc>10</TotalTtc>
    <Rendu>0.00</Rendu>
  </rec>
  <rec>
    <CustomerId>9d8fd1cb-e641-43c7-bfb6-935afb3c1473</CustomerId>
    <PayBankChecks>0</PayBankChecks>
    <PayBankCards>20</PayBankCards>
    <PayCash>0</PayCash>
    <PayResto>0</PayResto>
    <Pay1>0</Pay1>
    <Pay2>0</Pay2>
    <Pay3>0</Pay3>
    <Pay4>0</Pay4>
    <Pay5>0</Pay5>
    <Pay6>0</Pay6>
    <Pay7>0</Pay7>
    <Pay8>0</Pay8>
    <Pay9>0</Pay9>
    <Pay10>0</Pay10>
    <Pay11>0</Pay11>
    <Pay12>0</Pay12>
    <Pay13>0</Pay13>
    <Pay14>0</Pay14>
    <Pay15>0</Pay15>
    <Pay16>0</Pay16>
    <Pay17>0</Pay17>
    <Pay18>0</Pay18>
    <Pay19>0</Pay19>
    <Pay20>0</Pay20>
    <BarCode>112094300002</BarCode>
    <Date>2017-02-18T12:09:43.2656856+01:00</Date>
    <CloseTicketCustomerId>b514c12e-4d8a-4ff9-8de5-c2c9870a3e18</CloseTicketCustomerId>
    <TotalTtc>20</TotalTtc>
    <Rendu>0.00</Rendu>
  </rec>
  <rec>
    <CustomerId>13601634-26e0-487b-b385-512c73e8534c</CustomerId>
    <PayBankChecks>30</PayBankChecks>
    <PayBankCards>0</PayBankCards>
    <PayCash>0</PayCash>
    <PayResto>0</PayResto>
    <Pay1>0</Pay1>
    <Pay2>0</Pay2>
    <Pay3>0</Pay3>
    <Pay4>0</Pay4>
    <Pay5>0</Pay5>
    <Pay6>0</Pay6>
    <Pay7>0</Pay7>
    <Pay8>0</Pay8>
    <Pay9>0</Pay9>
    <Pay10>0</Pay10>
    <Pay11>0</Pay11>
    <Pay12>0</Pay12>
    <Pay13>0</Pay13>
    <Pay14>0</Pay14>
    <Pay15>0</Pay15>
    <Pay16>0</Pay16>
    <Pay17>0</Pay17>
    <Pay18>0</Pay18>
    <Pay19>0</Pay19>
    <Pay20>0</Pay20>
    <BarCode>112095200003</BarCode>
    <Date>2017-02-18T12:09:52.0967066+01:00</Date>
    <CloseTicketCustomerId>b514c12e-4d8a-4ff9-8de5-c2c9870a3e18</CloseTicketCustomerId>
    <TotalTtc>30</TotalTtc>
    <Rendu>0.00</Rendu>
  </rec>
  <rec>
    <CustomerId>c02187e0-5baa-46f6-be47-4bba1686c051</CustomerId>
    <PayBankChecks>0</PayBankChecks>
    <PayBankCards>0</PayBankCards>
    <PayCash>0</PayCash>
    <PayResto>50</PayResto>
    <Pay1>0</Pay1>
    <Pay2>0</Pay2>
    <Pay3>0</Pay3>
    <Pay4>0</Pay4>
    <Pay5>0</Pay5>
    <Pay6>0</Pay6>
    <Pay7>0</Pay7>
    <Pay8>0</Pay8>
    <Pay9>0</Pay9>
    <Pay10>0</Pay10>
    <Pay11>0</Pay11>
    <Pay12>0</Pay12>
    <Pay13>0</Pay13>
    <Pay14>0</Pay14>
    <Pay15>0</Pay15>
    <Pay16>0</Pay16>
    <Pay17>0</Pay17>
    <Pay18>0</Pay18>
    <Pay19>0</Pay19>
    <Pay20>0</Pay20>
    <BarCode>112101800004</BarCode>
    <Date>2017-02-18T12:10:18.2977023+01:00</Date>
    <CloseTicketCustomerId>b514c12e-4d8a-4ff9-8de5-c2c9870a3e18</CloseTicketCustomerId>
    <TotalTtc>50</TotalTtc>
    <Rendu>0.00</Rendu>
  </rec>
  <rec>
    <CustomerId>830dd693-cce3-427a-96b4-80e41d83689e</CustomerId>
    <PayBankChecks>0</PayBankChecks>
    <PayBankCards>0</PayBankCards>
    <PayCash>10</PayCash>
    <PayResto>0</PayResto>
    <Pay1>0</Pay1>
    <Pay2>0</Pay2>
    <Pay3>0</Pay3>
    <Pay4>0</Pay4>
    <Pay5>0</Pay5>
    <Pay6>0</Pay6>
    <Pay7>0</Pay7>
    <Pay8>0</Pay8>
    <Pay9>0</Pay9>
    <Pay10>0</Pay10>
    <Pay11>0</Pay11>
    <Pay12>0</Pay12>
    <Pay13>0</Pay13>
    <Pay14>0</Pay14>
    <Pay15>0</Pay15>
    <Pay16>0</Pay16>
    <Pay17>0</Pay17>
    <Pay18>0</Pay18>
    <Pay19>0</Pay19>
    <Pay20>0</Pay20>
    <BarCode>112102700005</BarCode>
    <Date>2017-02-18T12:10:27.9129171+01:00</Date>
    <CloseTicketCustomerId>b514c12e-4d8a-4ff9-8de5-c2c9870a3e18</CloseTicketCustomerId>
    <TotalTtc>10</TotalTtc>
    <Rendu>0.00</Rendu>
  </rec>
  <rec>
    <CustomerId>7cc49b17-3489-4fb1-b71a-f41ecf8d1200</CustomerId>
    <PayBankChecks>0</PayBankChecks>
    <PayBankCards>20</PayBankCards>
    <PayCash>0</PayCash>
    <PayResto>0</PayResto>
    <Pay1>0</Pay1>
    <Pay2>0</Pay2>
    <Pay3>0</Pay3>
    <Pay4>0</Pay4>
    <Pay5>0</Pay5>
    <Pay6>0</Pay6>
    <Pay7>0</Pay7>
    <Pay8>0</Pay8>
    <Pay9>0</Pay9>
    <Pay10>0</Pay10>
    <Pay11>0</Pay11>
    <Pay12>0</Pay12>
    <Pay13>0</Pay13>
    <Pay14>0</Pay14>
    <Pay15>0</Pay15>
    <Pay16>0</Pay16>
    <Pay17>0</Pay17>
    <Pay18>0</Pay18>
    <Pay19>0</Pay19>
    <Pay20>0</Pay20>
    <BarCode>112103300006</BarCode>
    <Date>2017-02-18T12:10:33.1351997+01:00</Date>
    <CloseTicketCustomerId>b514c12e-4d8a-4ff9-8de5-c2c9870a3e18</CloseTicketCustomerId>
    <TotalTtc>20</TotalTtc>
    <Rendu>0.00</Rendu>
  </rec>
  <rec>
    <CustomerId>9d38fb81-0b6c-4771-82ff-0923c5c99704</CustomerId>
    <PayBankChecks>30</PayBankChecks>
    <PayBankCards>0</PayBankCards>
    <PayCash>0</PayCash>
    <PayResto>0</PayResto>
    <Pay1>0</Pay1>
    <Pay2>0</Pay2>
    <Pay3>0</Pay3>
    <Pay4>0</Pay4>
    <Pay5>0</Pay5>
    <Pay6>0</Pay6>
    <Pay7>0</Pay7>
    <Pay8>0</Pay8>
    <Pay9>0</Pay9>
    <Pay10>0</Pay10>
    <Pay11>0</Pay11>
    <Pay12>0</Pay12>
    <Pay13>0</Pay13>
    <Pay14>0</Pay14>
    <Pay15>0</Pay15>
    <Pay16>0</Pay16>
    <Pay17>0</Pay17>
    <Pay18>0</Pay18>
    <Pay19>0</Pay19>
    <Pay20>0</Pay20>
    <BarCode>112104100007</BarCode>
    <Date>2017-02-18T12:10:41.4464124+01:00</Date>
    <CloseTicketCustomerId>b514c12e-4d8a-4ff9-8de5-c2c9870a3e18</CloseTicketCustomerId>
    <TotalTtc>30</TotalTtc>
    <Rendu>0.00</Rendu>
  </rec>
  <rec>
    <CustomerId>9f647554-23bb-494a-9268-2016c84f54ea</CustomerId>
    <PayBankChecks>0</PayBankChecks>
    <PayBankCards>0</PayBankCards>
    <PayCash>0</PayCash>
    <PayResto>40</PayResto>
    <Pay1>0</Pay1>
    <Pay2>0</Pay2>
    <Pay3>0</Pay3>
    <Pay4>0</Pay4>
    <Pay5>0</Pay5>
    <Pay6>0</Pay6>
    <Pay7>0</Pay7>
    <Pay8>0</Pay8>
    <Pay9>0</Pay9>
    <Pay10>0</Pay10>
    <Pay11>0</Pay11>
    <Pay12>0</Pay12>
    <Pay13>0</Pay13>
    <Pay14>0</Pay14>
    <Pay15>0</Pay15>
    <Pay16>0</Pay16>
    <Pay17>0</Pay17>
    <Pay18>0</Pay18>
    <Pay19>0</Pay19>
    <Pay20>0</Pay20>
    <BarCode>112104600008</BarCode>
    <Date>2017-02-18T12:10:46.932522+01:00</Date>
    <CloseTicketCustomerId>b514c12e-4d8a-4ff9-8de5-c2c9870a3e18</CloseTicketCustomerId>
    <TotalTtc>40</TotalTtc>
    <Rendu>0.00</Rendu>
  </rec>
  <rec>
    <CustomerId>49156846-768c-45e6-895c-00ea76793a66</CustomerId>
    <PayBankChecks>0</PayBankChecks>
    <PayBankCards>0</PayBankCards>
    <PayCash>200</PayCash>
    <PayResto>0</PayResto>
    <Pay1>0</Pay1>
    <Pay2>0</Pay2>
    <Pay3>0</Pay3>
    <Pay4>0</Pay4>
    <Pay5>0</Pay5>
    <Pay6>0</Pay6>
    <Pay7>0</Pay7>
    <Pay8>0</Pay8>
    <Pay9>0</Pay9>
    <Pay10>0</Pay10>
    <Pay11>0</Pay11>
    <Pay12>0</Pay12>
    <Pay13>0</Pay13>
    <Pay14>0</Pay14>
    <Pay15>0</Pay15>
    <Pay16>0</Pay16>
    <Pay17>0</Pay17>
    <Pay18>0</Pay18>
    <Pay19>0</Pay19>
    <Pay20>0</Pay20>
    <BarCode>112111200009</BarCode>
    <Date>2017-02-18T12:11:12.8316154+01:00</Date>
    <CloseTicketCustomerId>b514c12e-4d8a-4ff9-8de5-c2c9870a3e18</CloseTicketCustomerId>
    <TotalTtc>1.7</TotalTtc>
    <Rendu>-198.30</Rendu>
  </rec>
</CheckTickets>