<ClientInfos>
  <rec>
    <CustomerId>434803a5-e52a-4e0d-aca4-0b2dcb5ee6b9</CustomerId>
    <TypeClient>1</TypeClient>
    <Sex>1</Sex>
    <Name>Fryad</Name>
    <Surname>RAHMAN</Surname>
    <NameCompany />
    <Siret />
    <Frtva />
    <OfficeAddress />
    <OfficeZipCode />
    <OfficeCity />
    <HomeAddress>164B RUE DU CAMAS</HomeAddress>
    <HomeZipCode>13005</HomeZipCode>
    <HomeCity>Marseille</HomeCity>
    <Telephone>0660890252</Telephone>
    <Mail>fryad80@gmail.com</Mail>
    <Password>AP139suufz5LcaHXDjDUBcj2L1isFeZQiD3tAqZhHfSH+dR6aqP7DuPexLbmGNSntg==</Password>
    <CountrysCustomerId>f3d5541d-9860-4d93-adcf-18f631adad74</CountrysCustomerId>
    <FavoritesProductAutoCustomerId>00000000-0000-0000-0000-000000000000</FavoritesProductAutoCustomerId>
    <Nclient />
    <IdInfoClientsDiscount>b8a4ca39-8dcc-488d-b17b-8d339f43bced</IdInfoClientsDiscount>
  </rec>
  <rec>
    <CustomerId>32e7a393-4612-4bc1-95f7-0c3d498abdac</CustomerId>
    <TypeClient>1</TypeClient>
    <Sex>0</Sex>
    <Name>Helda</Name>
    <Surname>Assaf</Surname>
    <NameCompany />
    <Siret />
    <Frtva />
    <OfficeAddress />
    <OfficeZipCode />
    <OfficeCity />
    <HomeAddress>107 avenue des poilus</HomeAddress>
    <HomeZipCode>13013</HomeZipCode>
    <HomeCity>Marseille </HomeCity>
    <Telephone>0658001393</Telephone>
    <Mail>Assafhilda@gmail.com</Mail>
    <Password>APOToDA2Sm3Wl9xYjdhomIDlkzBUc3UCq6B+1QDwueEAANhGTJN0Gvli9wa6UUDUqw==</Password>
    <CountrysCustomerId>f3d5541d-9860-4d93-adcf-18f631adad74</CountrysCustomerId>
    <FavoritesProductAutoCustomerId>00000000-0000-0000-0000-000000000000</FavoritesProductAutoCustomerId>
    <Nclient />
    <IdInfoClientsDiscount>c0065246-2dc0-4d63-bd26-b891fd4ca926</IdInfoClientsDiscount>
  </rec>
  <rec>
    <CustomerId>9971abf6-d5bb-4889-9192-11ef6ca258c9</CustomerId>
    <TypeClient>1</TypeClient>
    <Sex>1</Sex>
    <Name>remzi</Name>
    <Surname>ergin</Surname>
    <NameCompany />
    <Siret />
    <Frtva />
    <OfficeAddress />
    <OfficeZipCode />
    <OfficeCity />
    <HomeAddress>hlm le stade no.19</HomeAddress>
    <HomeZipCode>05120</HomeZipCode>
    <HomeCity>05120</HomeCity>
    <Telephone>0650304488</Telephone>
    <Mail>derinremzi@hotmail.com</Mail>
    <Password>AJd/VwRiQi2nJlINOcjGx0+lS1+WeWiCh+WB747CKV1Dxs5Z90RiYMVzJH9iwJzm3g==</Password>
    <CountrysCustomerId>f3d5541d-9860-4d93-adcf-18f631adad74</CountrysCustomerId>
    <FavoritesProductAutoCustomerId>00000000-0000-0000-0000-000000000000</FavoritesProductAutoCustomerId>
    <Nclient />
    <IdInfoClientsDiscount />
  </rec>
  <rec>
    <CustomerId>8f8320f8-cbb5-4118-a65a-1325a81fa79b</CustomerId>
    <TypeClient>1</TypeClient>
    <Sex>1</Sex>
    <Name>Andreii</Name>
    <Surname>Piletski</Surname>
    <NameCompany />
    <Siret />
    <Frtva />
    <OfficeAddress />
    <OfficeZipCode />
    <OfficeCity />
    <HomeAddress>2 Place 14 Decembre</HomeAddress>
    <HomeZipCode>13015</HomeZipCode>
    <HomeCity>Marseille</HomeCity>
    <Telephone>06383421775</Telephone>
    <Mail>pilya71@gmail.com</Mail>
    <Password>AGfkMnEWG2uFjMoQuNIn5/OKWqgufVGFsDaUOTvGFQPaC4mWkNTYhnRs5Q/bq3J82w==</Password>
    <CountrysCustomerId>f3d5541d-9860-4d93-adcf-18f631adad74</CountrysCustomerId>
    <FavoritesProductAutoCustomerId>00000000-0000-0000-0000-000000000000</FavoritesProductAutoCustomerId>
    <Nclient />
    <IdInfoClientsDiscount />
  </rec>
  <rec>
    <CustomerId>6c690fbd-f533-4c6c-ae18-167ff4e1512a</CustomerId>
    <TypeClient>1</TypeClient>
    <Sex>0</Sex>
    <Name>EMRAH</Name>
    <Surname>FIDAN</Surname>
    <NameCompany />
    <Siret />
    <Frtva />
    <OfficeAddress />
    <OfficeZipCode />
    <OfficeCity />
    <HomeAddress>50 CHEMIN DE LA PONSARDE</HomeAddress>
    <HomeZipCode>13700</HomeZipCode>
    <HomeCity>MARIGNANE</HomeCity>
    <Telephone>0783634056</Telephone>
    <Mail>emrah-fidan13@outlook.fr</Mail>
    <Password>AKzL/95v88HewMDEaAa+QuOMdTJWoXDnczmzFYBUfnbl7qXK+veKJrII224wMAgyfw==</Password>
    <CountrysCustomerId>f3d5541d-9860-4d93-adcf-18f631adad74</CountrysCustomerId>
    <FavoritesProductAutoCustomerId>00000000-0000-0000-0000-000000000000</FavoritesProductAutoCustomerId>
    <Nclient />
    <IdInfoClientsDiscount />
  </rec>
  <rec>
    <CustomerId>6b4ebb53-1284-4442-a9e6-177cd6dfd740</CustomerId>
    <TypeClient>1</TypeClient>
    <Sex>1</Sex>
    <Name>onik</Name>
    <Surname>sedrakyan</Surname>
    <NameCompany />
    <Siret />
    <Frtva />
    <OfficeAddress />
    <OfficeZipCode />
    <OfficeCity />
    <HomeAddress>18boulvard arras</HomeAddress>
    <HomeZipCode>13004</HomeZipCode>
    <HomeCity>marseille</HomeCity>
    <Telephone>0781838993</Telephone>
    <Mail>annasedrakyan@mail.ru</Mail>
    <Password>ABjn8gucxBtLTpzCjme0+DkCjMVWR+ah714HXCDAsdLk/PTsSwjJNi2r9H81AMRoxg==</Password>
    <CountrysCustomerId>f3d5541d-9860-4d93-adcf-18f631adad74</CountrysCustomerId>
    <FavoritesProductAutoCustomerId>00000000-0000-0000-0000-000000000000</FavoritesProductAutoCustomerId>
    <Nclient />
    <IdInfoClientsDiscount />
  </rec>
  <rec>
    <CustomerId>b1e70012-68e7-4aaa-adbc-1c1901f20ac6</CustomerId>
    <TypeClient>1</TypeClient>
    <Sex>2</Sex>
    <Name>MARIE</Name>
    <Surname>BYKOV</Surname>
    <NameCompany />
    <Siret />
    <Frtva />
    <OfficeAddress />
    <OfficeZipCode />
    <OfficeCity />
    <HomeAddress>LONGCHAMP, BAT C, 1 AV DES CHUTES LAVIE</HomeAddress>
    <HomeZipCode>13004</HomeZipCode>
    <HomeCity>MARSEILLE</HomeCity>
    <Telephone>0672844684</Telephone>
    <Mail>marie.bykov@gmail.com</Mail>
    <Password>ADV1SfF2I6PjqyhMhu01RVlHs7/pGrhzuQJYuYsrD2fbl857uaLmlMriHHU3TAsZTw==</Password>
    <CountrysCustomerId>f3d5541d-9860-4d93-adcf-18f631adad74</CountrysCustomerId>
    <FavoritesProductAutoCustomerId>00000000-0000-0000-0000-000000000000</FavoritesProductAutoCustomerId>
    <Nclient />
    <IdInfoClientsDiscount>f287a966-e464-41e1-8b36-f680ed3a17ac</IdInfoClientsDiscount>
  </rec>
  <rec>
    <CustomerId>4f333066-9491-4def-9410-1d01cc4d5f6f</CustomerId>
    <TypeClient>1</TypeClient>
    <Sex>2</Sex>
    <Name>Lyudmyla</Name>
    <Surname>Kobylyatska</Surname>
    <NameCompany />
    <Siret />
    <Frtva />
    <OfficeAddress />
    <OfficeZipCode />
    <OfficeCity />
    <HomeAddress>546 bd. Mireille Lauze Le Titan</HomeAddress>
    <HomeZipCode>13011</HomeZipCode>
    <HomeCity>Marseille</HomeCity>
    <Telephone>0658877799</Telephone>
    <Mail>nakonetchnaya@mail.ru</Mail>
    <Password>AMtW9qyYN43hYOOSLZC+COroF8LXKRfzN3m1g/WcJqUd32WNOtSqBx9NljDSQo5mTQ==</Password>
    <CountrysCustomerId>f3d5541d-9860-4d93-adcf-18f631adad74</CountrysCustomerId>
    <FavoritesProductAutoCustomerId>00000000-0000-0000-0000-000000000000</FavoritesProductAutoCustomerId>
    <Nclient />
    <IdInfoClientsDiscount>204432b5-559e-441b-93d5-24b4bef54530</IdInfoClientsDiscount>
  </rec>
  <rec>
    <CustomerId>9faf0b90-85a5-4999-bc54-22ced8292569</CustomerId>
    <TypeClient>1</TypeClient>
    <Sex>1</Sex>
    <Name>ervand</Name>
    <Surname>kodjabachian</Surname>
    <NameCompany />
    <Siret />
    <Frtva />
    <OfficeAddress />
    <OfficeZipCode />
    <OfficeCity />
    <HomeAddress>74 liberateurs</HomeAddress>
    <HomeZipCode>13011</HomeZipCode>
    <HomeCity>marseille</HomeCity>
    <Telephone>0670315200</Telephone>
    <Mail>kodjabachian.ervand@neuf.fr</Mail>
    <Password>AFvDddAoQ7sL6BbxuMtwD8twVbnhrqJFrar81q83UWEsr0NyF5qabGqCaVmlqKt0kQ==</Password>
    <CountrysCustomerId>f3d5541d-9860-4d93-adcf-18f631adad74</CountrysCustomerId>
    <FavoritesProductAutoCustomerId>00000000-0000-0000-0000-000000000000</FavoritesProductAutoCustomerId>
    <Nclient />
    <IdInfoClientsDiscount />
  </rec>
  <rec>
    <CustomerId>f49c5fde-5cfa-4a3c-8e5e-244e1b07ba9e</CustomerId>
    <TypeClient>1</TypeClient>
    <Sex>2</Sex>
    <Name>Christine</Name>
    <Surname>Tiliacos </Surname>
    <NameCompany />
    <Siret />
    <Frtva />
    <OfficeAddress />
    <OfficeZipCode />
    <OfficeCity />
    <HomeAddress>92 Bd Sakakini Parc Barry Bat B2</HomeAddress>
    <HomeZipCode>13005</HomeZipCode>
    <HomeCity>MARSEILLE </HomeCity>
    <Telephone>0611050822</Telephone>
    <Mail>christinecorrao@hotmail.com</Mail>
    <Password>ADbK1KjRMNSccYLqCWOvElsdv5IFh3zabeqy2Up6bVmJJt7K+cAtsQIXA8xF56tyUg==</Password>
    <CountrysCustomerId>f3d5541d-9860-4d93-adcf-18f631adad74</CountrysCustomerId>
    <FavoritesProductAutoCustomerId>00000000-0000-0000-0000-000000000000</FavoritesProductAutoCustomerId>
    <Nclient />
    <IdInfoClientsDiscount>1e2e78bb-1078-48e4-8fe0-a361d8ecd8f5</IdInfoClientsDiscount>
  </rec>
  <rec>
    <CustomerId>0adfaea9-41e7-4bc5-9747-2816068b4ddd</CustomerId>
    <TypeClient>1</TypeClient>
    <Sex>2</Sex>
    <Name>Liudmila</Name>
    <Surname>Talec</Surname>
    <NameCompany />
    <Siret />
    <Frtva />
    <OfficeAddress />
    <OfficeZipCode />
    <OfficeCity />
    <HomeAddress>10 avenue du Bas Chablais</HomeAddress>
    <HomeZipCode>74140</HomeZipCode>
    <HomeCity>Douvaine</HomeCity>
    <Telephone>0613599164</Telephone>
    <Mail>ludmila_tlc@yahoo.fr</Mail>
    <Password>AFCgIc2QRnECYAIZMJpv7On7yfiJX9Dbma8BI192DVvCuwXo5ZEwsXefFcik0JVYGA==</Password>
    <CountrysCustomerId>f3d5541d-9860-4d93-adcf-18f631adad74</CountrysCustomerId>
    <FavoritesProductAutoCustomerId>00000000-0000-0000-0000-000000000000</FavoritesProductAutoCustomerId>
    <Nclient />
    <IdInfoClientsDiscount>e5f30443-41e8-4fa0-b0b8-dbaeaec28d2d</IdInfoClientsDiscount>
  </rec>
  <rec>
    <CustomerId>39f77563-c201-42c9-a000-2d8bd5837db8</CustomerId>
    <TypeClient>1</TypeClient>
    <Sex>1</Sex>
    <Name>jozsef</Name>
    <Surname>kiss</Surname>
    <NameCompany />
    <Siret />
    <Frtva />
    <OfficeAddress />
    <OfficeZipCode />
    <OfficeCity />
    <HomeAddress>1 quartier le pate</HomeAddress>
    <HomeZipCode>13950</HomeZipCode>
    <HomeCity>CADOLIVE</HomeCity>
    <Telephone>0664393197</Telephone>
    <Mail>kiss.joseph@free.fr</Mail>
    <Password>AJV4lAZ7JsTxczluTCNZEfG9UXSjRNqlcWtmpe7hDFTsnd0ChI+nLKWZzhFuJe5drQ==</Password>
    <CountrysCustomerId>f3d5541d-9860-4d93-adcf-18f631adad74</CountrysCustomerId>
    <FavoritesProductAutoCustomerId>00000000-0000-0000-0000-000000000000</FavoritesProductAutoCustomerId>
    <Nclient />
    <IdInfoClientsDiscount>2c2589cc-f80f-4cd5-814e-aed4c10738a9</IdInfoClientsDiscount>
  </rec>
  <rec>
    <CustomerId>36027478-d966-4624-846f-30a0b0519525</CustomerId>
    <TypeClient>1</TypeClient>
    <Sex>1</Sex>
    <Name>xhevdet</Name>
    <Surname>namani</Surname>
    <NameCompany />
    <Siret />
    <Frtva />
    <OfficeAddress />
    <OfficeZipCode />
    <OfficeCity />
    <HomeAddress>alle jean cocteau</HomeAddress>
    <HomeZipCode>13500</HomeZipCode>
    <HomeCity>martigues</HomeCity>
    <Telephone>0679259319</Telephone>
    <Mail>xheti_pr@hotmail.com</Mail>
    <Password>ABue1I4fudV+u0JVkjFmPF13h0A+0/sBE6l66PIP7rDFnWaMBELD8ybUimDFjNx2qQ==</Password>
    <CountrysCustomerId>f3d5541d-9860-4d93-adcf-18f631adad74</CountrysCustomerId>
    <FavoritesProductAutoCustomerId>00000000-0000-0000-0000-000000000000</FavoritesProductAutoCustomerId>
    <Nclient />
    <IdInfoClientsDiscount>35f48201-51b6-4ba5-8c7f-3eb27aafc117</IdInfoClientsDiscount>
  </rec>
  <rec>
    <CustomerId>7e67de73-84a5-499f-9f23-3112cf2883de</CustomerId>
    <TypeClient>1</TypeClient>
    <Sex>1</Sex>
    <Name>ayhan</Name>
    <Surname>DEMIRER</Surname>
    <NameCompany />
    <Siret />
    <Frtva />
    <OfficeAddress />
    <OfficeZipCode />
    <OfficeCity />
    <HomeAddress>RESIDENCE LES FONTINELLES BAT I</HomeAddress>
    <HomeZipCode>13700</HomeZipCode>
    <HomeCity>MARIGNANE</HomeCity>
    <Telephone>0685597014</Telephone>
    <Mail>gunesyolcusu@hotmail.fr</Mail>
    <Password>AA36t5lwKmIb/8rZ5ovDMDIUs3o87gNbm2OuAJs9xaZ3u0g/V7OCMvFwfpp4i7pmKQ==</Password>
    <CountrysCustomerId>f3d5541d-9860-4d93-adcf-18f631adad74</CountrysCustomerId>
    <FavoritesProductAutoCustomerId>00000000-0000-0000-0000-000000000000</FavoritesProductAutoCustomerId>
    <Nclient />
    <IdInfoClientsDiscount>a580f6ce-497c-4c5b-ba0d-8735abfa95c1</IdInfoClientsDiscount>
  </rec>
  <rec>
    <CustomerId>e9b43688-8083-466c-8903-33d57d16b2db</CustomerId>
    <TypeClient>1</TypeClient>
    <Sex>1</Sex>
    <Name>STAMBOULIAN</Name>
    <Surname>STAMBOULIAN </Surname>
    <NameCompany />
    <Siret />
    <Frtva />
    <OfficeAddress />
    <OfficeZipCode />
    <OfficeCity />
    <HomeAddress>115 Rue Isaac Newton</HomeAddress>
    <HomeZipCode>13100</HomeZipCode>
    <HomeCity>Aix-en-Provence</HomeCity>
    <Telephone>+33651767607</Telephone>
    <Mail>andre.stamboulian@gmail.com</Mail>
    <Password>AN7ZZICRvG2tspce1LOhtGHoSCvqKqiM8YNtnJuQnR4zS2snWR0jY5LiS6Yy0Jxwmw==</Password>
    <CountrysCustomerId>f3d5541d-9860-4d93-adcf-18f631adad74</CountrysCustomerId>
    <FavoritesProductAutoCustomerId>00000000-0000-0000-0000-000000000000</FavoritesProductAutoCustomerId>
    <Nclient />
    <IdInfoClientsDiscount>e745a60d-0d6f-4325-8b20-f40ba25b9a7b</IdInfoClientsDiscount>
  </rec>
  <rec>
    <CustomerId>136803cb-01cc-4732-9b84-3455753f0b8e</CustomerId>
    <TypeClient>1</TypeClient>
    <Sex>1</Sex>
    <Name>rena</Name>
    <Surname>rena</Surname>
    <NameCompany />
    <Siret />
    <Frtva />
    <OfficeAddress />
    <OfficeZipCode />
    <OfficeCity />
    <HomeAddress>rusiie</HomeAddress>
    <HomeZipCode>452689</HomeZipCode>
    <HomeCity>neftekamsk</HomeCity>
    <Telephone>+23232323</Telephone>
    <Mail>renatmrr@mail.ri</Mail>
    <Password>AKmWLXWAVSxPPYowsbQMXLk1yJz1lVmgsvc9j6T62yKtcpgV4rDXtPn6ke/gCmWkSw==</Password>
    <CountrysCustomerId>f3d5541d-9860-4d93-adcf-18f631adad74</CountrysCustomerId>
    <FavoritesProductAutoCustomerId>00000000-0000-0000-0000-000000000000</FavoritesProductAutoCustomerId>
    <Nclient />
    <IdInfoClientsDiscount />
  </rec>
  <rec>
    <CustomerId>b8b17488-cedf-4d9f-baa8-35a3d7d4f00a</CustomerId>
    <TypeClient>1</TypeClient>
    <Sex>1</Sex>
    <Name>Walid</Name>
    <Surname>AL ADL</Surname>
    <NameCompany />
    <Siret />
    <Frtva />
    <OfficeAddress />
    <OfficeZipCode />
    <OfficeCity />
    <HomeAddress>bd natinal</HomeAddress>
    <HomeZipCode>13003</HomeZipCode>
    <HomeCity>Marseille</HomeCity>
    <Telephone>0000000000</Telephone>
    <Mail>walidaladl@yahoo.com</Mail>
    <Password>AC5FQxm3A+4zReBGJXbRJGLX0+vVwcLpMKmWoXb3bEa0xRgYLbBX6GoALWaTJ5cyeA==</Password>
    <CountrysCustomerId>f3d5541d-9860-4d93-adcf-18f631adad74</CountrysCustomerId>
    <FavoritesProductAutoCustomerId>00000000-0000-0000-0000-000000000000</FavoritesProductAutoCustomerId>
    <Nclient />
    <IdInfoClientsDiscount>a2e3f1ea-80f5-4d9a-ae40-e143b4da0c04</IdInfoClientsDiscount>
  </rec>
  <rec>
    <CustomerId>c3c938d9-5488-41c9-ae09-36f6a39bad56</CustomerId>
    <TypeClient>1</TypeClient>
    <Sex>1</Sex>
    <Name>Sahin</Name>
    <Surname>Sahin</Surname>
    <NameCompany />
    <Siret />
    <Frtva />
    <OfficeAddress />
    <OfficeZipCode />
    <OfficeCity />
    <HomeAddress>43 rue métairie de ouise </HomeAddress>
    <HomeZipCode>34070</HomeZipCode>
    <HomeCity>Montpellier</HomeCity>
    <Telephone>0643509789</Telephone>
    <Mail>mk-du-34@hotmail.fr</Mail>
    <Password>AJ7LpFIRfad60t6E/CSRkbs8Jd3gsuw800QmdCfqGcOkQbLqHa5ZUC2YvB83b4CgHw==</Password>
    <CountrysCustomerId>f3d5541d-9860-4d93-adcf-18f631adad74</CountrysCustomerId>
    <FavoritesProductAutoCustomerId>00000000-0000-0000-0000-000000000000</FavoritesProductAutoCustomerId>
    <Nclient />
    <IdInfoClientsDiscount>210098b9-edbe-4fa6-985e-4f5091f7c418</IdInfoClientsDiscount>
  </rec>
  <rec>
    <CustomerId>e7fe5583-f0d2-46b1-af14-3fc5c81132f4</CustomerId>
    <TypeClient>1</TypeClient>
    <Sex>1</Sex>
    <Name>HUSSAM</Name>
    <Surname>ALMAHMOUD</Surname>
    <NameCompany />
    <Siret />
    <Frtva />
    <OfficeAddress />
    <OfficeZipCode />
    <OfficeCity />
    <HomeAddress>Rés li passeroun-Bat14-Log3897</HomeAddress>
    <HomeZipCode>13090</HomeZipCode>
    <HomeCity>AIX EN PROVENCE</HomeCity>
    <Telephone>0751634005</Telephone>
    <Mail>hussamalmahmoud@gmail.com</Mail>
    <Password>AG9xe09azwYXI996jhjQtl+k4EcLrw2ZIqvo/E5E+Ho1jW4C1TCM4iXnBliW3TZqlg==</Password>
    <CountrysCustomerId>f3d5541d-9860-4d93-adcf-18f631adad74</CountrysCustomerId>
    <FavoritesProductAutoCustomerId>00000000-0000-0000-0000-000000000000</FavoritesProductAutoCustomerId>
    <Nclient />
    <IdInfoClientsDiscount>52db9d91-aed6-4222-9c0b-c9ec0d2a7682</IdInfoClientsDiscount>
  </rec>
  <rec>
    <CustomerId>fbffcd71-7f14-436e-933a-4097690d1178</CustomerId>
    <TypeClient>1</TypeClient>
    <Sex>2</Sex>
    <Name>Natalia</Name>
    <Surname>Millo</Surname>
    <NameCompany />
    <Siret />
    <Frtva />
    <OfficeAddress />
    <OfficeZipCode />
    <OfficeCity />
    <HomeAddress>57 Avenue de Laute</HomeAddress>
    <HomeZipCode>13400</HomeZipCode>
    <HomeCity>Aubagne</HomeCity>
    <Telephone>0652269428</Telephone>
    <Mail>nati2027@yandex.ru</Mail>
    <Password>AKv4iq7AQlnIFEyYH5DgFa/Tc1fOeTEePMPa/4Q4CkmCJtzhOr8w2C84klmH+TUe6Q==</Password>
    <CountrysCustomerId>f3d5541d-9860-4d93-adcf-18f631adad74</CountrysCustomerId>
    <FavoritesProductAutoCustomerId>00000000-0000-0000-0000-000000000000</FavoritesProductAutoCustomerId>
    <Nclient />
    <IdInfoClientsDiscount />
  </rec>
  <rec>
    <CustomerId>850bf5cb-caf1-4f27-a214-450518cdf31d</CustomerId>
    <TypeClient>1</TypeClient>
    <Sex>2</Sex>
    <Name>NADIA</Name>
    <Surname>DEMIRER</Surname>
    <NameCompany />
    <Siret />
    <Frtva />
    <OfficeAddress />
    <OfficeZipCode />
    <OfficeCity />
    <HomeAddress>RESIDENCE LES FONTINELLES BAT I</HomeAddress>
    <HomeZipCode>13700</HomeZipCode>
    <HomeCity>MARIGNANE</HomeCity>
    <Telephone>+33642920030</Telephone>
    <Mail>nadik10@voila.fr</Mail>
    <Password>AMIiAmHYbciVwhhddcE95gqxsCXYwTU1tn9QNgK02vdlsSC3ji8ZSPyznKf7kdBNbw==</Password>
    <CountrysCustomerId>f3d5541d-9860-4d93-adcf-18f631adad74</CountrysCustomerId>
    <FavoritesProductAutoCustomerId>00000000-0000-0000-0000-000000000000</FavoritesProductAutoCustomerId>
    <Nclient />
    <IdInfoClientsDiscount>feba2de5-049c-46a3-ab04-586de60ae850</IdInfoClientsDiscount>
  </rec>
  <rec>
    <CustomerId>95dc0dc5-f1e5-44f4-907a-47a75b14cd64</CustomerId>
    <TypeClient>1</TypeClient>
    <Sex>2</Sex>
    <Name>Howaamerma</Name>
    <Surname>Howaamerma</Surname>
    <NameCompany />
    <Siret />
    <Frtva />
    <OfficeAddress />
    <OfficeZipCode />
    <OfficeCity />
    <HomeAddress>Kuwait</HomeAddress>
    <HomeZipCode>123456</HomeZipCode>
    <HomeCity>Kuwait</HomeCity>
    <Telephone>123456</Telephone>
    <Mail>emailk@newmedicforum.com</Mail>
    <Password>AMMydbC+xWSGFjVUq/y74p/2kHHGmHBWwUDbeM0GDe665dH8eWmnTEZy6C2106gOwg==</Password>
    <CountrysCustomerId>f3d5541d-9860-4d93-adcf-18f631adad74</CountrysCustomerId>
    <FavoritesProductAutoCustomerId>00000000-0000-0000-0000-000000000000</FavoritesProductAutoCustomerId>
    <Nclient />
    <IdInfoClientsDiscount />
  </rec>
  <rec>
    <CustomerId>0e60963b-d770-43f4-90aa-4e97bff69733</CustomerId>
    <TypeClient>1</TypeClient>
    <Sex>2</Sex>
    <Name>joyce</Name>
    <Surname>Kamleh</Surname>
    <NameCompany />
    <Siret />
    <Frtva />
    <OfficeAddress />
    <OfficeZipCode />
    <OfficeCity />
    <HomeAddress>95 av de perouse - bat a les fontaines de mejanes</HomeAddress>
    <HomeZipCode>13090</HomeZipCode>
    <HomeCity>aix en provence</HomeCity>
    <Telephone>+20683142321</Telephone>
    <Mail>joyce.suleiman@yahoo.com</Mail>
    <Password>ADvaQ9uyvigUr+41vJJucxCsPJ5BGaOqjXE0B/oa5pmloB9R9F+mJLZSaOnnmvoqzw==</Password>
    <CountrysCustomerId>f3d5541d-9860-4d93-adcf-18f631adad74</CountrysCustomerId>
    <FavoritesProductAutoCustomerId>00000000-0000-0000-0000-000000000000</FavoritesProductAutoCustomerId>
    <Nclient />
    <IdInfoClientsDiscount>071909b9-2a9d-4a28-8fc1-275f11ae615e</IdInfoClientsDiscount>
  </rec>
  <rec>
    <CustomerId>35401792-a889-401c-bcad-4fef00728bfb</CustomerId>
    <TypeClient>1</TypeClient>
    <Sex>1</Sex>
    <Name>Murat</Name>
    <Surname>Gul murat</Surname>
    <NameCompany />
    <Siret />
    <Frtva />
    <OfficeAddress />
    <OfficeZipCode />
    <OfficeCity />
    <HomeAddress>25 Boulevard Boues  bat.b</HomeAddress>
    <HomeZipCode>13003</HomeZipCode>
    <HomeCity>Marseiile </HomeCity>
    <Telephone>0660931978</Telephone>
    <Mail>Tgul78894@Gmail.com</Mail>
    <Password>AAoiPB1Dw9evy5+N4MmqssUWQbPLrTI4gYrPcfg7mpWit1J/DikG4dETyJTR+GwngQ==</Password>
    <CountrysCustomerId>f3d5541d-9860-4d93-adcf-18f631adad74</CountrysCustomerId>
    <FavoritesProductAutoCustomerId>00000000-0000-0000-0000-000000000000</FavoritesProductAutoCustomerId>
    <Nclient />
    <IdInfoClientsDiscount>0419527d-cbe3-4633-a248-be94e6552e6b</IdInfoClientsDiscount>
  </rec>
  <rec>
    <CustomerId>47c5a127-ba9a-4fc9-a04d-51eb26927f34</CustomerId>
    <TypeClient>1</TypeClient>
    <Sex>2</Sex>
    <Name>sandrine</Name>
    <Surname>amami</Surname>
    <NameCompany />
    <Siret />
    <Frtva />
    <OfficeAddress />
    <OfficeZipCode />
    <OfficeCity />
    <HomeAddress>33 avenue des cèdres</HomeAddress>
    <HomeZipCode>13340</HomeZipCode>
    <HomeCity>ognac</HomeCity>
    <Telephone>0614810894</Telephone>
    <Mail>sandrine.du.13@live.fr</Mail>
    <Password>APA40cmmgIWGthf/ogEtpHuouJsuiPhpYb93El7I1mst4PptBMwCvcoWbEKRQd52WQ==</Password>
    <CountrysCustomerId>f3d5541d-9860-4d93-adcf-18f631adad74</CountrysCustomerId>
    <FavoritesProductAutoCustomerId>00000000-0000-0000-0000-000000000000</FavoritesProductAutoCustomerId>
    <Nclient />
    <IdInfoClientsDiscount />
  </rec>
  <rec>
    <CustomerId>7cae9181-f2fe-4fd9-9c39-53f820ecd2f9</CustomerId>
    <TypeClient>1</TypeClient>
    <Sex>1</Sex>
    <Name>Hakan</Name>
    <Surname>Kavsut</Surname>
    <NameCompany />
    <Siret />
    <Frtva />
    <OfficeAddress />
    <OfficeZipCode />
    <OfficeCity />
    <HomeAddress>145 rue Guillaume janvier</HomeAddress>
    <HomeZipCode>34070</HomeZipCode>
    <HomeCity>Montpellier </HomeCity>
    <Telephone>0651438415</Telephone>
    <Mail>Hakan_34@hotmail.fr</Mail>
    <Password>AFr2S1oX9vqlzUYPwBQR1BIJI5Rmaq+v0GipZhD32WFvWJYHBTE7kDwF2kSNbz9MSA==</Password>
    <CountrysCustomerId>f3d5541d-9860-4d93-adcf-18f631adad74</CountrysCustomerId>
    <FavoritesProductAutoCustomerId>00000000-0000-0000-0000-000000000000</FavoritesProductAutoCustomerId>
    <Nclient />
    <IdInfoClientsDiscount>f6415725-5391-47d7-a42d-7db405f4b88f</IdInfoClientsDiscount>
  </rec>
  <rec>
    <CustomerId>a0cc7161-7d5f-4079-a281-579b46bbbed9</CustomerId>
    <TypeClient>1</TypeClient>
    <Sex>1</Sex>
    <Name>Rinat</Name>
    <Surname>VALIEV</Surname>
    <NameCompany />
    <Siret />
    <Frtva />
    <OfficeAddress />
    <OfficeZipCode />
    <OfficeCity />
    <HomeAddress>2 Rue du Dr. Albert Schweitzer</HomeAddress>
    <HomeZipCode>13006</HomeZipCode>
    <HomeCity>MARSEILLE</HomeCity>
    <Telephone>0761046879</Telephone>
    <Mail>contact@ren-it.com</Mail>
    <Password>AJ0m4q8qh8VnfMJkIZSPLavFs3DJYurUJ8kwpZOnNluMX3AyB8Kn/GC+5BFNZyjSEg==</Password>
    <CountrysCustomerId>f3d5541d-9860-4d93-adcf-18f631adad74</CountrysCustomerId>
    <FavoritesProductAutoCustomerId>00000000-0000-0000-0000-000000000000</FavoritesProductAutoCustomerId>
    <Nclient />
    <IdInfoClientsDiscount>7b532824-0a92-4ec0-8fc5-836195040aec</IdInfoClientsDiscount>
  </rec>
  <rec>
    <CustomerId>0da73e38-ccc4-44e0-a741-61563a37e1d5</CustomerId>
    <TypeClient>1</TypeClient>
    <Sex>0</Sex>
    <Name>Sonia</Name>
    <Surname>Yalcin</Surname>
    <NameCompany />
    <Siret />
    <Frtva />
    <OfficeAddress />
    <OfficeZipCode />
    <OfficeCity />
    <HomeAddress>56 avenue des buttis residence les jardins du collet </HomeAddress>
    <HomeZipCode>13011</HomeZipCode>
    <HomeCity>Marseille</HomeCity>
    <Telephone>0667292623</Telephone>
    <Mail>Sosongul12@gmail.com</Mail>
    <Password>AJrVHsvh/9S82fS5qfpj9327SQEyTqVs3mdlfqMnFMomEk0KLHVy0hetFe92g9JMUw==</Password>
    <CountrysCustomerId>f3d5541d-9860-4d93-adcf-18f631adad74</CountrysCustomerId>
    <FavoritesProductAutoCustomerId>00000000-0000-0000-0000-000000000000</FavoritesProductAutoCustomerId>
    <Nclient />
    <IdInfoClientsDiscount>f407cf11-fcfe-4b0e-80ec-d6f09434e838</IdInfoClientsDiscount>
  </rec>
  <rec>
    <CustomerId>f6a5f3f7-2562-40e9-b534-61d80ec71d27</CustomerId>
    <TypeClient>1</TypeClient>
    <Sex>0</Sex>
    <Name>rena</Name>
    <Surname>rena</Surname>
    <NameCompany />
    <Siret />
    <Frtva />
    <OfficeAddress />
    <OfficeZipCode />
    <OfficeCity />
    <HomeAddress>russie</HomeAddress>
    <HomeZipCode>452689</HomeZipCode>
    <HomeCity>nef</HomeCity>
    <Telephone>123123123</Telephone>
    <Mail>renatmrr@mail.ru</Mail>
    <Password>AChm05CCKoUd2G9aB/ggR7yk3ogh6nvgdi6YAqRe5Sy6tsP3Df+lInS3JTwlTcBmZQ==</Password>
    <CountrysCustomerId>f3d5541d-9860-4d93-adcf-18f631adad74</CountrysCustomerId>
    <FavoritesProductAutoCustomerId>00000000-0000-0000-0000-000000000000</FavoritesProductAutoCustomerId>
    <Nclient />
    <IdInfoClientsDiscount />
  </rec>
  <rec>
    <CustomerId>65aff8b3-73f0-4cd8-94a7-62985b025090</CustomerId>
    <TypeClient>1</TypeClient>
    <Sex>1</Sex>
    <Name>khizri</Name>
    <Surname>gamzatov</Surname>
    <NameCompany />
    <Siret />
    <Frtva />
    <OfficeAddress />
    <OfficeZipCode />
    <OfficeCity />
    <HomeAddress>43 rue saint exupery. les jardins de léda. bat-A. App-15</HomeAddress>
    <HomeZipCode>13300</HomeZipCode>
    <HomeCity>salon de provence</HomeCity>
    <Telephone>13300</Telephone>
    <Mail>xizri72@mail.ru</Mail>
    <Password>APA6OrFSX439MldrA2OrrfU6qphM22nJU41WUqVaZepP5aEFuXT+1F3GZ2Naw06Icg==</Password>
    <CountrysCustomerId>f3d5541d-9860-4d93-adcf-18f631adad74</CountrysCustomerId>
    <FavoritesProductAutoCustomerId>00000000-0000-0000-0000-000000000000</FavoritesProductAutoCustomerId>
    <Nclient />
    <IdInfoClientsDiscount />
  </rec>
  <rec>
    <CustomerId>4fb2a07c-3f95-45dd-a733-653edac54f3a</CustomerId>
    <TypeClient>1</TypeClient>
    <Sex>0</Sex>
    <Name>Larisa</Name>
    <Surname>pop</Surname>
    <NameCompany />
    <Siret />
    <Frtva />
    <OfficeAddress />
    <OfficeZipCode />
    <OfficeCity />
    <HomeAddress>louis botinelly</HomeAddress>
    <HomeZipCode>13004</HomeZipCode>
    <HomeCity>Marseille</HomeCity>
    <Telephone>0611735764</Telephone>
    <Mail>pop_larisamaria@yahoo.fr</Mail>
    <Password>AOP0nhQd26PVgnKpQnSspxE8FHLn+YLGpvzKyE2dYl1OIM9gL3WnrFIAWxXEbkbkTw==</Password>
    <CountrysCustomerId>f3d5541d-9860-4d93-adcf-18f631adad74</CountrysCustomerId>
    <FavoritesProductAutoCustomerId>00000000-0000-0000-0000-000000000000</FavoritesProductAutoCustomerId>
    <Nclient />
    <IdInfoClientsDiscount />
  </rec>
  <rec>
    <CustomerId>94a457ab-9685-4716-8406-66f6d98e31c9</CustomerId>
    <TypeClient>1</TypeClient>
    <Sex>1</Sex>
    <Name>Andrei</Name>
    <Surname>Najmitdinov</Surname>
    <NameCompany />
    <Siret />
    <Frtva />
    <OfficeAddress />
    <OfficeZipCode />
    <OfficeCity />
    <HomeAddress>Residence Saint-Michel, Batiment C1</HomeAddress>
    <HomeZipCode>84400</HomeZipCode>
    <HomeCity>Apt</HomeCity>
    <Telephone>0675585989</Telephone>
    <Mail>nag35@hotmail.fr</Mail>
    <Password>AAqPj+A8wSToI87bAO9UCt2ONptD7q67ClWecPIyZI3OamwMM/bExmbnwFSw0/kHBQ==</Password>
    <CountrysCustomerId>f3d5541d-9860-4d93-adcf-18f631adad74</CountrysCustomerId>
    <FavoritesProductAutoCustomerId>00000000-0000-0000-0000-000000000000</FavoritesProductAutoCustomerId>
    <Nclient />
    <IdInfoClientsDiscount>fbd780eb-d732-4b29-99c4-c0aa5d6c651e</IdInfoClientsDiscount>
  </rec>
  <rec>
    <CustomerId>e035daa3-79ac-4e41-b57e-674da40453eb</CustomerId>
    <TypeClient>1</TypeClient>
    <Sex>1</Sex>
    <Name>Sébastien</Name>
    <Surname>GRAILLE</Surname>
    <NameCompany />
    <Siret />
    <Frtva />
    <OfficeAddress />
    <OfficeZipCode />
    <OfficeCity />
    <HomeAddress>25 Rue du 141eme RIA</HomeAddress>
    <HomeZipCode>13003</HomeZipCode>
    <HomeCity>MARSEILLE</HomeCity>
    <Telephone>0675608183</Telephone>
    <Mail>sebastien.graille@gmail.com</Mail>
    <Password>APZf5vMBZT/nOAXk92Lx8kWdPOkCNlhkYF3kFAQhytRh6cSkclU3y0qAiphfZGH5sA==</Password>
    <CountrysCustomerId>f3d5541d-9860-4d93-adcf-18f631adad74</CountrysCustomerId>
    <FavoritesProductAutoCustomerId>00000000-0000-0000-0000-000000000000</FavoritesProductAutoCustomerId>
    <Nclient />
    <IdInfoClientsDiscount>68ebbacf-c6a7-4f88-b7db-077405d84ab1</IdInfoClientsDiscount>
  </rec>
  <rec>
    <CustomerId>1b833a50-b48f-49e0-bba7-6ab6457c42f9</CustomerId>
    <TypeClient>1</TypeClient>
    <Sex>1</Sex>
    <Name>Serguei</Name>
    <Surname>Seliouminov</Surname>
    <NameCompany />
    <Siret />
    <Frtva />
    <OfficeAddress />
    <OfficeZipCode />
    <OfficeCity />
    <HomeAddress>30 rue du Chapeau Rouge</HomeAddress>
    <HomeZipCode>84000</HomeZipCode>
    <HomeCity>Avignon</HomeCity>
    <Telephone>0783002237</Telephone>
    <Mail>piligrimfr@gmail.com</Mail>
    <Password>AD5e1CFTNJtp8z/TKERJIg0JSKXeV0q9LBjbT0GkdHzJtTSGYW+Rr5dDH0em/ezJDA==</Password>
    <CountrysCustomerId>f3d5541d-9860-4d93-adcf-18f631adad74</CountrysCustomerId>
    <FavoritesProductAutoCustomerId>00000000-0000-0000-0000-000000000000</FavoritesProductAutoCustomerId>
    <Nclient />
    <IdInfoClientsDiscount>bce2b8df-7401-4b26-abff-250b8abf3a6e</IdInfoClientsDiscount>
  </rec>
  <rec>
    <CustomerId>c5ee736f-9718-47e7-9e6d-6bc9185c7c98</CustomerId>
    <TypeClient>1</TypeClient>
    <Sex>2</Sex>
    <Name>CHRISTINE</Name>
    <Surname>ASSADOURIAN</Surname>
    <NameCompany />
    <Siret />
    <Frtva />
    <OfficeAddress />
    <OfficeZipCode />
    <OfficeCity />
    <HomeAddress>RESIDENCE LES BROUSSES N°1</HomeAddress>
    <HomeZipCode>13740</HomeZipCode>
    <HomeCity>LE ROVE</HomeCity>
    <Telephone>0624736085</Telephone>
    <Mail>yceslesbrousses@free.fr</Mail>
    <Password>AB9HdHxh99aTWx6p5mSeUcUSWO7M7DexBf/qQ55B88IyQZ0sU8Go2JrMNLaNeyhtjQ==</Password>
    <CountrysCustomerId>f3d5541d-9860-4d93-adcf-18f631adad74</CountrysCustomerId>
    <FavoritesProductAutoCustomerId>00000000-0000-0000-0000-000000000000</FavoritesProductAutoCustomerId>
    <Nclient />
    <IdInfoClientsDiscount>74b4d22a-39ec-4e39-ba99-d75c7d787eea</IdInfoClientsDiscount>
  </rec>
  <rec>
    <CustomerId>9c027a8e-51af-424c-b52c-74025aea883c</CustomerId>
    <TypeClient>1</TypeClient>
    <Sex>1</Sex>
    <Name>Bernard</Name>
    <Surname>Presto</Surname>
    <NameCompany />
    <Siret />
    <Frtva />
    <OfficeAddress />
    <OfficeZipCode />
    <OfficeCity />
    <HomeAddress>693 av de mazargues</HomeAddress>
    <HomeZipCode>13009</HomeZipCode>
    <HomeCity>Marseille</HomeCity>
    <Telephone>0491407091</Telephone>
    <Mail>presto@numericable.fr</Mail>
    <Password>AFih2lMfn2K6No1bcJtBMPcRTpnASCRiW4EMVit7RgdoT4Z6maMt7/StBOfSnf1LCg==</Password>
    <CountrysCustomerId>f3d5541d-9860-4d93-adcf-18f631adad74</CountrysCustomerId>
    <FavoritesProductAutoCustomerId>00000000-0000-0000-0000-000000000000</FavoritesProductAutoCustomerId>
    <Nclient />
    <IdInfoClientsDiscount />
  </rec>
  <rec>
    <CustomerId>7fa702ea-4a0c-45d8-b77b-74c0d71598eb</CustomerId>
    <TypeClient>1</TypeClient>
    <Sex>2</Sex>
    <Name>eva</Name>
    <Surname>velagic</Surname>
    <NameCompany />
    <Siret />
    <Frtva />
    <OfficeAddress />
    <OfficeZipCode />
    <OfficeCity />
    <HomeAddress>4 rue du tour de ville</HomeAddress>
    <HomeZipCode>13920</HomeZipCode>
    <HomeCity>saint mitre les remparts</HomeCity>
    <Telephone>33612455330</Telephone>
    <Mail>eva.lourenco.13@hotmail.fr</Mail>
    <Password>AGF9fSCs12wbmsrHgT16G8iBNw6lS7pjlZOpFTRPPcpldAjDh3PZ4hxxIlFf+PDDUA==</Password>
    <CountrysCustomerId>f3d5541d-9860-4d93-adcf-18f631adad74</CountrysCustomerId>
    <FavoritesProductAutoCustomerId>00000000-0000-0000-0000-000000000000</FavoritesProductAutoCustomerId>
    <Nclient />
    <IdInfoClientsDiscount>1007276a-6ce4-4322-8903-a05dbfbe8f63</IdInfoClientsDiscount>
  </rec>
  <rec>
    <CustomerId>e4c3a639-42d9-4b17-bb31-75b1480942fd</CustomerId>
    <TypeClient>1</TypeClient>
    <Sex>2</Sex>
    <Name>Kristine</Name>
    <Surname>Horovyy</Surname>
    <NameCompany />
    <Siret />
    <Frtva />
    <OfficeAddress />
    <OfficeZipCode />
    <OfficeCity />
    <HomeAddress>7 rue Leroy </HomeAddress>
    <HomeZipCode>92110</HomeZipCode>
    <HomeCity>Clichy</HomeCity>
    <Telephone>0652416262</Telephone>
    <Mail>Movsesyank@yahoo.fr</Mail>
    <Password>AI+rx+Dzs5QaEzjwAXuGiau7w7KAUWEV/O8llB3OyGcfPqhwKiQnhyUwopohhhM6kA==</Password>
    <CountrysCustomerId>f3d5541d-9860-4d93-adcf-18f631adad74</CountrysCustomerId>
    <FavoritesProductAutoCustomerId>00000000-0000-0000-0000-000000000000</FavoritesProductAutoCustomerId>
    <Nclient />
    <IdInfoClientsDiscount />
  </rec>
  <rec>
    <CustomerId>a42449db-86ba-4601-bf04-7a077f9e87e2</CustomerId>
    <TypeClient>1</TypeClient>
    <Sex>1</Sex>
    <Name>Aleksei</Name>
    <Surname>Zoubov</Surname>
    <NameCompany />
    <Siret />
    <Frtva />
    <OfficeAddress />
    <OfficeZipCode />
    <OfficeCity />
    <HomeAddress>51 rue Horace Bertin</HomeAddress>
    <HomeZipCode>13005</HomeZipCode>
    <HomeCity>Marseille</HomeCity>
    <Telephone>+33669335684</Telephone>
    <Mail>zoubov7@gmail.com</Mail>
    <Password>ADSNYAVejDnZxMr0lFZaTM5VWMOAyhzCDrFmYS6NU3uwme/DR3H+Leeec/EpUt1KKw==</Password>
    <CountrysCustomerId>f3d5541d-9860-4d93-adcf-18f631adad74</CountrysCustomerId>
    <FavoritesProductAutoCustomerId>00000000-0000-0000-0000-000000000000</FavoritesProductAutoCustomerId>
    <Nclient />
    <IdInfoClientsDiscount>3976458a-7363-4ce5-8a03-008a7a86c1cc</IdInfoClientsDiscount>
  </rec>
  <rec>
    <CustomerId>8f38b089-8ddc-4f91-9681-83acb8c9f324</CustomerId>
    <TypeClient>1</TypeClient>
    <Sex>1</Sex>
    <Name>bounouar</Name>
    <Surname>benchaib</Surname>
    <NameCompany />
    <Siret />
    <Frtva />
    <OfficeAddress />
    <OfficeZipCode />
    <OfficeCity />
    <HomeAddress>5 rue Maurice Borreau</HomeAddress>
    <HomeZipCode>93500</HomeZipCode>
    <HomeCity>Pantin</HomeCity>
    <Telephone>+33695869900</Telephone>
    <Mail>evahokesova@gmail.com</Mail>
    <Password>AEIPf4Uf8uzXyDDxw7KgdoBixtDHWd8u6UNgwNZo3DAH09FfNc0N/C1RBRSPPJ7KhA==</Password>
    <CountrysCustomerId>f3d5541d-9860-4d93-adcf-18f631adad74</CountrysCustomerId>
    <FavoritesProductAutoCustomerId>00000000-0000-0000-0000-000000000000</FavoritesProductAutoCustomerId>
    <Nclient />
    <IdInfoClientsDiscount />
  </rec>
  <rec>
    <CustomerId>3f4c1d21-5312-4a73-99b9-849ce4b21a2d</CustomerId>
    <TypeClient>1</TypeClient>
    <Sex>2</Sex>
    <Name>KARINE</Name>
    <Surname>lance</Surname>
    <NameCompany />
    <Siret />
    <Frtva />
    <OfficeAddress />
    <OfficeZipCode />
    <OfficeCity />
    <HomeAddress>1A BD MARCEL HOCHET</HomeAddress>
    <HomeZipCode>13127</HomeZipCode>
    <HomeCity>Vitrolles</HomeCity>
    <Telephone>0442417532</Telephone>
    <Mail>stephanekarine13@yahoo.fr</Mail>
    <Password>ANMEHoiDdPviq5XloqNK5pAZDvt62Ws6JaGV26wezvZfBC0DoAobmvSO0Axj17O0uw==</Password>
    <CountrysCustomerId>f3d5541d-9860-4d93-adcf-18f631adad74</CountrysCustomerId>
    <FavoritesProductAutoCustomerId>00000000-0000-0000-0000-000000000000</FavoritesProductAutoCustomerId>
    <Nclient />
    <IdInfoClientsDiscount />
  </rec>
  <rec>
    <CustomerId>9e5bf093-764d-4151-84e6-89b45be53e10</CustomerId>
    <TypeClient>1</TypeClient>
    <Sex>2</Sex>
    <Name>svetlana</Name>
    <Surname>gordienko</Surname>
    <NameCompany />
    <Siret />
    <Frtva />
    <OfficeAddress />
    <OfficeZipCode />
    <OfficeCity />
    <HomeAddress>7 rue des bretons</HomeAddress>
    <HomeZipCode>13100</HomeZipCode>
    <HomeCity>aix en provence</HomeCity>
    <Telephone>0623580409</Telephone>
    <Mail>svetlana.fayard@voila.fr</Mail>
    <Password>AAf6LcrPCa135wmcklrL6kbIfbgCiYGr2EMzs3UeM+Hd+GTf9DDjHhzLzpQM+thCqQ==</Password>
    <CountrysCustomerId>f3d5541d-9860-4d93-adcf-18f631adad74</CountrysCustomerId>
    <FavoritesProductAutoCustomerId>00000000-0000-0000-0000-000000000000</FavoritesProductAutoCustomerId>
    <Nclient />
    <IdInfoClientsDiscount>68638ce5-16b1-441c-9409-c7227f787adb</IdInfoClientsDiscount>
  </rec>
  <rec>
    <CustomerId>7e352322-cfce-451c-807e-8dcbfa483d52</CustomerId>
    <TypeClient>1</TypeClient>
    <Sex>1</Sex>
    <Name>JEAN CLAUDE</Name>
    <Surname>DESBOUIST</Surname>
    <NameCompany />
    <Siret />
    <Frtva />
    <OfficeAddress />
    <OfficeZipCode />
    <OfficeCity />
    <HomeAddress>105 AV. COURONNE DES PINS-20 domaine Lamartine</HomeAddress>
    <HomeZipCode>13400</HomeZipCode>
    <HomeCity>aubagne</HomeCity>
    <Telephone>0612467833</Telephone>
    <Mail>jcd2b@orange.fr</Mail>
    <Password>AKr6lsYTrDX91wgueWw9uGO7wisOIq9QtgAwb0v7kMtQbj/1MOvBI100PI8wCRsZ9A==</Password>
    <CountrysCustomerId>f3d5541d-9860-4d93-adcf-18f631adad74</CountrysCustomerId>
    <FavoritesProductAutoCustomerId>00000000-0000-0000-0000-000000000000</FavoritesProductAutoCustomerId>
    <Nclient />
    <IdInfoClientsDiscount />
  </rec>
  <rec>
    <CustomerId>d7d15f42-ce67-4179-909f-92372270b804</CustomerId>
    <TypeClient>1</TypeClient>
    <Sex>0</Sex>
    <Name>AURELIE</Name>
    <Surname>BALTAYAN</Surname>
    <NameCompany />
    <Siret />
    <Frtva />
    <OfficeAddress />
    <OfficeZipCode />
    <OfficeCity />
    <HomeAddress>253 BD ROMAIN ROLLAND LA SAUVAGERE </HomeAddress>
    <HomeZipCode>13010</HomeZipCode>
    <HomeCity>MARSEILLE</HomeCity>
    <Telephone>0622271802</Telephone>
    <Mail>aurely1988@live.fr</Mail>
    <Password>AMNQZ9jDxmyNl5lrTxyO8IPzPZ+JnuM+GRLFcDYApx62R+ZLFIFEwirr0Vr3y3XeFg==</Password>
    <CountrysCustomerId>f3d5541d-9860-4d93-adcf-18f631adad74</CountrysCustomerId>
    <FavoritesProductAutoCustomerId>00000000-0000-0000-0000-000000000000</FavoritesProductAutoCustomerId>
    <Nclient />
    <IdInfoClientsDiscount>45af623f-4d9c-46cc-b618-0e4c8cad7196</IdInfoClientsDiscount>
  </rec>
  <rec>
    <CustomerId>8d84c5c4-2072-42a6-a2fb-97b7b79aa056</CustomerId>
    <TypeClient>1</TypeClient>
    <Sex>0</Sex>
    <Name>Fatima</Name>
    <Surname>MAZAIEVA</Surname>
    <NameCompany />
    <Siret />
    <Frtva />
    <OfficeAddress />
    <OfficeZipCode />
    <OfficeCity />
    <HomeAddress>39,rue de la Pinède </HomeAddress>
    <HomeZipCode>13011</HomeZipCode>
    <HomeCity>Marseille </HomeCity>
    <Telephone>0605684331</Telephone>
    <Mail>fmazaieva@gmail.com</Mail>
    <Password>AJW08SsUda5ihi623NKYdTmzMReoRvHK6EJSWRUEpIZ2Ok5+YanoTiQ7Gwp3Vp8UAQ==</Password>
    <CountrysCustomerId>f3d5541d-9860-4d93-adcf-18f631adad74</CountrysCustomerId>
    <FavoritesProductAutoCustomerId>00000000-0000-0000-0000-000000000000</FavoritesProductAutoCustomerId>
    <Nclient />
    <IdInfoClientsDiscount>2fe9a19d-17b0-4c78-a53b-c9ca51d5a94f</IdInfoClientsDiscount>
  </rec>
  <rec>
    <CustomerId>2a0c888a-a59c-4418-aaa5-9b5c75ecfa07</CustomerId>
    <TypeClient>1</TypeClient>
    <Sex>1</Sex>
    <Name>Igor</Name>
    <Surname>OZEROV</Surname>
    <NameCompany />
    <Siret />
    <Frtva />
    <OfficeAddress />
    <OfficeZipCode />
    <OfficeCity />
    <HomeAddress>Beauvallon Pinède bt 28</HomeAddress>
    <HomeZipCode>13009</HomeZipCode>
    <HomeCity>MARSEILLE</HomeCity>
    <Telephone>0652950757</Telephone>
    <Mail>igorozerov@hotmail.com</Mail>
    <Password>APzvLTDxUqlJYG6xfJrf/IllCXbqDPtPwLihmo+fDISX+N0dkNhwZIMoEMkkSpRebw==</Password>
    <CountrysCustomerId>f3d5541d-9860-4d93-adcf-18f631adad74</CountrysCustomerId>
    <FavoritesProductAutoCustomerId>00000000-0000-0000-0000-000000000000</FavoritesProductAutoCustomerId>
    <Nclient />
    <IdInfoClientsDiscount />
  </rec>
  <rec>
    <CustomerId>aed5ace7-f910-4119-88e6-9bc90c03496f</CustomerId>
    <TypeClient>1</TypeClient>
    <Sex>2</Sex>
    <Name>elise</Name>
    <Surname>guokdjian</Surname>
    <NameCompany />
    <Siret />
    <Frtva />
    <OfficeAddress />
    <OfficeZipCode />
    <OfficeCity />
    <HomeAddress>177 chemin de st antoine à st joseph</HomeAddress>
    <HomeZipCode>13015</HomeZipCode>
    <HomeCity>Marseille</HomeCity>
    <Telephone>0661882711</Telephone>
    <Mail>elisemekhdjian@msn.com</Mail>
    <Password>AGRma6YLSe/aezQ/ECgrlM7hc6WcrjMdg8DZ7T5cBF7FFXyp2duljUtJnbWMvT+AhA==</Password>
    <CountrysCustomerId>f3d5541d-9860-4d93-adcf-18f631adad74</CountrysCustomerId>
    <FavoritesProductAutoCustomerId>00000000-0000-0000-0000-000000000000</FavoritesProductAutoCustomerId>
    <Nclient />
    <IdInfoClientsDiscount />
  </rec>
  <rec>
    <CustomerId>cb968cfd-9ad0-46d2-a002-a44154de1197</CustomerId>
    <TypeClient>1</TypeClient>
    <Sex>1</Sex>
    <Name>Samel</Name>
    <Surname>BEGOVIKJ</Surname>
    <NameCompany />
    <Siret />
    <Frtva />
    <OfficeAddress />
    <OfficeZipCode />
    <OfficeCity />
    <HomeAddress>149 rue paradis</HomeAddress>
    <HomeZipCode>13006</HomeZipCode>
    <HomeCity>marseille</HomeCity>
    <Telephone>0000000000</Telephone>
    <Mail>samelb@hotmail.com</Mail>
    <Password>ABc9KqALOs84+/MwAp72uUK6kUgHF0JECjU8PKudQCrW6XS3ssWNVWDdmtbblv2iNQ==</Password>
    <CountrysCustomerId>f3d5541d-9860-4d93-adcf-18f631adad74</CountrysCustomerId>
    <FavoritesProductAutoCustomerId>00000000-0000-0000-0000-000000000000</FavoritesProductAutoCustomerId>
    <Nclient />
    <IdInfoClientsDiscount>92437452-9495-425e-af1c-fb804d82b1f6</IdInfoClientsDiscount>
  </rec>
  <rec>
    <CustomerId>72c6e323-df8f-4896-b586-a45bc4688c83</CustomerId>
    <TypeClient>1</TypeClient>
    <Sex>1</Sex>
    <Name>nicolas</Name>
    <Surname>baptiste</Surname>
    <NameCompany />
    <Siret />
    <Frtva />
    <OfficeAddress />
    <OfficeZipCode />
    <OfficeCity />
    <HomeAddress>résidence verger de catinat</HomeAddress>
    <HomeZipCode>05600</HomeZipCode>
    <HomeCity>St crepin</HomeCity>
    <Telephone>0607567897</Telephone>
    <Mail>baptistenicolas13@free.fr</Mail>
    <Password>AA/c1Sgs/IHA0N5jRsxT7zQyzSElG5qDGboCjJcuv9dGCMU4mQYthaqkwa9fBZGK9w==</Password>
    <CountrysCustomerId>f3d5541d-9860-4d93-adcf-18f631adad74</CountrysCustomerId>
    <FavoritesProductAutoCustomerId>00000000-0000-0000-0000-000000000000</FavoritesProductAutoCustomerId>
    <Nclient />
    <IdInfoClientsDiscount>fa29e00b-117e-4803-892a-091cc774549d</IdInfoClientsDiscount>
  </rec>
  <rec>
    <CustomerId>6a22d9c1-e7cb-4a5d-98fb-a7a06bce79e0</CustomerId>
    <TypeClient>1</TypeClient>
    <Sex>1</Sex>
    <Name>hervé</Name>
    <Surname>laforce</Surname>
    <NameCompany />
    <Siret />
    <Frtva />
    <OfficeAddress />
    <OfficeZipCode />
    <OfficeCity />
    <HomeAddress>20 rue moustier</HomeAddress>
    <HomeZipCode>13001</HomeZipCode>
    <HomeCity>marseille</HomeCity>
    <Telephone>0680156579</Telephone>
    <Mail>atlif@free.fr</Mail>
    <Password>ADQwmrAs+JCj1kOQW6fyWDFJIjxQFAVM6jmPMF2ZNV8cyyO+Qe6BkPTPjnM1gdfLWg==</Password>
    <CountrysCustomerId>f3d5541d-9860-4d93-adcf-18f631adad74</CountrysCustomerId>
    <FavoritesProductAutoCustomerId>00000000-0000-0000-0000-000000000000</FavoritesProductAutoCustomerId>
    <Nclient />
    <IdInfoClientsDiscount>525cfd52-4b2c-4ad2-97e7-3a8141c3293d</IdInfoClientsDiscount>
  </rec>
  <rec>
    <CustomerId>5c01ad0b-2809-49cf-b893-b0ceb7febfdd</CustomerId>
    <TypeClient>1</TypeClient>
    <Sex>1</Sex>
    <Name>Sylvain</Name>
    <Surname>NIKOLIC</Surname>
    <NameCompany />
    <Siret />
    <Frtva />
    <OfficeAddress />
    <OfficeZipCode />
    <OfficeCity />
    <HomeAddress>9 rue Roumanille</HomeAddress>
    <HomeZipCode>13140</HomeZipCode>
    <HomeCity>MIRAMAS</HomeCity>
    <Telephone>0664292569</Telephone>
    <Mail>sylvain.nikolic@orange.fr</Mail>
    <Password>AEXD9B5601LBXSFrgRK2PU+CwAsl0xRiQYdRAOgymC5LXtGqApv8oG8ApIAg/eBAmw==</Password>
    <CountrysCustomerId>f3d5541d-9860-4d93-adcf-18f631adad74</CountrysCustomerId>
    <FavoritesProductAutoCustomerId>00000000-0000-0000-0000-000000000000</FavoritesProductAutoCustomerId>
    <Nclient />
    <IdInfoClientsDiscount />
  </rec>
  <rec>
    <CustomerId>8c057713-6ddc-4572-87ce-b5f6cd4f7518</CustomerId>
    <TypeClient>1</TypeClient>
    <Sex>0</Sex>
    <Name>katia</Name>
    <Surname>brites</Surname>
    <NameCompany />
    <Siret />
    <Frtva />
    <OfficeAddress />
    <OfficeZipCode />
    <OfficeCity />
    <HomeAddress>28 allée de la Sainte Baume</HomeAddress>
    <HomeZipCode>13300</HomeZipCode>
    <HomeCity>SALON DE PROVENCE</HomeCity>
    <Telephone>+33649819136</Telephone>
    <Mail>katersaley@hotmail.fr</Mail>
    <Password>AHit9Ux4UG24opvD7cAnKIljuErhTD8GirNVmVKY76ZsNjNc4bNJCpWjxP5h5p72CQ==</Password>
    <CountrysCustomerId>f3d5541d-9860-4d93-adcf-18f631adad74</CountrysCustomerId>
    <FavoritesProductAutoCustomerId>00000000-0000-0000-0000-000000000000</FavoritesProductAutoCustomerId>
    <Nclient />
    <IdInfoClientsDiscount />
  </rec>
  <rec>
    <CustomerId>70ae9078-121b-446b-bf65-b68276c582d0</CustomerId>
    <TypeClient>1</TypeClient>
    <Sex>2</Sex>
    <Name>manda </Name>
    <Surname>stancu</Surname>
    <NameCompany />
    <Siret />
    <Frtva />
    <OfficeAddress />
    <OfficeZipCode />
    <OfficeCity />
    <HomeAddress>5 route de bellombre</HomeAddress>
    <HomeZipCode>13280</HomeZipCode>
    <HomeCity>raphele les arles </HomeCity>
    <Telephone>0762412606</Telephone>
    <Mail>mendystancumanda@yahoo.com</Mail>
    <Password>AOtxfEGdwcZSkYke4GROF7mXJa3+EaB4MyMve0ERDyVpcyzfHYCFsAxsTIc1TZjWlQ==</Password>
    <CountrysCustomerId>f3d5541d-9860-4d93-adcf-18f631adad74</CountrysCustomerId>
    <FavoritesProductAutoCustomerId>00000000-0000-0000-0000-000000000000</FavoritesProductAutoCustomerId>
    <Nclient />
    <IdInfoClientsDiscount />
  </rec>
  <rec>
    <CustomerId>af86be9d-d71c-44eb-b82a-b6dbc05bbff4</CustomerId>
    <TypeClient>1</TypeClient>
    <Sex>2</Sex>
    <Name>Alaa</Name>
    <Surname>Shawket</Surname>
    <NameCompany />
    <Siret />
    <Frtva />
    <OfficeAddress />
    <OfficeZipCode />
    <OfficeCity />
    <HomeAddress>45 Avenue de Luminy</HomeAddress>
    <HomeZipCode>13009</HomeZipCode>
    <HomeCity>Marseille</HomeCity>
    <Telephone>0672368225</Telephone>
    <Mail>alaashawket@yahoo.fr</Mail>
    <Password>AFVppnMcBYgaSjmyBIz40zFSXHE0kQbP4Js1Pv/EEoIsbTSNClUxjWXRG3JPy0FdbA==</Password>
    <CountrysCustomerId>f3d5541d-9860-4d93-adcf-18f631adad74</CountrysCustomerId>
    <FavoritesProductAutoCustomerId>00000000-0000-0000-0000-000000000000</FavoritesProductAutoCustomerId>
    <Nclient />
    <IdInfoClientsDiscount>fbc2beaf-2d00-497f-b1ff-20b38a2b455d</IdInfoClientsDiscount>
  </rec>
  <rec>
    <CustomerId>6f8c62eb-51ce-4144-98e2-c4a5dfed90d8</CustomerId>
    <TypeClient>1</TypeClient>
    <Sex>1</Sex>
    <Name>Sergiy</Name>
    <Surname>DMYTROUK</Surname>
    <NameCompany />
    <Siret />
    <Frtva />
    <OfficeAddress />
    <OfficeZipCode />
    <OfficeCity />
    <HomeAddress>CHEMIN DE LA SABATIERE</HomeAddress>
    <HomeZipCode>134000</HomeZipCode>
    <HomeCity>AUBAGNE</HomeCity>
    <Telephone>0678857275</Telephone>
    <Mail>anton.drozdov@hotmail.fr</Mail>
    <Password>AO+BUET2iehzhs2u7f1Bk34Vja0x7ynSzXlplGw3lqjdicpdMus2wqAqSGR4vrDDlQ==</Password>
    <CountrysCustomerId>f3d5541d-9860-4d93-adcf-18f631adad74</CountrysCustomerId>
    <FavoritesProductAutoCustomerId>00000000-0000-0000-0000-000000000000</FavoritesProductAutoCustomerId>
    <Nclient />
    <IdInfoClientsDiscount>6d575a1e-c9b7-4f6a-8426-dfb17ecf6266</IdInfoClientsDiscount>
  </rec>
  <rec>
    <CustomerId>8bc9845f-b72a-4e1c-875a-c7698ebc33c7</CustomerId>
    <TypeClient>1</TypeClient>
    <Sex>1</Sex>
    <Name>ozkan</Name>
    <Surname>gulener</Surname>
    <NameCompany />
    <Siret />
    <Frtva />
    <OfficeAddress />
    <OfficeZipCode />
    <OfficeCity />
    <HomeAddress>177 avenue de verdun</HomeAddress>
    <HomeZipCode>06700</HomeZipCode>
    <HomeCity>saint laurent du var</HomeCity>
    <Telephone>0617144148</Telephone>
    <Mail>kimiz06@hotmail.fr</Mail>
    <Password>AMWa4jPl9xPfzRxe1ompGvgt8UzaDYTkc+3C4I5+8UXhEwAuaPti6XnbFBaEsMu6LQ==</Password>
    <CountrysCustomerId>f3d5541d-9860-4d93-adcf-18f631adad74</CountrysCustomerId>
    <FavoritesProductAutoCustomerId>00000000-0000-0000-0000-000000000000</FavoritesProductAutoCustomerId>
    <Nclient />
    <IdInfoClientsDiscount />
  </rec>
  <rec>
    <CustomerId>ff8c8b6e-1830-4939-8ed0-cff2118dadd3</CustomerId>
    <TypeClient>1</TypeClient>
    <Sex>1</Sex>
    <Name>Constantin</Name>
    <Surname>Nedejde</Surname>
    <NameCompany />
    <Siret />
    <Frtva />
    <OfficeAddress />
    <OfficeZipCode />
    <OfficeCity />
    <HomeAddress>9 Av. Marechal Juin</HomeAddress>
    <HomeZipCode>13700</HomeZipCode>
    <HomeCity>Marignane </HomeCity>
    <Telephone>0666130642</Telephone>
    <Mail>costy_76@hotmail.com</Mail>
    <Password>AB+Vky1Kdgyz3yFZd5kyFebVDAYRoGhUiif3Z+vQ/IumA01Sjs+kW9pyMJUuO51p9A==</Password>
    <CountrysCustomerId>f3d5541d-9860-4d93-adcf-18f631adad74</CountrysCustomerId>
    <FavoritesProductAutoCustomerId>00000000-0000-0000-0000-000000000000</FavoritesProductAutoCustomerId>
    <Nclient />
    <IdInfoClientsDiscount>82100b19-3115-4b95-8b91-49d3cca305ef</IdInfoClientsDiscount>
  </rec>
  <rec>
    <CustomerId>4a7da809-bacb-4607-97c1-d2362bc75880</CustomerId>
    <TypeClient>1</TypeClient>
    <Sex>2</Sex>
    <Name>Aurecoono</Name>
    <Surname>Aurecoono</Surname>
    <NameCompany />
    <Siret />
    <Frtva />
    <OfficeAddress />
    <OfficeZipCode />
    <OfficeCity />
    <HomeAddress>Kwajalein</HomeAddress>
    <HomeZipCode>123456</HomeZipCode>
    <HomeCity>Kwajalein</HomeCity>
    <Telephone>123456</Telephone>
    <Mail>email@fastshipcialis.com</Mail>
    <Password>AMI3hSeg/4m3fQvOCiFSVyuaTA2Isaai0V8kojIVjncFLAbXzStxFqBTsBtcXogkGg==</Password>
    <CountrysCustomerId>f3d5541d-9860-4d93-adcf-18f631adad74</CountrysCustomerId>
    <FavoritesProductAutoCustomerId>00000000-0000-0000-0000-000000000000</FavoritesProductAutoCustomerId>
    <Nclient />
    <IdInfoClientsDiscount />
  </rec>
  <rec>
    <CustomerId>cb950e4e-6983-4465-acee-d6a3195b3619</CustomerId>
    <TypeClient>1</TypeClient>
    <Sex>1</Sex>
    <Name>umit</Name>
    <Surname>diler</Surname>
    <NameCompany />
    <Siret />
    <Frtva />
    <OfficeAddress />
    <OfficeZipCode />
    <OfficeCity />
    <HomeAddress>75 boulevard icard Parc verdillon bat a1 </HomeAddress>
    <HomeZipCode>13010</HomeZipCode>
    <HomeCity>marseille </HomeCity>
    <Telephone>0652516649 </Telephone>
    <Mail>adiler124@gmail.com</Mail>
    <Password>AB9JEIc8aURKsbjS3ToQhLB3WVne6sQmXR1qUliN5jrGObQ59OEE3+3ZfEAgnuN66g==</Password>
    <CountrysCustomerId>f3d5541d-9860-4d93-adcf-18f631adad74</CountrysCustomerId>
    <FavoritesProductAutoCustomerId>00000000-0000-0000-0000-000000000000</FavoritesProductAutoCustomerId>
    <Nclient />
    <IdInfoClientsDiscount>001db2fc-6f25-48bc-94b4-345303816ea9</IdInfoClientsDiscount>
  </rec>
  <rec>
    <CustomerId>ce6716a6-23e8-47c0-8057-d7269e05e416</CustomerId>
    <TypeClient>1</TypeClient>
    <Sex>2</Sex>
    <Name>Anita</Name>
    <Surname>MIGIRDITCHIAN</Surname>
    <NameCompany />
    <Siret />
    <Frtva />
    <OfficeAddress />
    <OfficeZipCode />
    <OfficeCity />
    <HomeAddress>57, res le Clos des Pins</HomeAddress>
    <HomeZipCode>13320</HomeZipCode>
    <HomeCity>BOUC BEL AIR</HomeCity>
    <Telephone>0622824578</Telephone>
    <Mail>richardmigir@gmail.com</Mail>
    <Password>AJpw/+wYPgh4Dcp8toFRm8C5yiqHRLkrGcd7pc8H0jxls6o4C9nQqQK26LEASWOuHA==</Password>
    <CountrysCustomerId>f3d5541d-9860-4d93-adcf-18f631adad74</CountrysCustomerId>
    <FavoritesProductAutoCustomerId>00000000-0000-0000-0000-000000000000</FavoritesProductAutoCustomerId>
    <Nclient />
    <IdInfoClientsDiscount />
  </rec>
  <rec>
    <CustomerId>3ce80f51-f6d6-430c-9e3f-dd0fdcba9bcc</CustomerId>
    <TypeClient>1</TypeClient>
    <Sex>1</Sex>
    <Name>ARTAK</Name>
    <Surname>Grigorian</Surname>
    <NameCompany />
    <Siret />
    <Frtva />
    <OfficeAddress />
    <OfficeZipCode />
    <OfficeCity />
    <HomeAddress>33 avenue Elleon</HomeAddress>
    <HomeZipCode>13011</HomeZipCode>
    <HomeCity>marseille</HomeCity>
    <Telephone>0606569072</Telephone>
    <Mail>fiday.a@Hotmail.fr</Mail>
    <Password>AMYC623kMnRvtOaGlN+M9yg3whbYhsHR3AHDp9ceSUu2nQ0RcOlsfAw2D6JOKWgfxQ==</Password>
    <CountrysCustomerId>f3d5541d-9860-4d93-adcf-18f631adad74</CountrysCustomerId>
    <FavoritesProductAutoCustomerId>00000000-0000-0000-0000-000000000000</FavoritesProductAutoCustomerId>
    <Nclient />
    <IdInfoClientsDiscount />
  </rec>
  <rec>
    <CustomerId>c39bc466-a607-4db6-bff9-e21ea930dc53</CustomerId>
    <TypeClient>1</TypeClient>
    <Sex>0</Sex>
    <Name>larisa</Name>
    <Surname>pop</Surname>
    <NameCompany />
    <Siret />
    <Frtva />
    <OfficeAddress />
    <OfficeZipCode />
    <OfficeCity />
    <HomeAddress>Louis Botinelly</HomeAddress>
    <HomeZipCode>13004</HomeZipCode>
    <HomeCity>Marseille</HomeCity>
    <Telephone>0611735764</Telephone>
    <Mail>larisapop883@gmail.com</Mail>
    <Password>AMYc9IV4Qk/Eb/JqJmj0ZBpobRjrExXMb3MSh/8bSKlQPeDalujZuyDGZO1sBj03Dw==</Password>
    <CountrysCustomerId>f3d5541d-9860-4d93-adcf-18f631adad74</CountrysCustomerId>
    <FavoritesProductAutoCustomerId>00000000-0000-0000-0000-000000000000</FavoritesProductAutoCustomerId>
    <Nclient />
    <IdInfoClientsDiscount>4d0fc69b-5c5d-48ef-b958-71cca7c25701</IdInfoClientsDiscount>
  </rec>
  <rec>
    <CustomerId>404218dc-f686-4535-ba37-e52c4ab31bd6</CustomerId>
    <TypeClient>1</TypeClient>
    <Sex>0</Sex>
    <Name>dominika</Name>
    <Surname>misio</Surname>
    <NameCompany />
    <Siret />
    <Frtva />
    <OfficeAddress />
    <OfficeZipCode />
    <OfficeCity />
    <HomeAddress>12 rue mistral</HomeAddress>
    <HomeZipCode>13129</HomeZipCode>
    <HomeCity>salin de giraud</HomeCity>
    <Telephone>0601405318</Telephone>
    <Mail>dominika.misio@laposte.net</Mail>
    <Password>ACbLNol94d0Ucz2lb8XJVvBOLZBSgykYUiJ+0tsuuzCKe6paQcJsTYDGhC2cEhphgA==</Password>
    <CountrysCustomerId>f3d5541d-9860-4d93-adcf-18f631adad74</CountrysCustomerId>
    <FavoritesProductAutoCustomerId>00000000-0000-0000-0000-000000000000</FavoritesProductAutoCustomerId>
    <Nclient />
    <IdInfoClientsDiscount />
  </rec>
  <rec>
    <CustomerId>e4876fa1-3bf7-4c80-b7b4-e5568f7ded0f</CustomerId>
    <TypeClient>1</TypeClient>
    <Sex>1</Sex>
    <Name>Jean-Pierre</Name>
    <Surname>Bodossian</Surname>
    <NameCompany />
    <Siret />
    <Frtva />
    <OfficeAddress />
    <OfficeZipCode />
    <OfficeCity />
    <HomeAddress>Campagne la Douce</HomeAddress>
    <HomeZipCode>04300</HomeZipCode>
    <HomeCity>SIGONCE</HomeCity>
    <Telephone>0695919705</Telephone>
    <Mail>jp_bodossian@hotmail.com</Mail>
    <Password>AI+AUfpkuyYZk6PR8B51lH3oOn3wCfMiDPaERvDZui2njgkcMmGY5OX1JoZYAamshQ==</Password>
    <CountrysCustomerId>f3d5541d-9860-4d93-adcf-18f631adad74</CountrysCustomerId>
    <FavoritesProductAutoCustomerId>00000000-0000-0000-0000-000000000000</FavoritesProductAutoCustomerId>
    <Nclient />
    <IdInfoClientsDiscount>83f4b84c-38d8-4290-8966-24ecaee89d27</IdInfoClientsDiscount>
  </rec>
  <rec>
    <CustomerId>f5ddeaa0-b865-4b9c-8c88-e87dc3307c92</CustomerId>
    <TypeClient>1</TypeClient>
    <Sex>1</Sex>
    <Name>bernard</Name>
    <Surname>Valente</Surname>
    <NameCompany />
    <Siret />
    <Frtva />
    <OfficeAddress />
    <OfficeZipCode />
    <OfficeCity />
    <HomeAddress>57 rue Léo Lagrange </HomeAddress>
    <HomeZipCode>13200</HomeZipCode>
    <HomeCity>arles</HomeCity>
    <Telephone>0650444037</Telephone>
    <Mail>bernard.valente@sfr.fr</Mail>
    <Password>AOTBGBzyxQ7v9zW/CPI6amk/ElzZ0Od+Yb6X19JgRCn7K+5CpVCjGJgzVJoNLU8N7A==</Password>
    <CountrysCustomerId>f3d5541d-9860-4d93-adcf-18f631adad74</CountrysCustomerId>
    <FavoritesProductAutoCustomerId>00000000-0000-0000-0000-000000000000</FavoritesProductAutoCustomerId>
    <Nclient />
    <IdInfoClientsDiscount>64e01e8f-b2c7-4235-a208-e85e02e3ba38</IdInfoClientsDiscount>
  </rec>
  <rec>
    <CustomerId>f4b02006-5fa9-498a-a5be-eac61662f4f8</CustomerId>
    <TypeClient>1</TypeClient>
    <Sex>2</Sex>
    <Name>Rolande</Name>
    <Surname>Minassian</Surname>
    <NameCompany />
    <Siret />
    <Frtva />
    <OfficeAddress />
    <OfficeZipCode />
    <OfficeCity />
    <HomeAddress>27place Jean jaures</HomeAddress>
    <HomeZipCode>84310</HomeZipCode>
    <HomeCity>Morieres</HomeCity>
    <Telephone>0490838756</Telephone>
    <Mail>Arthur.minassian@orange.fr</Mail>
    <Password>APAD+1AKlw1y6jMGDgiX31dwDsZ4EVhnC8RIvKdiHJg2IDoH5mko1ZQGHTnaj5bnYA==</Password>
    <CountrysCustomerId>f3d5541d-9860-4d93-adcf-18f631adad74</CountrysCustomerId>
    <FavoritesProductAutoCustomerId>00000000-0000-0000-0000-000000000000</FavoritesProductAutoCustomerId>
    <Nclient />
    <IdInfoClientsDiscount>688a7fcd-b8be-4d6b-8a58-98f11d482f21</IdInfoClientsDiscount>
  </rec>
  <rec>
    <CustomerId>5fa8577e-a6e1-4b05-aa59-ef4dbea99ead</CustomerId>
    <TypeClient>1</TypeClient>
    <Sex>2</Sex>
    <Name>NATHALIE</Name>
    <Surname>MY</Surname>
    <NameCompany />
    <Siret />
    <Frtva />
    <OfficeAddress />
    <OfficeZipCode />
    <OfficeCity />
    <HomeAddress>RES HORIZON STE VICTOIRE.  80 AV NICOLAS COPERNIC</HomeAddress>
    <HomeZipCode>13100</HomeZipCode>
    <HomeCity>AIX EN PROVENCE</HomeCity>
    <Telephone>0611373497</Telephone>
    <Mail>nanakovic@hotmail.com</Mail>
    <Password>ACPbpMvJhYbaJRLUUnO25IsUnGzsvCGonXm9+FR96e/FKPj5HYswu+SQjG1zGTe7gw==</Password>
    <CountrysCustomerId>f3d5541d-9860-4d93-adcf-18f631adad74</CountrysCustomerId>
    <FavoritesProductAutoCustomerId>00000000-0000-0000-0000-000000000000</FavoritesProductAutoCustomerId>
    <Nclient />
    <IdInfoClientsDiscount />
  </rec>
  <rec>
    <CustomerId>a3440537-c890-4cd8-ad08-f57df6c51045</CustomerId>
    <TypeClient>1</TypeClient>
    <Sex>2</Sex>
    <Name>evguenia</Name>
    <Surname>klimenko</Surname>
    <NameCompany />
    <Siret />
    <Frtva />
    <OfficeAddress />
    <OfficeZipCode />
    <OfficeCity />
    <HomeAddress>5 rue de la monnaie</HomeAddress>
    <HomeZipCode>13500</HomeZipCode>
    <HomeCity>martigues</HomeCity>
    <Telephone>0659966381</Telephone>
    <Mail>martigues1@rambler.ru</Mail>
    <Password>ANpMekvgwLb5vkNwOlVs5BxZKMO/d1/iPN3NSPTTODjI8g+yZA7zxufXC9H4zo5MCQ==</Password>
    <CountrysCustomerId>f3d5541d-9860-4d93-adcf-18f631adad74</CountrysCustomerId>
    <FavoritesProductAutoCustomerId>00000000-0000-0000-0000-000000000000</FavoritesProductAutoCustomerId>
    <Nclient />
    <IdInfoClientsDiscount>587697f1-e6f1-4a75-a6d0-dd060d69d7d5</IdInfoClientsDiscount>
  </rec>
  <rec>
    <CustomerId>238101f1-e6fd-49e0-9f76-fa9273fcff78</CustomerId>
    <TypeClient>1</TypeClient>
    <Sex>2</Sex>
    <Name>Alvarde</Name>
    <Surname>Asrian</Surname>
    <NameCompany />
    <Siret />
    <Frtva />
    <OfficeAddress />
    <OfficeZipCode />
    <OfficeCity />
    <HomeAddress>Résidence les Micocouliers</HomeAddress>
    <HomeZipCode>13014</HomeZipCode>
    <HomeCity>Marseille</HomeCity>
    <Telephone>0626218252</Telephone>
    <Mail>achotjan13@gmail.com</Mail>
    <Password>AI+Z040kZk9xGBSOBRM3Qc9hcG8ogye+1t3P6e8SVRNLob5I5kT+nmoBTb+U/s8FQg==</Password>
    <CountrysCustomerId>f3d5541d-9860-4d93-adcf-18f631adad74</CountrysCustomerId>
    <FavoritesProductAutoCustomerId>00000000-0000-0000-0000-000000000000</FavoritesProductAutoCustomerId>
    <Nclient />
    <IdInfoClientsDiscount>b17f97a7-000d-40f9-8293-3227d6aa8677</IdInfoClientsDiscount>
  </rec>
  <rec>
    <CustomerId>8b46a54f-f0c4-4588-ac9c-0cca91839d62</CustomerId>
    <TypeClient>1</TypeClient>
    <Sex>0</Sex>
    <Name>test</Name>
    <Surname>asdasd</Surname>
    <NameCompany>dsadad</NameCompany>
    <Siret>11111111111111</Siret>
    <Frtva>25%</Frtva>
    <OfficeAddress>wddsdad</OfficeAddress>
    <OfficeZipCode>452680</OfficeZipCode>
    <OfficeCity>32323</OfficeCity>
    <HomeAddress>qewqeqwe</HomeAddress>
    <HomeZipCode>232423</HomeZipCode>
    <HomeCity>qewqeqwe</HomeCity>
    <Telephone>2111111111111111111</Telephone>
    <Mail>wqeqweqwe@dw.we</Mail>
    <Password></Password>
    <CountrysCustomerId>00000000-0000-0000-0000-000000000000</CountrysCustomerId>
    <FavoritesProductAutoCustomerId>00000000-0000-0000-0000-000000000000</FavoritesProductAutoCustomerId>
    <Nclient></Nclient>
    <IdInfoClientsDiscount>d2ceda02-000a-4deb-b03c-1c02316a0e89</IdInfoClientsDiscount>
  </rec>
  <rec>
    <CustomerId>21ad9dff-0d14-4fb8-94b5-d11dd65c44c7</CustomerId>
    <TypeClient>1</TypeClient>
    <Sex>0</Sex>
    <Name>test</Name>
    <Surname>asdasd</Surname>
    <NameCompany>dsadad</NameCompany>
    <Siret>11111111111111</Siret>
    <Frtva>25%</Frtva>
    <OfficeAddress>wddsdad</OfficeAddress>
    <OfficeZipCode>452680</OfficeZipCode>
    <OfficeCity>32323</OfficeCity>
    <HomeAddress>qewqeqwe</HomeAddress>
    <HomeZipCode>232423</HomeZipCode>
    <HomeCity>qewqeqwe</HomeCity>
    <Telephone>2111111111111111111</Telephone>
    <Mail>wqeqweqwe@dw.we</Mail>
    <Password></Password>
    <CountrysCustomerId>00000000-0000-0000-0000-000000000000</CountrysCustomerId>
    <FavoritesProductAutoCustomerId>00000000-0000-0000-0000-000000000000</FavoritesProductAutoCustomerId>
    <Nclient></Nclient>
    <IdInfoClientsDiscount>d2ceda02-000a-4deb-b03c-1c02316a0e89</IdInfoClientsDiscount>
  </rec>
  <rec>
    <CustomerId>dc3092ca-648f-4f30-9f9f-49fa4a3127e4</CustomerId>
    <TypeClient>1</TypeClient>
    <Sex>0</Sex>
    <Name>test</Name>
    <Surname>asdasd</Surname>
    <NameCompany>dsadad</NameCompany>
    <Siret>11111111111111</Siret>
    <Frtva>25%</Frtva>
    <OfficeAddress>wddsdad</OfficeAddress>
    <OfficeZipCode>452680</OfficeZipCode>
    <OfficeCity>32323</OfficeCity>
    <HomeAddress>qewqeqwe</HomeAddress>
    <HomeZipCode>232423</HomeZipCode>
    <HomeCity>qewqeqwe</HomeCity>
    <Telephone>2111111111111111111</Telephone>
    <Mail>wqeqweqwe@dw.we</Mail>
    <Password></Password>
    <CountrysCustomerId>00000000-0000-0000-0000-000000000000</CountrysCustomerId>
    <FavoritesProductAutoCustomerId>00000000-0000-0000-0000-000000000000</FavoritesProductAutoCustomerId>
    <Nclient></Nclient>
    <IdInfoClientsDiscount>d2ceda02-000a-4deb-b03c-1c02316a0e89</IdInfoClientsDiscount>
  </rec>
  <rec>
    <CustomerId>1a33dd62-45da-4a08-a4c6-5a3fe5059045</CustomerId>
    <TypeClient>1</TypeClient>
    <Sex>0</Sex>
    <Name>test</Name>
    <Surname>asdasd</Surname>
    <NameCompany>dsadad</NameCompany>
    <Siret>11111111111111</Siret>
    <Frtva>25%</Frtva>
    <OfficeAddress>wddsdad</OfficeAddress>
    <OfficeZipCode>452680</OfficeZipCode>
    <OfficeCity>32323</OfficeCity>
    <HomeAddress>qewqeqwe</HomeAddress>
    <HomeZipCode>232423</HomeZipCode>
    <HomeCity>qewqeqwe</HomeCity>
    <Telephone>2111111111111111111</Telephone>
    <Mail>wqeqweqwe@dw.we</Mail>
    <Password></Password>
    <CountrysCustomerId>00000000-0000-0000-0000-000000000000</CountrysCustomerId>
    <FavoritesProductAutoCustomerId>00000000-0000-0000-0000-000000000000</FavoritesProductAutoCustomerId>
    <Nclient></Nclient>
    <IdInfoClientsDiscount>d2ceda02-000a-4deb-b03c-1c02316a0e89</IdInfoClientsDiscount>
  </rec>
  <rec>
    <CustomerId>382b5501-5285-41e7-82d4-e78a327c0e03</CustomerId>
    <TypeClient>1</TypeClient>
    <Sex>0</Sex>
    <Name>test</Name>
    <Surname>asdasd</Surname>
    <NameCompany>dsadad</NameCompany>
    <Siret>11111111111111</Siret>
    <Frtva>25%</Frtva>
    <OfficeAddress>wddsdad</OfficeAddress>
    <OfficeZipCode>452680</OfficeZipCode>
    <OfficeCity>32323</OfficeCity>
    <HomeAddress>qewqeqwe</HomeAddress>
    <HomeZipCode>232423</HomeZipCode>
    <HomeCity>qewqeqwe</HomeCity>
    <Telephone>2111111111111111111</Telephone>
    <Mail>wqeqweqwe@dw.we</Mail>
    <Password></Password>
    <CountrysCustomerId>00000000-0000-0000-0000-000000000000</CountrysCustomerId>
    <FavoritesProductAutoCustomerId>00000000-0000-0000-0000-000000000000</FavoritesProductAutoCustomerId>
    <Nclient></Nclient>
    <IdInfoClientsDiscount>d2ceda02-000a-4deb-b03c-1c02316a0e89</IdInfoClientsDiscount>
  </rec>
  <rec>
    <CustomerId>f17914df-32cf-415a-8860-6c8ff5d3e57b</CustomerId>
    <TypeClient>1</TypeClient>
    <Sex>0</Sex>
    <Name>test</Name>
    <Surname>asdasd</Surname>
    <NameCompany>dsadad</NameCompany>
    <Siret>11111111111111</Siret>
    <Frtva>25%</Frtva>
    <OfficeAddress>wddsdad</OfficeAddress>
    <OfficeZipCode>452680</OfficeZipCode>
    <OfficeCity>32323</OfficeCity>
    <HomeAddress>qewqeqwe</HomeAddress>
    <HomeZipCode>232423</HomeZipCode>
    <HomeCity>qewqeqwe</HomeCity>
    <Telephone>2111111111111111111</Telephone>
    <Mail>wqeqweqwe@dw.we</Mail>
    <Password></Password>
    <CountrysCustomerId>00000000-0000-0000-0000-000000000000</CountrysCustomerId>
    <FavoritesProductAutoCustomerId>00000000-0000-0000-0000-000000000000</FavoritesProductAutoCustomerId>
    <Nclient></Nclient>
    <IdInfoClientsDiscount>d2ceda02-000a-4deb-b03c-1c02316a0e89</IdInfoClientsDiscount>
  </rec>
  <rec>
    <CustomerId>f76334d3-8d7c-440a-af62-1a1f3edd96a1</CustomerId>
    <TypeClient>1</TypeClient>
    <Sex>0</Sex>
    <Name>test</Name>
    <Surname>asdasd</Surname>
    <NameCompany>dsadad</NameCompany>
    <Siret>11111111111111</Siret>
    <Frtva>25%</Frtva>
    <OfficeAddress>wddsdad</OfficeAddress>
    <OfficeZipCode>452680</OfficeZipCode>
    <OfficeCity>32323</OfficeCity>
    <HomeAddress>qewqeqwe</HomeAddress>
    <HomeZipCode>232423</HomeZipCode>
    <HomeCity>qewqeqwe</HomeCity>
    <Telephone>2111111111111111111</Telephone>
    <Mail>wqeqweqwe@dw.we</Mail>
    <Password></Password>
    <CountrysCustomerId>00000000-0000-0000-0000-000000000000</CountrysCustomerId>
    <FavoritesProductAutoCustomerId>00000000-0000-0000-0000-000000000000</FavoritesProductAutoCustomerId>
    <Nclient></Nclient>
    <IdInfoClientsDiscount>d2ceda02-000a-4deb-b03c-1c02316a0e89</IdInfoClientsDiscount>
  </rec>
  <rec>
    <CustomerId>b6bcfc0c-c363-43ac-9cf3-b0660bea2c82</CustomerId>
    <TypeClient>1</TypeClient>
    <Sex>0</Sex>
    <Name>цывыв</Name>
    <Surname>кцук</Surname>
    <NameCompany>цукцук</NameCompany>
    <Siret>23</Siret>
    <Frtva>3</Frtva>
    <OfficeAddress>цук</OfficeAddress>
    <OfficeZipCode></OfficeZipCode>
    <OfficeCity>цук</OfficeCity>
    <HomeAddress>цук</HomeAddress>
    <HomeZipCode>цук</HomeZipCode>
    <HomeCity>цук</HomeCity>
    <Telephone>цук</Telephone>
    <Mail>цук</Mail>
    <Password></Password>
    <CountrysCustomerId>00000000-0000-0000-0000-000000000000</CountrysCustomerId>
    <FavoritesProductAutoCustomerId>00000000-0000-0000-0000-000000000000</FavoritesProductAutoCustomerId>
    <Nclient></Nclient>
    <IdInfoClientsDiscount>87878654-4c3b-4718-9229-aa4a717cea5a</IdInfoClientsDiscount>
  </rec>
  <rec>
    <CustomerId>2a895254-3a64-41a3-84ce-07e0c40bbfa4</CustomerId>
    <TypeClient>1</TypeClient>
    <Sex>0</Sex>
    <Name>фыв</Name>
    <Surname>фывфыв</Surname>
    <NameCompany>фыв</NameCompany>
    <Siret>212</Siret>
    <Frtva>1</Frtva>
    <OfficeAddress>фывфыв</OfficeAddress>
    <OfficeZipCode>21111</OfficeZipCode>
    <OfficeCity>фывфыв</OfficeCity>
    <HomeAddress>фывфыв</HomeAddress>
    <HomeZipCode>2112</HomeZipCode>
    <HomeCity>йцуйцу</HomeCity>
    <Telephone>111111111</Telephone>
    <Mail>йцуйцу</Mail>
    <Password></Password>
    <CountrysCustomerId>00000000-0000-0000-0000-000000000000</CountrysCustomerId>
    <FavoritesProductAutoCustomerId>00000000-0000-0000-0000-000000000000</FavoritesProductAutoCustomerId>
    <Nclient></Nclient>
    <IdInfoClientsDiscount>87878654-4c3b-4718-9229-aa4a717cea5a</IdInfoClientsDiscount>
  </rec>
  <rec>
    <CustomerId>2f8ce3ac-c384-4dd1-b0b4-f99ecd74b99a</CustomerId>
    <TypeClient>1</TypeClient>
    <Sex>0</Sex>
    <Name>грло</Name>
    <Surname>уцкцк</Surname>
    <NameCompany>цук</NameCompany>
    <Siret></Siret>
    <Frtva></Frtva>
    <OfficeAddress></OfficeAddress>
    <OfficeZipCode></OfficeZipCode>
    <OfficeCity></OfficeCity>
    <HomeAddress></HomeAddress>
    <HomeZipCode></HomeZipCode>
    <HomeCity></HomeCity>
    <Telephone></Telephone>
    <Mail></Mail>
    <Password></Password>
    <CountrysCustomerId>00000000-0000-0000-0000-000000000000</CountrysCustomerId>
    <FavoritesProductAutoCustomerId>00000000-0000-0000-0000-000000000000</FavoritesProductAutoCustomerId>
    <Nclient></Nclient>
    <IdInfoClientsDiscount>87878654-4c3b-4718-9229-aa4a717cea5a</IdInfoClientsDiscount>
  </rec>
  <rec>
    <CustomerId>8b282bd7-f5e6-4c5a-8f4a-49c937ce411c</CustomerId>
    <TypeClient>1</TypeClient>
    <Sex>0</Sex>
    <Name>нрло</Name>
    <Surname></Surname>
    <NameCompany></NameCompany>
    <Siret></Siret>
    <Frtva></Frtva>
    <OfficeAddress></OfficeAddress>
    <OfficeZipCode></OfficeZipCode>
    <OfficeCity></OfficeCity>
    <HomeAddress></HomeAddress>
    <HomeZipCode></HomeZipCode>
    <HomeCity></HomeCity>
    <Telephone></Telephone>
    <Mail></Mail>
    <Password></Password>
    <CountrysCustomerId>00000000-0000-0000-0000-000000000000</CountrysCustomerId>
    <FavoritesProductAutoCustomerId>00000000-0000-0000-0000-000000000000</FavoritesProductAutoCustomerId>
    <Nclient></Nclient>
    <IdInfoClientsDiscount>e1ad3c36-5e12-4016-85a2-3e2ecc00448f</IdInfoClientsDiscount>
  </rec>
  <rec>
    <CustomerId>6ed15763-6c99-44da-96ed-84406f457d61</CustomerId>
    <TypeClient>1</TypeClient>
    <Sex>0</Sex>
    <Name>уццк</Name>
    <Surname></Surname>
    <NameCompany></NameCompany>
    <Siret></Siret>
    <Frtva></Frtva>
    <OfficeAddress></OfficeAddress>
    <OfficeZipCode></OfficeZipCode>
    <OfficeCity></OfficeCity>
    <HomeAddress></HomeAddress>
    <HomeZipCode></HomeZipCode>
    <HomeCity></HomeCity>
    <Telephone></Telephone>
    <Mail></Mail>
    <Password></Password>
    <CountrysCustomerId>00000000-0000-0000-0000-000000000000</CountrysCustomerId>
    <FavoritesProductAutoCustomerId>00000000-0000-0000-0000-000000000000</FavoritesProductAutoCustomerId>
    <Nclient></Nclient>
    <IdInfoClientsDiscount>b296ff5f-5eba-4ac9-b3f5-6189c8f09f50</IdInfoClientsDiscount>
  </rec>
</ClientInfos>