<CloseTickets>
  <rec>
    <CustomerId>b514c12e-4d8a-4ff9-8de5-c2c9870a3e18</CustomerId>
    <PayBankChecks>0</PayBankChecks>
    <PayBankCards>0</PayBankCards>
    <PayCash>-188.30</PayCash>
    <PayResto>0</PayResto>
    <Pay1>0</Pay1>
    <Pay2>0</Pay2>
    <Pay3>0</Pay3>
    <Pay4>0</Pay4>
    <Pay5>0</Pay5>
    <Pay6>0</Pay6>
    <Pay7>0</Pay7>
    <Pay8>0</Pay8>
    <Pay9>0</Pay9>
    <Pay10>0</Pay10>
    <Pay11>0</Pay11>
    <Pay12>0</Pay12>
    <Pay13>0</Pay13>
    <Pay14>0</Pay14>
    <Pay15>0</Pay15>
    <Pay16>0</Pay16>
    <Pay17>0</Pay17>
    <Pay18>0</Pay18>
    <Pay19>0</Pay19>
    <Pay20>0</Pay20>
    <DateOpen>2017-02-18T12:09:10</DateOpen>
    <DateClose>2017-02-18T12:11:20.0862835+01:00</DateClose>
    <NameTicket>Caisse 1</NameTicket>
    <CloseTicketGCustomerId>e8c5fe49-45e2-4442-a60b-56613c17d5d6</CloseTicketGCustomerId>
  </rec>
</CloseTickets>