﻿<?xml version="1.0" encoding="utf-8"?>
<Countrys>
  <rec>
    <CustomerId>b471499f-4367-4f21-971b-01bf100c344b</CustomerId>
    <NameCountry>Tanzanie</NameCountry>
    <Capital>Dodoma</Capital>
    <Continent>Afrique</Continent>
  </rec>
  <rec>
    <CustomerId>3b78af20-7032-48d9-8a51-0218470d9d7a</CustomerId>
    <NameCountry>Népal</NameCountry>
    <Capital>Katmandou</Capital>
    <Continent>Asie</Continent>
  </rec>
  <rec>
    <CustomerId>b90526de-9968-410c-9942-043b36e9c3d2</CustomerId>
    <NameCountry>Pérou</NameCountry>
    <Capital>Lima</Capital>
    <Continent>Amérique</Continent>
  </rec>
  <rec>
    <CustomerId>b78db44a-118f-4df2-bf92-045d72dbddb1</CustomerId>
    <NameCountry>République Centrafricaine</NameCountry>
    <Capital>Bangui</Capital>
    <Continent>Afrique</Continent>
  </rec>
  <rec>
    <CustomerId>64b7b025-a7d2-4678-967e-04e57ca712e0</CustomerId>
    <NameCountry>Érythrée</NameCountry>
    <Capital>Asmara</Capital>
    <Continent>Afrique</Continent>
  </rec>
  <rec>
    <CustomerId>0e44788e-3742-42ee-b4b9-05d10487d90e</CustomerId>
    <NameCountry>Togo</NameCountry>
    <Capital>Lomé</Capital>
    <Continent>Afrique</Continent>
  </rec>
  <rec>
    <CustomerId>3f78749a-efba-481e-bebb-06184d826184</CustomerId>
    <NameCountry>Seychelles</NameCountry>
    <Capital>Victoria</Capital>
    <Continent>Afrique</Continent>
  </rec>
  <rec>
    <CustomerId>c185fa32-8eee-47e1-a845-0aac15fdbb9f</CustomerId>
    <NameCountry>Taïwan</NameCountry>
    <Capital>Taipei</Capital>
    <Continent>Asie</Continent>
  </rec>
  <rec>
    <CustomerId>f5cef856-f715-468b-971b-0ac5460d517d</CustomerId>
    <NameCountry>Papouasie-Nouvelle-Guinée</NameCountry>
    <Capital>Port Moresby</Capital>
    <Continent>Océanie</Continent>
  </rec>
  <rec>
    <CustomerId>a938cee5-379c-49b2-9731-0c78a692efc3</CustomerId>
    <NameCountry>Barbade</NameCountry>
    <Capital>Bridgetown</Capital>
    <Continent>Amérique</Continent>
  </rec>
  <rec>
    <CustomerId>59f4e1ce-1ff3-4548-bef5-0de22d6569ea</CustomerId>
    <NameCountry>Chypre</NameCountry>
    <Capital>Nicosie</Capital>
    <Continent>Asie</Continent>
  </rec>
  <rec>
    <CustomerId>b4ab3e96-8c13-4d82-a49b-0fbe85e4ae52</CustomerId>
    <NameCountry>Roumanie</NameCountry>
    <Capital>Bucarest</Capital>
    <Continent>Europe</Continent>
  </rec>
  <rec>
    <CustomerId>c4dee69d-e34e-465d-8b50-0fc51e113eda</CustomerId>
    <NameCountry>Salvador</NameCountry>
    <Capital>San Salvador</Capital>
    <Continent>Amérique</Continent>
  </rec>
  <rec>
    <CustomerId>88d2a913-9c90-41be-a71f-100d8cb8b998</CustomerId>
    <NameCountry>Costa Rica</NameCountry>
    <Capital>San José</Capital>
    <Continent>Amérique</Continent>
  </rec>
  <rec>
    <CustomerId>c7dfc3ae-99fa-4ee3-9a72-117c440df096</CustomerId>
    <NameCountry>Samoa</NameCountry>
    <Capital>Apia</Capital>
    <Continent>Océanie</Continent>
  </rec>
  <rec>
    <CustomerId>32ff32f7-59fa-4ce4-87cd-126d18f8154c</CustomerId>
    <NameCountry>Cap-Vert</NameCountry>
    <Capital>Praia</Capital>
    <Continent>Afrique</Continent>
  </rec>
  <rec>
    <CustomerId>69448be4-06e1-4fd3-ad3f-12b6823244fa</CustomerId>
    <NameCountry>Philippines</NameCountry>
    <Capital>Manille</Capital>
    <Continent>Asie</Continent>
  </rec>
  <rec>
    <CustomerId>8c5a29c0-0114-4440-b4c0-12c0eded0ff1</CustomerId>
    <NameCountry>Moldavie</NameCountry>
    <Capital> Chisinau</Capital>
    <Continent>Europe</Continent>
  </rec>
  <rec>
    <CustomerId>ddf10850-db60-412f-afcb-13017b190d6f</CustomerId>
    <NameCountry>Slovénie</NameCountry>
    <Capital>Ljubljana</Capital>
    <Continent>Europe</Continent>
  </rec>
  <rec>
    <CustomerId>fd3b1cc7-1098-41f8-91f4-1378c28f48d9</CustomerId>
    <NameCountry>Gabon</NameCountry>
    <Capital>Libreville</Capital>
    <Continent>Afrique</Continent>
  </rec>
  <rec>
    <CustomerId>180ee057-3d37-40cf-aee4-15ff85bf0147</CustomerId>
    <NameCountry>Liban</NameCountry>
    <Capital>Beyrouth</Capital>
    <Continent>Asie</Continent>
  </rec>
  <rec>
    <CustomerId>0cc7dbef-77b5-45d2-9ebe-165172797bcc</CustomerId>
    <NameCountry>Madagascar</NameCountry>
    <Capital>Antananarivo</Capital>
    <Continent>Afrique</Continent>
  </rec>
  <rec>
    <CustomerId>96ce2ada-27a9-4cd4-a02e-183c2e46fd64</CustomerId>
    <NameCountry>Finlande</NameCountry>
    <Capital>Helsinki</Capital>
    <Continent>Europe</Continent>
  </rec>
  <rec>
    <CustomerId>f3d5541d-9860-4d93-adcf-18f631adad74</CustomerId>
    <NameCountry>France</NameCountry>
    <Capital>Paris</Capital>
    <Continent>Europe</Continent>
  </rec>
  <rec>
    <CustomerId>763592e9-fde1-40a1-843c-1b197d38f681</CustomerId>
    <NameCountry>Viêt Nam</NameCountry>
    <Capital>Hanoi</Capital>
    <Continent>Asie</Continent>
  </rec>
  <rec>
    <CustomerId>22d7e9b3-e063-4055-8a1d-1db4225cec87</CustomerId>
    <NameCountry>Fidji</NameCountry>
    <Capital>Suva</Capital>
    <Continent>Océanie</Continent>
  </rec>
  <rec>
    <CustomerId>ab1b675e-2133-4602-9987-1dca6e08d94c</CustomerId>
    <NameCountry>Albanie</NameCountry>
    <Capital>Tirana</Capital>
    <Continent>Europe</Continent>
  </rec>
  <rec>
    <CustomerId>8447165f-77b5-480e-bdc8-2117999d2e92</CustomerId>
    <NameCountry>Soudan</NameCountry>
    <Capital>Khartoum</Capital>
    <Continent>Afrique</Continent>
  </rec>
  <rec>
    <CustomerId>9f4bc15f-176d-4515-ac54-2175e8df2d4a</CustomerId>
    <NameCountry>Comores</NameCountry>
    <Capital>Moroni</Capital>
    <Continent>Afrique</Continent>
  </rec>
  <rec>
    <CustomerId>fb2df552-2db7-42fa-947a-21a6c6576358</CustomerId>
    <NameCountry>Trinité-et-Tobago</NameCountry>
    <Capital>Port of Spain</Capital>
    <Continent>Amérique</Continent>
  </rec>
  <rec>
    <CustomerId>44e1965a-1354-407f-bd01-2221c7d38581</CustomerId>
    <NameCountry>Liechtenstein</NameCountry>
    <Capital>Vaduz</Capital>
    <Continent>Europe</Continent>
  </rec>
  <rec>
    <CustomerId>8d7cf17b-5cfe-4925-ba47-22a716db9ad4</CustomerId>
    <NameCountry>Birmanie</NameCountry>
    <Capital>Rangoun</Capital>
    <Continent>Asie</Continent>
  </rec>
  <rec>
    <CustomerId>78acb988-2ef6-4e8c-a74a-244f74cd41e2</CustomerId>
    <NameCountry>Géorgie</NameCountry>
    <Capital>Tbilissi</Capital>
    <Continent>Asie</Continent>
  </rec>
  <rec>
    <CustomerId>d6fe2dd5-fa5d-4b42-a5b3-26a63b70060a</CustomerId>
    <NameCountry>Turquie</NameCountry>
    <Capital>Ankara</Capital>
    <Continent>Asie</Continent>
  </rec>
  <rec>
    <CustomerId>ec107046-d6d4-40d9-b8fc-27064c97251d</CustomerId>
    <NameCountry>Slovaquie</NameCountry>
    <Capital>Bratislava</Capital>
    <Continent>Europe</Continent>
  </rec>
  <rec>
    <CustomerId>06a96b45-60ab-468f-97fa-2808d18ea905</CustomerId>
    <NameCountry>Djibouti</NameCountry>
    <Capital>Djibouti</Capital>
    <Continent>Afrique</Continent>
  </rec>
  <rec>
    <CustomerId>3e9cc994-72e5-4e4e-88c3-28552ce6cfe6</CustomerId>
    <NameCountry>Australie</NameCountry>
    <Capital>Canberra</Capital>
    <Continent>Océanie</Continent>
  </rec>
  <rec>
    <CustomerId>a2317f22-5ed5-4566-a667-2a653115a9e0</CustomerId>
    <NameCountry>Kiribati</NameCountry>
    <Capital>Tarawa</Capital>
    <Continent>Océanie</Continent>
  </rec>
  <rec>
    <CustomerId>5e2f36ee-d8d6-4c01-96fb-2bfe29e78d33</CustomerId>
    <NameCountry>Andorre</NameCountry>
    <Capital>Andorre-la-Vieille</Capital>
    <Continent>Europe</Continent>
  </rec>
  <rec>
    <CustomerId>cd72a538-706c-4037-839f-2c6d9c5eb74b</CustomerId>
    <NameCountry>Laos</NameCountry>
    <Capital>Vientiane</Capital>
    <Continent>Asie</Continent>
  </rec>
  <rec>
    <CustomerId>75e396ca-1d3b-4914-9e8f-2eb0efdc8ce1</CustomerId>
    <NameCountry>Micronésie</NameCountry>
    <Capital>Palikir</Capital>
    <Continent>Océanie</Continent>
  </rec>
  <rec>
    <CustomerId>26223b72-b6f1-4f28-b0d1-2ec354b4e2dd</CustomerId>
    <NameCountry>États-Unis</NameCountry>
    <Capital>Washington</Capital>
    <Continent>Amérique</Continent>
  </rec>
  <rec>
    <CustomerId>2091bbee-9edd-4e71-bda0-319e6b4ca9c2</CustomerId>
    <NameCountry>Kosovo</NameCountry>
    <Capital>Pristina</Capital>
    <Continent>Europe</Continent>
  </rec>
  <rec>
    <CustomerId>91a86152-58ef-44ff-a8b2-31d88187e4bc</CustomerId>
    <NameCountry>Antigua-et-Barbuda</NameCountry>
    <Capital>Saint John's</Capital>
    <Continent>Amérique</Continent>
  </rec>
  <rec>
    <CustomerId>ed267055-7fc7-4e9d-8bd2-3309bdf11c97</CustomerId>
    <NameCountry>Guinée-Bissau</NameCountry>
    <Capital>Bissau</Capital>
    <Continent>Afrique</Continent>
  </rec>
  <rec>
    <CustomerId>8e91e16f-83c3-4c3e-a9e2-337183a76696</CustomerId>
    <NameCountry>Suède</NameCountry>
    <Capital>Stockholm</Capital>
    <Continent>Europe</Continent>
  </rec>
  <rec>
    <CustomerId>7b441a97-4e6a-4371-98e5-3498ee5e057f</CustomerId>
    <NameCountry>Île Maurice</NameCountry>
    <Capital>Port Louis</Capital>
    <Continent>Afrique</Continent>
  </rec>
  <rec>
    <CustomerId>467f161f-2d83-44e0-98e8-36816d2b513f</CustomerId>
    <NameCountry>Inde</NameCountry>
    <Capital>New Delhi</Capital>
    <Continent>Asie</Continent>
  </rec>
  <rec>
    <CustomerId>0e5f0670-5bc7-41b3-86e4-38fd545d33af</CustomerId>
    <NameCountry>République Démocratique du Congo</NameCountry>
    <Capital>Kinshasa</Capital>
    <Continent>Afrique</Continent>
  </rec>
  <rec>
    <CustomerId>ca104613-841a-442f-a90c-39b107b73fee</CustomerId>
    <NameCountry>Irak</NameCountry>
    <Capital>Bagdad</Capital>
    <Continent>Asie</Continent>
  </rec>
  <rec>
    <CustomerId>ae036e6e-6858-42f9-b6f1-3a54148202a4</CustomerId>
    <NameCountry>Bangladesh</NameCountry>
    <Capital>Dacca</Capital>
    <Continent>Asie</Continent>
  </rec>
  <rec>
    <CustomerId>2aadcde4-c6d3-4c94-8fc1-3a6938511a31</CustomerId>
    <NameCountry>Malawi</NameCountry>
    <Capital>Lilongwe</Capital>
    <Continent>Afrique</Continent>
  </rec>
  <rec>
    <CustomerId>e66363bb-af78-4ed5-bbc0-3ab475cb0495</CustomerId>
    <NameCountry>Angleterre</NameCountry>
    <Capital>Londres</Capital>
    <Continent>Europe</Continent>
  </rec>
  <rec>
    <CustomerId>6d6fc0ee-8c31-4bcd-adc2-3cc331b88441</CustomerId>
    <NameCountry>Maroc</NameCountry>
    <Capital>Rabat</Capital>
    <Continent>Afrique</Continent>
  </rec>
  <rec>
    <CustomerId>6f259cf8-91a6-40bc-ae93-3d16b3609400</CustomerId>
    <NameCountry>Kazakhstan</NameCountry>
    <Capital>Astana</Capital>
    <Continent>Asie</Continent>
  </rec>
  <rec>
    <CustomerId>cc76936a-b6e7-4800-a350-3d847ea8f13d</CustomerId>
    <NameCountry>Indonésie</NameCountry>
    <Capital>Jakarta</Capital>
    <Continent>Asie</Continent>
  </rec>
  <rec>
    <CustomerId>9b4c3602-1d49-4a34-885b-3e8ff483cae5</CustomerId>
    <NameCountry>Mali</NameCountry>
    <Capital>Bamako</Capital>
    <Continent>Afrique</Continent>
  </rec>
  <rec>
    <CustomerId>52e8e4f6-a95d-48c5-a13b-40c80fcb6515</CustomerId>
    <NameCountry>Belgique</NameCountry>
    <Capital>Bruxelles</Capital>
    <Continent>Europe</Continent>
  </rec>
  <rec>
    <CustomerId>0ab724ff-be3c-48f9-b2eb-41b194323e3e</CustomerId>
    <NameCountry>Nouvelle-Zélande</NameCountry>
    <Capital>Wellington</Capital>
    <Continent>Océanie</Continent>
  </rec>
  <rec>
    <CustomerId>dd7bc765-021c-4c99-bc18-4656e08d9425</CustomerId>
    <NameCountry>Chili</NameCountry>
    <Capital>Santiago</Capital>
    <Continent>Amérique</Continent>
  </rec>
  <rec>
    <CustomerId>67e7603a-81c6-4dde-9392-47dcd3527c8b</CustomerId>
    <NameCountry>Uruguay</NameCountry>
    <Capital>Montevideo</Capital>
    <Continent>Amérique</Continent>
  </rec>
  <rec>
    <CustomerId>a0fcddea-b090-40bb-9011-4884ecf5c5fa</CustomerId>
    <NameCountry>Bénin</NameCountry>
    <Capital>Porto-Novo</Capital>
    <Continent>Afrique</Continent>
  </rec>
  <rec>
    <CustomerId>59af2849-1d6e-45df-9a93-4b09f1975658</CustomerId>
    <NameCountry>Somalie</NameCountry>
    <Capital>Mogadiscio</Capital>
    <Continent>Afrique</Continent>
  </rec>
  <rec>
    <CustomerId>5a17e0f6-c333-44d9-99e8-4c13a4bceb18</CustomerId>
    <NameCountry>Sri Lanka</NameCountry>
    <Capital>Sri Jayawardenapura</Capital>
    <Continent>Asie</Continent>
  </rec>
  <rec>
    <CustomerId>3c4ef394-9aa2-4e50-8dad-4dc201a11041</CustomerId>
    <NameCountry>Syrie</NameCountry>
    <Capital>Damas</Capital>
    <Continent>Asie</Continent>
  </rec>
  <rec>
    <CustomerId>8e10055c-c89e-4100-92b3-50364570bd33</CustomerId>
    <NameCountry>Malaisie</NameCountry>
    <Capital>Kuala Lumpur</Capital>
    <Continent>Asie</Continent>
  </rec>
  <rec>
    <CustomerId>2a66efc7-37f5-4db2-b761-508d59c987b3</CustomerId>
    <NameCountry>Nigeria</NameCountry>
    <Capital>Abuja</Capital>
    <Continent>Afrique</Continent>
  </rec>
  <rec>
    <CustomerId>d45fc880-5f53-4d77-88eb-5393beecc67c</CustomerId>
    <NameCountry>Afghanistan</NameCountry>
    <Capital>Kaboul</Capital>
    <Continent>Asie</Continent>
  </rec>
  <rec>
    <CustomerId>d1c7901a-ec54-4b79-9b07-542132292323</CustomerId>
    <NameCountry>Maldives</NameCountry>
    <Capital>Malé</Capital>
    <Continent>Asie</Continent>
  </rec>
  <rec>
    <CustomerId>abc6e531-7ea2-4bd7-897d-57fde3c2eca1</CustomerId>
    <NameCountry>Espagne</NameCountry>
    <Capital>Madrid</Capital>
    <Continent>Europe</Continent>
  </rec>
  <rec>
    <CustomerId>dd6bcb3f-d4ec-4bbc-ac2b-591df85a6639</CustomerId>
    <NameCountry>Arménie</NameCountry>
    <Capital>Erevan</Capital>
    <Continent>Asie</Continent>
  </rec>
  <rec>
    <CustomerId>cc046d95-4db3-4a23-9939-592c3ffc69cf</CustomerId>
    <NameCountry>Iran</NameCountry>
    <Capital>Téhéran</Capital>
    <Continent>Asie</Continent>
  </rec>
  <rec>
    <CustomerId>72a01c3a-0955-4369-8d87-5a35598d4377</CustomerId>
    <NameCountry>Monaco</NameCountry>
    <Capital>Monaco</Capital>
    <Continent>Europe</Continent>
  </rec>
  <rec>
    <CustomerId>02dbbd5c-6e95-4775-8823-5b277f143d8f</CustomerId>
    <NameCountry>Sierra Leone</NameCountry>
    <Capital>Freetown</Capital>
    <Continent>Afrique</Continent>
  </rec>
  <rec>
    <CustomerId>05429bb3-5373-4d39-a14d-5c00fbd5f4a5</CustomerId>
    <NameCountry>Belize</NameCountry>
    <Capital>Belmopan</Capital>
    <Continent>Amérique</Continent>
  </rec>
  <rec>
    <CustomerId>602fe863-b442-4e0d-9537-5dafa53fb7ea</CustomerId>
    <NameCountry>Autriche</NameCountry>
    <Capital>Vienne</Capital>
    <Continent>Europe</Continent>
  </rec>
  <rec>
    <CustomerId>d820bc5d-66fd-48a6-bb27-5f56f7d3405b</CustomerId>
    <NameCountry>Suriname</NameCountry>
    <Capital>Paramaribo</Capital>
    <Continent>Amérique</Continent>
  </rec>
  <rec>
    <CustomerId>47d98427-aeda-4b07-b296-60854dd7ca88</CustomerId>
    <NameCountry>Sainte-Lucie</NameCountry>
    <Capital>Castries</Capital>
    <Continent>Amérique</Continent>
  </rec>
  <rec>
    <CustomerId>0f1296c6-47e3-44a0-914b-61eb259fc160</CustomerId>
    <NameCountry>Tunisie</NameCountry>
    <Capital>Tunis</Capital>
    <Continent>Afrique</Continent>
  </rec>
  <rec>
    <CustomerId>198a175b-fc90-40d3-a6e6-624528b8ba72</CustomerId>
    <NameCountry>Pays-Bas</NameCountry>
    <Capital>Amsterdam</Capital>
    <Continent>Europe</Continent>
  </rec>
  <rec>
    <CustomerId>87db66f2-f418-4bf6-9d66-639f4f7e2f06</CustomerId>
    <NameCountry>Russie</NameCountry>
    <Capital>Moscou</Capital>
    <Continent>Europe</Continent>
  </rec>
  <rec>
    <CustomerId>53a68f15-4061-44b9-a199-65ef15a5572c</CustomerId>
    <NameCountry>Colombie</NameCountry>
    <Capital>Bogota</Capital>
    <Continent>Amérique</Continent>
  </rec>
  <rec>
    <CustomerId>95ccc038-71c2-4cd2-8507-65fb83ecd419</CustomerId>
    <NameCountry>Ecosse</NameCountry>
    <Capital>Edimbourg</Capital>
    <Continent>Europe</Continent>
  </rec>
  <rec>
    <CustomerId>c4d30c30-f45b-4789-a6c7-66a4c2fa4b05</CustomerId>
    <NameCountry>Vatican</NameCountry>
    <Capital>Vatican</Capital>
    <Continent>Europe</Continent>
  </rec>
  <rec>
    <CustomerId>24123da5-7bdc-4cfe-8516-675eaec3aeed</CustomerId>
    <NameCountry>Algérie</NameCountry>
    <Capital>Alger</Capital>
    <Continent>Afrique</Continent>
  </rec>
  <rec>
    <CustomerId>be1eb080-fe4a-42e9-b274-6865a13ea982</CustomerId>
    <NameCountry>Israël</NameCountry>
    <Capital>Jérusalem</Capital>
    <Continent>Asie</Continent>
  </rec>
  <rec>
    <CustomerId>d77e854f-782d-40d2-a996-69c9fff58c8d</CustomerId>
    <NameCountry>Pays de Galles</NameCountry>
    <Capital>Cardiff</Capital>
    <Continent>Europe</Continent>
  </rec>
  <rec>
    <CustomerId>36f86984-e443-43f5-b6b7-6b0de45deaff</CustomerId>
    <NameCountry>Danemark</NameCountry>
    <Capital>Copenhague</Capital>
    <Continent>Europe</Continent>
  </rec>
  <rec>
    <CustomerId>257c71c4-d252-447a-8800-6bff4e970d4c</CustomerId>
    <NameCountry>Saint-Vincent-et-les-Grenadines</NameCountry>
    <Capital>Kingstown</Capital>
    <Continent>Amérique</Continent>
  </rec>
  <rec>
    <CustomerId>35b734c6-a5bb-47fa-b9c2-6c176dc91dfa</CustomerId>
    <NameCountry>Corée du Sud</NameCountry>
    <Capital>Séoul</Capital>
    <Continent>Asie</Continent>
  </rec>
  <rec>
    <CustomerId>1ef9c519-4bfd-403b-8fa9-6ef3c60a1a81</CustomerId>
    <NameCountry>Mozambique</NameCountry>
    <Capital>Maputo</Capital>
    <Continent>Afrique</Continent>
  </rec>
  <rec>
    <CustomerId>45afebfb-5c6a-4b31-9642-72073d680937</CustomerId>
    <NameCountry>Bhoutan</NameCountry>
    <Capital>Thimbu</Capital>
    <Continent>Asie</Continent>
  </rec>
  <rec>
    <CustomerId>23eec7be-6de0-4929-8ae6-727dc2bdd3f9</CustomerId>
    <NameCountry>Thaïlande</NameCountry>
    <Capital>Bangkok</Capital>
    <Continent>Asie</Continent>
  </rec>
  <rec>
    <CustomerId>45d952fa-bf34-4dc4-b32c-73ac1af0a782</CustomerId>
    <NameCountry>Cambodge</NameCountry>
    <Capital>Phnom Penh</Capital>
    <Continent>Asie</Continent>
  </rec>
  <rec>
    <CustomerId>a89ec47a-e3c3-4b13-b930-73d1e5268d4b</CustomerId>
    <NameCountry>Niger</NameCountry>
    <Capital>Niamey</Capital>
    <Continent>Afrique</Continent>
  </rec>
  <rec>
    <CustomerId>87e6673a-0b04-4449-809a-75da59b5142f</CustomerId>
    <NameCountry>Cameroun</NameCountry>
    <Capital>Yaoundé</Capital>
    <Continent>Afrique</Continent>
  </rec>
  <rec>
    <CustomerId>4d5d3f7b-4b6d-49d2-be39-768f8f3b36d6</CustomerId>
    <NameCountry>Corée du Nord</NameCountry>
    <Capital>Pyongyang</Capital>
    <Continent>Asie</Continent>
  </rec>
  <rec>
    <CustomerId>94a473be-7397-4f07-961a-7797eb85f6ec</CustomerId>
    <NameCountry>Bolivie</NameCountry>
    <Capital>Sucre</Capital>
    <Continent>Amérique</Continent>
  </rec>
  <rec>
    <CustomerId>3c6cd20b-de8f-421d-9c89-77e0ebf75330</CustomerId>
    <NameCountry>Croatie</NameCountry>
    <Capital>Zagreb</Capital>
    <Continent>Europe</Continent>
  </rec>
  <rec>
    <CustomerId>52839d0d-75df-472b-ad4f-78a47ef84f89</CustomerId>
    <NameCountry>Ouzbékistan</NameCountry>
    <Capital>Tachkent</Capital>
    <Continent>Asie</Continent>
  </rec>
  <rec>
    <CustomerId>a5463fb6-b83b-4422-99ba-7bae7478c544</CustomerId>
    <NameCountry>Dominique</NameCountry>
    <Capital>Roseau</Capital>
    <Continent>Amérique</Continent>
  </rec>
  <rec>
    <CustomerId>9f29e2eb-1296-485a-a88f-7d191cae9c37</CustomerId>
    <NameCountry>Sénégal</NameCountry>
    <Capital>Dakar</Capital>
    <Continent>Afrique</Continent>
  </rec>
  <rec>
    <CustomerId>214c0b19-b53a-4ee6-9989-7e0e42d6446e</CustomerId>
    <NameCountry>Biélorussie</NameCountry>
    <Capital>Minsk</Capital>
    <Continent>Europe</Continent>
  </rec>
  <rec>
    <CustomerId>9f3a3904-5816-47e8-8c8c-816cacc6b107</CustomerId>
    <NameCountry>Italie</NameCountry>
    <Capital>Rome</Capital>
    <Continent>Europe</Continent>
  </rec>
  <rec>
    <CustomerId>b30d25b3-f45c-4d92-8c1a-8387fa704011</CustomerId>
    <NameCountry>Panama</NameCountry>
    <Capital>Panama</Capital>
    <Continent>Amérique</Continent>
  </rec>
  <rec>
    <CustomerId>040c013b-2467-4f9d-aaa6-84e5da7e28f8</CustomerId>
    <NameCountry>Brunei</NameCountry>
    <Capital>Bandar Seri Begawan</Capital>
    <Continent>Asie</Continent>
  </rec>
  <rec>
    <CustomerId>6c893f7a-41e5-49cd-b5b4-89cb37c2e64a</CustomerId>
    <NameCountry>Chine</NameCountry>
    <Capital>Pékin</Capital>
    <Continent>Asie</Continent>
  </rec>
  <rec>
    <CustomerId>ac829bbe-2417-4f9b-9a85-8a05247dc8c9</CustomerId>
    <NameCountry>Norvège</NameCountry>
    <Capital>Oslo</Capital>
    <Continent>Europe</Continent>
  </rec>
  <rec>
    <CustomerId>4b93ed4e-3d5e-4675-a398-8a46cb4716d5</CustomerId>
    <NameCountry>Hongrie</NameCountry>
    <Capital>Budapest</Capital>
    <Continent>Europe</Continent>
  </rec>
  <rec>
    <CustomerId>53caa8d7-7eaf-462f-8c5a-8a7fd58049d2</CustomerId>
    <NameCountry>Tonga</NameCountry>
    <Capital>Nukualofa</Capital>
    <Continent>Océanie</Continent>
  </rec>
  <rec>
    <CustomerId>6da28f9d-4b9b-463e-8ff8-8bb0e08a6ca1</CustomerId>
    <NameCountry>Bosnie-Herzégovine</NameCountry>
    <Capital>Sarajevo</Capital>
    <Continent>Europe</Continent>
  </rec>
  <rec>
    <CustomerId>c5f13a69-382e-4795-81ad-8ca2b9108d5b</CustomerId>
    <NameCountry>Luxembourg</NameCountry>
    <Capital>Luxembourg</Capital>
    <Continent>Europe</Continent>
  </rec>
  <rec>
    <CustomerId>d1f1502c-bccd-438b-849b-8d365bbf17a2</CustomerId>
    <NameCountry>Jamaïque</NameCountry>
    <Capital>Kingston</Capital>
    <Continent>Amérique</Continent>
  </rec>
  <rec>
    <CustomerId>471767a2-cbc5-4148-ab53-8ea64568ee7c</CustomerId>
    <NameCountry>Malte</NameCountry>
    <Capital>La Valette</Capital>
    <Continent>Europe</Continent>
  </rec>
  <rec>
    <CustomerId>c60cfc11-d062-4b19-80b0-8efe3fcb05e7</CustomerId>
    <NameCountry>Lituanie</NameCountry>
    <Capital>Vilnius</Capital>
    <Continent>Europe</Continent>
  </rec>
  <rec>
    <CustomerId>554e4d0f-64e4-4a2c-96d3-8f0b6f78a8ad</CustomerId>
    <NameCountry>Jordanie</NameCountry>
    <Capital>Amman</Capital>
    <Continent>Asie</Continent>
  </rec>
  <rec>
    <CustomerId>002f38ab-944e-48db-8062-8fd6562e5629</CustomerId>
    <NameCountry>Botswana</NameCountry>
    <Capital>Gaborone</Capital>
    <Continent>Afrique</Continent>
  </rec>
  <rec>
    <CustomerId>2d7bb586-e3dc-42f5-804c-9077ca1dd79d</CustomerId>
    <NameCountry>Venezuela</NameCountry>
    <Capital>Caracas</Capital>
    <Continent>Amérique</Continent>
  </rec>
  <rec>
    <CustomerId>f80b2156-8bcb-4a21-8ae3-909a98e84d76</CustomerId>
    <NameCountry>Saint-Kitts-et-Nevis</NameCountry>
    <Capital>Basseterre</Capital>
    <Continent>Amérique</Continent>
  </rec>
  <rec>
    <CustomerId>bfc360da-e776-4fe1-9127-91ddd17f5132</CustomerId>
    <NameCountry>Azerbaïdjan</NameCountry>
    <Capital>Bakou</Capital>
    <Continent>Asie</Continent>
  </rec>
  <rec>
    <CustomerId>e76bfc6b-ef8e-4460-8d85-9446156302ce</CustomerId>
    <NameCountry>Mexique</NameCountry>
    <Capital>Mexico</Capital>
    <Continent>Amérique</Continent>
  </rec>
  <rec>
    <CustomerId>7f5f84c9-7568-4db5-8741-946f484080eb</CustomerId>
    <NameCountry>Lesotho</NameCountry>
    <Capital>Maseru</Capital>
    <Continent>Afrique</Continent>
  </rec>
  <rec>
    <CustomerId>960abfdf-dd37-46e6-b05d-964bbac48eeb</CustomerId>
    <NameCountry>Nauru</NameCountry>
    <Capital>Yaren</Capital>
    <Continent>Océanie</Continent>
  </rec>
  <rec>
    <CustomerId>aa9c1b38-5606-4b66-aae7-96cb1329ec3f</CustomerId>
    <NameCountry>Argentine</NameCountry>
    <Capital>Buenos Aires</Capital>
    <Continent>Amérique</Continent>
  </rec>
  <rec>
    <CustomerId>05a2db90-f9c4-4c49-809b-975ccca124fe</CustomerId>
    <NameCountry>Guyana</NameCountry>
    <Capital>Georgetown</Capital>
    <Continent>Amérique</Continent>
  </rec>
  <rec>
    <CustomerId>af052ae5-cc83-4953-b47b-978428b9b7c3</CustomerId>
    <NameCountry>Irlande</NameCountry>
    <Capital>Dublin</Capital>
    <Continent>Europe</Continent>
  </rec>
  <rec>
    <CustomerId>d608462b-1570-41d8-a489-9848af85ee98</CustomerId>
    <NameCountry>Afrique du Sud</NameCountry>
    <Capital>Pretoria</Capital>
    <Continent>Afrique</Continent>
  </rec>
  <rec>
    <CustomerId>88155d86-2b69-4570-86da-985086cd77b5</CustomerId>
    <NameCountry>Timor-Oriental</NameCountry>
    <Capital>Dili</Capital>
    <Continent>Océanie</Continent>
  </rec>
  <rec>
    <CustomerId>a6d84435-c75c-48d9-82b1-9badbac2afca</CustomerId>
    <NameCountry>Liberia</NameCountry>
    <Capital>Monrovia</Capital>
    <Continent>Afrique</Continent>
  </rec>
  <rec>
    <CustomerId>a1994dee-3f82-45ce-8e51-9e0303cca13d</CustomerId>
    <NameCountry>Estonie</NameCountry>
    <Capital>Tallinn</Capital>
    <Continent>Europe</Continent>
  </rec>
  <rec>
    <CustomerId>63411956-c56f-46b7-bb3b-9e139cf15e8c</CustomerId>
    <NameCountry>Serbie</NameCountry>
    <Capital>Belgrade</Capital>
    <Continent>Europe</Continent>
  </rec>
  <rec>
    <CustomerId>9e94910c-3df4-40ea-98e2-a15808ba226e</CustomerId>
    <NameCountry>Équateur</NameCountry>
    <Capital>Quito</Capital>
    <Continent>Amérique</Continent>
  </rec>
  <rec>
    <CustomerId>25eb7b40-e4e8-4a7e-97bc-a9a54b10a6c1</CustomerId>
    <NameCountry>Pologne</NameCountry>
    <Capital>Varsovie</Capital>
    <Continent>Europe</Continent>
  </rec>
  <rec>
    <CustomerId>19662c65-cccd-49c1-ab33-ab3e478ee2fa</CustomerId>
    <NameCountry>Mauritanie</NameCountry>
    <Capital>Nouakchott</Capital>
    <Continent>Afrique</Continent>
  </rec>
  <rec>
    <CustomerId>a436e19e-1ea6-4381-9d57-abfb82b9cf6f</CustomerId>
    <NameCountry>Grenade</NameCountry>
    <Capital>Saint George's</Capital>
    <Continent>Amérique</Continent>
  </rec>
  <rec>
    <CustomerId>c33aa886-59f1-4bd6-a888-af4d5367c06c</CustomerId>
    <NameCountry>Gambie</NameCountry>
    <Capital>Banjul</Capital>
    <Continent>Afrique</Continent>
  </rec>
  <rec>
    <CustomerId>341e6619-826d-46b5-b7b6-aff0c7508ca5</CustomerId>
    <NameCountry>Congo</NameCountry>
    <Capital>Brazzaville</Capital>
    <Continent>Afrique</Continent>
  </rec>
  <rec>
    <CustomerId>21df8965-53e7-4e84-8b82-b07327077c12</CustomerId>
    <NameCountry>Tchad</NameCountry>
    <Capital>N'Djamena</Capital>
    <Continent>Afrique</Continent>
  </rec>
  <rec>
    <CustomerId>5d0d560b-04c0-4b02-b02c-b215696b42c6</CustomerId>
    <NameCountry>Monténégro</NameCountry>
    <Capital>Podgorica</Capital>
    <Continent>Europe</Continent>
  </rec>
  <rec>
    <CustomerId>da961b7e-0e1e-4233-afbd-b2472f0ae7e0</CustomerId>
    <NameCountry>Haïti</NameCountry>
    <Capital>Port-au-Prince</Capital>
    <Continent>Amérique</Continent>
  </rec>
  <rec>
    <CustomerId>b7ed9c23-24dd-4e7b-bef1-b59af08c202a</CustomerId>
    <NameCountry>Libye</NameCountry>
    <Capital>Tripoli</Capital>
    <Continent>Afrique</Continent>
  </rec>
  <rec>
    <CustomerId>89241e16-e005-4b9e-bd5f-b863010b0998</CustomerId>
    <NameCountry>Éthiopie</NameCountry>
    <Capital>Addis-Abeba</Capital>
    <Continent>Afrique</Continent>
  </rec>
  <rec>
    <CustomerId>b24dbe38-b870-421f-afee-b89a9b9cccf8</CustomerId>
    <NameCountry>Japon</NameCountry>
    <Capital>Tokyo</Capital>
    <Continent>Asie</Continent>
  </rec>
  <rec>
    <CustomerId>68780808-e39b-46fa-aa78-b96646a51b75</CustomerId>
    <NameCountry>Cuba</NameCountry>
    <Capital>La Havane</Capital>
    <Continent>Amérique</Continent>
  </rec>
  <rec>
    <CustomerId>8aa381c3-a1eb-45cd-8903-b9f98199c5d6</CustomerId>
    <NameCountry>Swaziland</NameCountry>
    <Capital>Mbabane</Capital>
    <Continent>Afrique</Continent>
  </rec>
  <rec>
    <CustomerId>99d373dc-90c3-4685-bfdc-ba0ed157b9e3</CustomerId>
    <NameCountry>Kirghizistan</NameCountry>
    <Capital>Bichkek</Capital>
    <Continent>Asie</Continent>
  </rec>
  <rec>
    <CustomerId>13b482a7-b4dc-4464-9c6e-baa733c36b97</CustomerId>
    <NameCountry>Guatemala</NameCountry>
    <Capital>Guatemala</Capital>
    <Continent>Amérique</Continent>
  </rec>
  <rec>
    <CustomerId>795c9dbf-7af6-424f-97fa-bc37cc7fb94f</CustomerId>
    <NameCountry>Turkménistan</NameCountry>
    <Capital>Achgabat</Capital>
    <Continent>Asie</Continent>
  </rec>
  <rec>
    <CustomerId>a567f11d-19a7-4081-b122-bfc046d2ce7a</CustomerId>
    <NameCountry>Nicaragua</NameCountry>
    <Capital>Managua</Capital>
    <Continent>Amérique</Continent>
  </rec>
  <rec>
    <CustomerId>b65c69e1-2f5a-4dce-85d9-c052eeb9ba1e</CustomerId>
    <NameCountry>Bahreïn</NameCountry>
    <Capital>Manama</Capital>
    <Continent>Asie</Continent>
  </rec>
  <rec>
    <CustomerId>29a9120b-4fb4-4fac-bda2-c10d86517638</CustomerId>
    <NameCountry>Ouganda</NameCountry>
    <Capital>Kampala</Capital>
    <Continent>Afrique</Continent>
  </rec>
  <rec>
    <CustomerId>53ca698b-a4ef-4d4f-9fb3-c1d958bd8750</CustomerId>
    <NameCountry>Portugal</NameCountry>
    <Capital>Lisbonne</Capital>
    <Continent>Europe</Continent>
  </rec>
  <rec>
    <CustomerId>2345ea23-64f7-423e-8deb-c249f7b03bd0</CustomerId>
    <NameCountry>République Dominicaine</NameCountry>
    <Capital>Saint-Domingue</Capital>
    <Continent>Amérique</Continent>
  </rec>
  <rec>
    <CustomerId>e8cffd4a-f73f-49fc-993d-c2bb06c27f8c</CustomerId>
    <NameCountry>Zimbabwe</NameCountry>
    <Capital>Harare</Capital>
    <Continent>Afrique</Continent>
  </rec>
  <rec>
    <CustomerId>794caa6c-4f5f-468c-89a9-c421ffe51b5c</CustomerId>
    <NameCountry>Yémen</NameCountry>
    <Capital>Sanaa</Capital>
    <Continent>Asie</Continent>
  </rec>
  <rec>
    <CustomerId>da5174eb-dc17-4c15-8dd7-c44e3df84661</CustomerId>
    <NameCountry>São Tomé et Príncipe</NameCountry>
    <Capital>São Tomé</Capital>
    <Continent>Afrique</Continent>
  </rec>
  <rec>
    <CustomerId>5a6e7831-768f-4565-bce9-c6364cebe7ca</CustomerId>
    <NameCountry>Koweït</NameCountry>
    <Capital>Koweït</Capital>
    <Continent>Asie</Continent>
  </rec>
  <rec>
    <CustomerId>ddde1ece-d45f-461c-8464-c74e2867ce38</CustomerId>
    <NameCountry>Honduras</NameCountry>
    <Capital>Tegucigalpa</Capital>
    <Continent>Amérique</Continent>
  </rec>
  <rec>
    <CustomerId>93a10a7c-d9ae-416c-be9d-c81baca056d7</CustomerId>
    <NameCountry>Émirats Arabes Unis</NameCountry>
    <Capital>Abu Dhabi</Capital>
    <Continent>Asie</Continent>
  </rec>
  <rec>
    <CustomerId>e5b26c9d-b1b0-4eed-930d-c95ae304a5a8</CustomerId>
    <NameCountry>Marshall</NameCountry>
    <Capital>Majuro</Capital>
    <Continent>Océanie</Continent>
  </rec>
  <rec>
    <CustomerId>758fffc5-64fa-4ff2-9f61-cc0606cb7f3a</CustomerId>
    <NameCountry>Burkina Faso</NameCountry>
    <Capital>Ouagadougou</Capital>
    <Continent>Afrique</Continent>
  </rec>
  <rec>
    <CustomerId>b3b07862-b02f-4e4e-9280-d072a3810551</CustomerId>
    <NameCountry>Qatar</NameCountry>
    <Capital>Doha</Capital>
    <Continent>Asie</Continent>
  </rec>
  <rec>
    <CustomerId>e161b011-5444-4f5c-b287-d2bd893d2894</CustomerId>
    <NameCountry>Lettonie</NameCountry>
    <Capital>Riga</Capital>
    <Continent>Europe</Continent>
  </rec>
  <rec>
    <CustomerId>458d546f-e1cb-4a3a-a5be-d2d903273847</CustomerId>
    <NameCountry>Pakistan</NameCountry>
    <Capital>Islamabad</Capital>
    <Continent>Asie</Continent>
  </rec>
  <rec>
    <CustomerId>6b066b97-6e04-4263-981a-d4e9117f1413</CustomerId>
    <NameCountry>Bulgarie</NameCountry>
    <Capital>Sofia</Capital>
    <Continent>Europe</Continent>
  </rec>
  <rec>
    <CustomerId>3d9f5ba2-1865-4f47-a118-d55a40f98f3e</CustomerId>
    <NameCountry>Guinée</NameCountry>
    <Capital>Conakry</Capital>
    <Continent>Afrique</Continent>
  </rec>
  <rec>
    <CustomerId>32d2a3e9-7335-4426-b9ab-d859920d2f42</CustomerId>
    <NameCountry>Burundi</NameCountry>
    <Capital>Bujumbura</Capital>
    <Continent>Afrique</Continent>
  </rec>
  <rec>
    <CustomerId>6bf634bd-0605-43f5-9c31-da79cda29daa</CustomerId>
    <NameCountry>Grèce</NameCountry>
    <Capital> Athènes</Capital>
    <Continent>Europe</Continent>
  </rec>
  <rec>
    <CustomerId>50b103ee-83aa-45c0-af79-da7c8e3c1b91</CustomerId>
    <NameCountry>Namibie</NameCountry>
    <Capital>Windhoek</Capital>
    <Continent>Afrique</Continent>
  </rec>
  <rec>
    <CustomerId>779dad02-342a-4f07-8c33-dc1b854d0f3f</CustomerId>
    <NameCountry>Brésil</NameCountry>
    <Capital>Brasilia</Capital>
    <Continent>Amérique</Continent>
  </rec>
  <rec>
    <CustomerId>e9b52610-0fe3-4659-9e83-dd691093fd1c</CustomerId>
    <NameCountry>Tuvalu</NameCountry>
    <Capital>Fanafuti</Capital>
    <Continent>Océanie</Continent>
  </rec>
  <rec>
    <CustomerId>fedcdd95-f74c-404d-bb44-decc5c5b6dc3</CustomerId>
    <NameCountry>Vanuatu</NameCountry>
    <Capital>Port-Vila</Capital>
    <Continent>Océanie</Continent>
  </rec>
  <rec>
    <CustomerId>c7b525f1-fb9a-45d0-921a-e13666607f65</CustomerId>
    <NameCountry>Égypte</NameCountry>
    <Capital>Le Caire</Capital>
    <Continent>Afrique</Continent>
  </rec>
  <rec>
    <CustomerId>6d5a8c3a-0dba-4178-9517-e1618a75d35f</CustomerId>
    <NameCountry>Palaos</NameCountry>
    <Capital>Melekeok</Capital>
    <Continent>Océanie</Continent>
  </rec>
  <rec>
    <CustomerId>c7099501-7ec7-4750-bee8-e23b9ee8304f</CustomerId>
    <NameCountry>Islande</NameCountry>
    <Capital>Reykjaík</Capital>
    <Continent>Europe</Continent>
  </rec>
  <rec>
    <CustomerId>e56bcc9e-6c12-4d58-b83b-e2729ec48433</CustomerId>
    <NameCountry>Paraguay</NameCountry>
    <Capital>Asunción</Capital>
    <Continent>Amérique</Continent>
  </rec>
  <rec>
    <CustomerId>b2df8792-b30b-4a83-a627-e3dcf15dddf1</CustomerId>
    <NameCountry>Mongolie</NameCountry>
    <Capital>Oulan-Bator</Capital>
    <Continent>Asie</Continent>
  </rec>
  <rec>
    <CustomerId>0c347dc2-678d-4dfd-a395-e4e68a7ae03c</CustomerId>
    <NameCountry>Guinée Équatoriale</NameCountry>
    <Capital>Malabo</Capital>
    <Continent>Afrique</Continent>
  </rec>
  <rec>
    <CustomerId>38360608-119b-490a-974d-e5bccc1b9cb0</CustomerId>
    <NameCountry>Angola</NameCountry>
    <Capital>Luanda</Capital>
    <Continent>Afrique</Continent>
  </rec>
  <rec>
    <CustomerId>1c3ef994-9dd4-43af-abe2-e6657b58cd87</CustomerId>
    <NameCountry>Côte d'Ivoire</NameCountry>
    <Capital>Yamoussoukro</Capital>
    <Continent>Afrique</Continent>
  </rec>
  <rec>
    <CustomerId>170f0d85-879d-4f65-848f-e6e252487a53</CustomerId>
    <NameCountry>République Tchèque</NameCountry>
    <Capital>Prague</Capital>
    <Continent>Europe</Continent>
  </rec>
  <rec>
    <CustomerId>41c73b23-3b5d-4246-b432-e9e610c640ba</CustomerId>
    <NameCountry>Salomon</NameCountry>
    <Capital>Honiara</Capital>
    <Continent>Océanie</Continent>
  </rec>
  <rec>
    <CustomerId>856cff49-ddc8-4b58-b995-ea07e6c23fc0</CustomerId>
    <NameCountry>Zambie</NameCountry>
    <Capital>Lusaka</Capital>
    <Continent>Afrique</Continent>
  </rec>
  <rec>
    <CustomerId>2e2e6ab8-1cb1-43a9-893a-eaae4c31ba09</CustomerId>
    <NameCountry>Allemagne</NameCountry>
    <Capital>Berlin</Capital>
    <Continent>Europe</Continent>
  </rec>
  <rec>
    <CustomerId>c8d6d353-9515-4f9e-b522-eb50b0a22e6e</CustomerId>
    <NameCountry>Canada</NameCountry>
    <Capital>Ottawa</Capital>
    <Continent>Amérique</Continent>
  </rec>
  <rec>
    <CustomerId>8718d6ed-eb7c-43d1-8791-ecba265dcb1a</CustomerId>
    <NameCountry>Irlande du Nord</NameCountry>
    <Capital>Belfast</Capital>
    <Continent>Europe</Continent>
  </rec>
  <rec>
    <CustomerId>38a6fb11-bedc-47e0-a8e4-ed0d49a2dc26</CustomerId>
    <NameCountry>Kenya</NameCountry>
    <Capital>Nairobi</Capital>
    <Continent>Afrique</Continent>
  </rec>
  <rec>
    <CustomerId>1786a76f-8ebd-43e9-953f-edfd745052e8</CustomerId>
    <NameCountry>Macédoine</NameCountry>
    <Capital>Skopje</Capital>
    <Continent>Europe</Continent>
  </rec>
  <rec>
    <CustomerId>6a94a301-74be-4936-a5a3-eee04416916b</CustomerId>
    <NameCountry>Oman</NameCountry>
    <Capital>Mascate</Capital>
    <Continent>Asie</Continent>
  </rec>
  <rec>
    <CustomerId>d33a33f5-573e-4568-b370-f0a87f4ae312</CustomerId>
    <NameCountry>Saint-Marin</NameCountry>
    <Capital>Saint-Marin</Capital>
    <Continent>Europe</Continent>
  </rec>
  <rec>
    <CustomerId>4e869915-a48f-4820-9f90-f51195899f5d</CustomerId>
    <NameCountry>Bahamas</NameCountry>
    <Capital>Nassau</Capital>
    <Continent>Amérique</Continent>
  </rec>
  <rec>
    <CustomerId>f7135807-6c3a-45f8-b77f-f81f99ed6f3c</CustomerId>
    <NameCountry>Ukraine</NameCountry>
    <Capital>Kiev</Capital>
    <Continent>Europe</Continent>
  </rec>
  <rec>
    <CustomerId>59b81753-0742-45d1-adf0-f848638af4cf</CustomerId>
    <NameCountry>Arabie Saoudite</NameCountry>
    <Capital>Riyad</Capital>
    <Continent>Asie</Continent>
  </rec>
  <rec>
    <CustomerId>92d3c074-5504-4393-9096-f88adf2431e3</CustomerId>
    <NameCountry>Rwanda</NameCountry>
    <Capital>Kigali</Capital>
    <Continent>Afrique</Continent>
  </rec>
  <rec>
    <CustomerId>cbe32791-aa82-448a-b8b8-fb128f021782</CustomerId>
    <NameCountry>Singapour</NameCountry>
    <Capital>Singapour</Capital>
    <Continent>Asie</Continent>
  </rec>
  <rec>
    <CustomerId>3e9a86cd-2822-4bc1-a0e8-fc091c6a5c40</CustomerId>
    <NameCountry>Ghana</NameCountry>
    <Capital>Accra</Capital>
    <Continent>Afrique</Continent>
  </rec>
  <rec>
    <CustomerId>efb159fc-688c-41d4-b9f0-feaa9d90b087</CustomerId>
    <NameCountry>Suisse</NameCountry>
    <Capital>Berne</Capital>
    <Continent>Europe</Continent>
  </rec>
  <rec>
    <CustomerId>37936dd3-2073-4de6-9db4-fffbb3e6699b</CustomerId>
    <NameCountry>Tadjikistan</NameCountry>
    <Capital>Douchanbe</Capital>
    <Continent>Asie</Continent>
  </rec>
</Countrys>