<Establishments>
  <rec>
    <CustomerId>42e89ba9-1012-4327-95f9-40712e232849</CustomerId>
    <Type>1</Type>
    <Name>MARIGNANE</Name>
    <Cp>13700</Cp>
    <Ville>MARIGNANE</Ville>
    <Adress>Avenue du 8 Mai 1945</Adress>
    <Phone>04 42 09 47 41</Phone>
    <Mail>sarl.anahit@gmail.com</Mail>
    <Siret />
    <Ntva />
    <CodeNaf />
    <Fax />
  </rec>
  <rec>
    <CustomerId>33a6114d-cb17-4bdc-a51f-984fc849093f</CustomerId>
    <Type>0</Type>
    <Name>ANAHIT-GROS</Name>
    <Cp>13001</Cp>
    <Ville>MARSEILLE</Ville>
    <Adress>9 Boulevard de la Liberté</Adress>
    <Phone>04 91 50 87 61</Phone>
    <Mail>sarl.anahit@yahoo.fr</Mail>
    <Siret />
    <Ntva />
    <CodeNaf />
    <Fax />
  </rec>
  <rec>
    <CustomerId>3d1cb37c-1171-4831-b047-c46d3e7dabfe</CustomerId>
    <Type>2</Type>
    <Name>INTERNET</Name>
    <Cp>13001</Cp>
    <Ville>MARSEILLE</Ville>
    <Adress>9 Boulevard de la Liberté</Adress>
    <Phone>04 91 50 87 61</Phone>
    <Mail>sarl.anahit@yahoo.fr</Mail>
    <Siret />
    <Ntva />
    <CodeNaf />
    <Fax />
  </rec>
  <rec>
    <CustomerId>e27d5a4d-d6d3-4ee5-810b-f95b32e0bb93</CustomerId>
    <Type>1</Type>
    <Name>ST CHARLE</Name>
    <Cp>13001</Cp>
    <Ville>MARSEILLE</Ville>
    <Adress>9 Boulevard de la Liberté</Adress>
    <Phone>04 91 50 87 61</Phone>
    <Mail>sarl.anahit@yahoo.fr</Mail>
    <Siret />
    <Ntva />
    <CodeNaf />
    <Fax />
  </rec>
</Establishments>