<Grid>
  <rec>
    <id>0</id>
    <Date_upd>26/11/2014 12:27:35</Date_upd>
    <X>0</X>
    <Y>0</Y>
    <Caption>Especes</Caption>
    <Color>255,0,0,255</Color>
    <foreground>255,238,239,255</foreground>
    <Img></Img>
    <Fun>1</Fun>
  </rec>
  <rec>
    <id>0</id>
    <Date_upd>09/12/2014 11:22:15</Date_upd>
    <X>0</X>
    <Y>1</Y>
    <Caption>CB</Caption>
    <Color>255,0,255,255</Color>
    <foreground>255,0,0,0</foreground>
    <Img></Img>
    <Fun>4</Fun>
  </rec>
  <rec>
    <id>0</id>
    <Date_upd>09/12/2014 11:22:07</Date_upd>
    <X>0</X>
    <Y>4</Y>
    <Caption>Cheque</Caption>
    <Color>255,0,255,255</Color>
    <foreground>255,0,0,0</foreground>
    <Img></Img>
    <Fun>5</Fun>
  </rec>
  <rec>
    <id>0</id>
    <Date_upd>26/11/2014 12:27:17</Date_upd>
    <X>0</X>
    <Y>5</Y>
    <Caption>Ticket RESTO</Caption>
    <Color>255,255,0,0</Color>
    <foreground>255,238,239,255</foreground>
    <Img></Img>
    <Fun>6</Fun>
  </rec>
  <rec>
    <id>0</id>
    <Date_upd>09/12/2014 11:24:11</Date_upd>
    <X>0</X>
    <Y>2</Y>
    <Caption>Bon a Achat</Caption>
    <Color>255,138,43,226</Color>
    <foreground>255,0,0,0</foreground>
    <Img></Img>
    <Fun>8</Fun>
  </rec>
</Grid>