<Grid>
  <rec>
    <id>0</id>
    <Date_upd>15/08/2014 20:50:24</Date_upd>
    <X>0</X>
    <Y>0</Y>
    <Caption>Modif</Caption>
    <Color>255,0,0,0</Color>
    <foreground>255,240,248,255</foreground>
    <Img></Img>
    <Fun>Modification des Articles</Fun>
  </rec>
  <rec>
    <id>0</id>
    <Date_upd>21/09/2016 18:42:03</Date_upd>
    <X>1</X>
    <Y>0</Y>
    <Caption>SUP Ligne</Caption>
    <Color>255,255,255,0</Color>
    <foreground>255,0,0,0</foreground>
    <Img></Img>
    <Fun>Supprimer une Ligne</Fun>
  </rec>
  <rec>
    <id>0</id>
    <Date_upd>08/06/2015 09:25:30</Date_upd>
    <X>4</X>
    <Y>0</Y>
    <Caption>Controle</Caption>
    <Color>255,138,43,226</Color>
    <foreground>255,0,0,0</foreground>
    <Img></Img>
    <Fun>Histoire de ticket</Fun>
  </rec>
  <rec>
    <id>0</id>
    <Date_upd>15/08/2014 21:10:05</Date_upd>
    <X>0</X>
    <Y>1</Y>
    <Caption>+1</Caption>
    <Color>255,153,50,204</Color>
    <foreground>255,0,0,0</foreground>
    <Img></Img>
    <Fun>Attente +1</Fun>
  </rec>
  <rec>
    <id>0</id>
    <Date_upd>26/08/2014 17:43:58</Date_upd>
    <X>3</X>
    <Y>0</Y>
    <Caption>Clôture</Caption>
    <Color>255,0,0,255</Color>
    <foreground>255,255,0,0</foreground>
    <Img></Img>
    <Fun>Clôture</Fun>
  </rec>
  <rec>
    <id>1</id>
    <Date_upd>12/11/2014 12:44:08</Date_upd>
    <X>1</X>
    <Y>1</Y>
    <Caption>Mod Prix</Caption>
    <Color>255,0,0,0</Color>
    <foreground>255,255,0,0</foreground>
    <Img></Img>
    <Fun>Modifier le prix</Fun>
  </rec>
  <rec>
    <id>3</id>
    <Date_upd>12/11/2014 12:43:46</Date_upd>
    <X>3</X>
    <Y>1</Y>
    <Caption>Open TIR</Caption>
    <Color>255,0,0,0</Color>
    <foreground>255,255,255,0</foreground>
    <Img></Img>
    <Fun>Open CashBox</Fun>
  </rec>
  <rec>
    <id>5</id>
    <Date_upd>07/12/2014 11:51:47</Date_upd>
    <X>5</X>
    <Y>1</Y>
    <Caption>Calcullete</Caption>
    <Color>255,255,255,0</Color>
    <foreground>255,0,0,0</foreground>
    <Img></Img>
    <Fun>Calculatrice</Fun>
  </rec>
  <rec>
    <id>2</id>
    <Date_upd>15/12/2016 16:10:33</Date_upd>
    <X>2</X>
    <Y>1</Y>
    <Caption></Caption>
    <Color>255,212,208,200</Color>
    <foreground>255,0,0,0</foreground>
    <Img></Img>
    <Fun>Annulation de ticket</Fun>
  </rec>
  <rec>
    <id>4</id>
    <Date_upd>24/09/2016 10:38:12</Date_upd>
    <X>4</X>
    <Y>1</Y>
    <Caption>H_CL</Caption>
    <Color>255,212,208,200</Color>
    <foreground>255,0,0,0</foreground>
    <Img></Img>
    <Fun>General History of closing</Fun>
  </rec>
  <rec>
    <id>0</id>
    <Date_upd>17/02/2016 14:34:00</Date_upd>
    <X>5</X>
    <Y>0</Y>
    <Caption>pro</Caption>
    <Color>255,212,208,200</Color>
    <foreground>255,0,0,0</foreground>
    <Img></Img>
    <Fun>Show Pro</Fun>
  </rec>
  <rec>
    <id>0</id>
    <Date_upd>31/10/2016 12:07:12</Date_upd>
    <X>2</X>
    <Y>0</Y>
    <Caption>Update</Caption>
    <Color>255,124,252,0</Color>
    <foreground>255,0,0,0</foreground>
    <Img></Img>
    <Fun>UpdateDB</Fun>
  </rec>
</Grid>