<Grid>
  <rec>
    <id>0</id>
    <Date_upd>15/08/2014 20:55:51</Date_upd>
    <X>0</X>
    <Y>0</Y>
    <Caption>Paiement</Caption>
    <Color>255,128,0,128</Color>
    <foreground>255,0,0,0</foreground>
    <Img></Img>
    <Fun>Le mode de Paiement</Fun>
  </rec>
  <rec>
    <id>0</id>
    <Date_upd>24/11/2014 12:22:13</Date_upd>
    <X>1</X>
    <Y>0</Y>
    <Caption>Especes</Caption>
    <Color>255,0,128,0</Color>
    <foreground>255,0,0,0</foreground>
    <Img></Img>
    <Fun>_TypesPayDynamic1</Fun>
  </rec>
  <rec>
    <id>1</id>
    <Date_upd>24/11/2014 12:22:20</Date_upd>
    <X>1</X>
    <Y>1</Y>
    <Caption>CB</Caption>
    <Color>255,0,0,255</Color>
    <foreground>255,0,0,0</foreground>
    <Img></Img>
    <Fun>_TypesPayDynamic4</Fun>
  </rec>
  <rec>
    <id>2</id>
    <Date_upd>24/11/2014 12:22:27</Date_upd>
    <X>1</X>
    <Y>2</Y>
    <Caption>Cheques</Caption>
    <Color>255,0,255,255</Color>
    <foreground>255,0,0,0</foreground>
    <Img></Img>
    <Fun>_TypesPayDynamic5</Fun>
  </rec>
  <rec>
    <id>3</id>
    <Date_upd>24/11/2014 12:22:34</Date_upd>
    <X>1</X>
    <Y>3</Y>
    <Caption>Ticket RESTO</Caption>
    <Color>255,178,34,34</Color>
    <foreground>255,0,0,0</foreground>
    <Img></Img>
    <Fun>_TypesPayDynamic6</Fun>
  </rec>
  <rec>
    <id>0</id>
    <Date_upd>25/03/2015 18:12:56</Date_upd>
    <X>0</X>
    <Y>1</Y>
    <Caption>TOTAL !!!</Caption>
    <Color>255,143,188,143</Color>
    <foreground>255,0,0,0</foreground>
    <Img></Img>
    <Fun>Afficher un Total</Fun>
  </rec>
  <rec>
    <id>0</id>
    <Date_upd>17/11/2014 11:59:21</Date_upd>
    <X>0</X>
    <Y>2</Y>
    <Caption>Code Bar</Caption>
    <Color>255,0,0,0</Color>
    <foreground>255,255,0,0</foreground>
    <Img></Img>
    <Fun>SetBarCode</Fun>
  </rec>
  <rec>
    <id>0</id>
    <Date_upd>16/03/2016 11:07:22</Date_upd>
    <X>0</X>
    <Y>3</Y>
    <Caption>DEVIS PRO</Caption>
    <Color>255,212,208,200</Color>
    <foreground>255,0,0,0</foreground>
    <Img></Img>
    <Fun>toDevis</Fun>
  </rec>
</Grid>