﻿<?xml version="1.0" encoding="utf-8"?>
<GridProduct>
  <_0x0>
    <rec>
      <id>0</id>
      <Date_upd>26/08/2014 16:48:36</Date_upd>
      <X>0</X>
      <Y>4</Y>
      <Description>CUISSE DE POULET BUD</Description>
      <background>165,42,42</background>
      <img />
      <font></font>
    </rec>
    <rec>
      <id>2</id>
      <Date_upd>26/08/2014 16:56:34</Date_upd>
      <X>1</X>
      <Y>2</Y>
      <Description>JAMBON RUBLONAYA 9.99</Description>
      <background>165,42,42</background>
      <img />
      <font></font>
    </rec>
    <rec>
      <id>3</id>
      <Date_upd>26/08/2014 16:57:04</Date_upd>
      <X>3</X>
      <Y>1</Y>
      <Description>SOUDJOUK ARMENIEN /KG</Description>
      <background>165,42,42</background>
      <img />
      <font></font>
    </rec>
    <rec>
      <id>6</id>
      <Date_upd>26/08/2014 16:57:19</Date_upd>
      <X>3</X>
      <Y>2</Y>
      <Description>MITCHI CONGELE KG</Description>
      <background>255,127,80</background>
      <img />
      <font></font>
    </rec>
    <rec>
      <id>9</id>
      <Date_upd>26/08/2014 16:57:37</Date_upd>
      <X>3</X>
      <Y>3</Y>
      <Description>BASTURMA ANAHIT /KG</Description>
      <background>165,42,42</background>
      <img />
      <font></font>
    </rec>
    <rec>
      <id>5</id>
      <Date_upd>26/08/2014 16:58:05</Date_upd>
      <X>5</X>
      <Y>1</Y>
      <Description>SAUCISSE MOLOCHNI KG</Description>
      <background>165,42,42</background>
      <img />
      <font></font>
    </rec>
    <rec>
      <id>10</id>
      <Date_upd>26/08/2014 16:58:15</Date_upd>
      <X>5</X>
      <Y>2</Y>
      <Description>REBROCHKA KOPCHONI MAT /KG LACKMAN</Description>
      <background>165,42,42</background>
      <img />
      <font></font>
    </rec>
    <rec>
      <id>15</id>
      <Date_upd>26/08/2014 16:58:39</Date_upd>
      <X>5</X>
      <Y>3</Y>
      <Description>BASTURMA ANAHIT /KG</Description>
      <background>165,42,42</background>
      <img />
      <font></font>
    </rec>
  </_0x0>
  <_0x1>
    <rec>
      <id>0</id>
      <Date_upd>26/08/2014 17:24:42</Date_upd>
      <X>1</X>
      <Y>0</Y>
      <Description>NOIX DECORTIQUE KG</Description>
      <background>0,0,0</background>
      <img />
      <font></font>
    </rec>
    <rec>
      <id>1</id>
      <Date_upd>26/08/2014 17:25:01</Date_upd>
      <X>1</X>
      <Y>1</Y>
      <Description>NOISETTE  BLANC KG</Description>
      <background>0,0,0</background>
      <img />
      <font></font>
    </rec>
    <rec>
      <id>2</id>
      <Date_upd>26/08/2014 17:25:20</Date_upd>
      <X>1</X>
      <Y>2</Y>
      <Description>PISTACHE KG</Description>
      <background>0,0,0</background>
      <img />
      <font></font>
    </rec>
    <rec>
      <id>3</id>
      <Date_upd>26/08/2014 17:26:22</Date_upd>
      <X>1</X>
      <Y>3</Y>
      <Description>PEPIT TOURNESOL GRIS KG</Description>
      <background>0,0,0</background>
      <img />
      <font></font>
    </rec>
    <rec>
      <id>4</id>
      <Date_upd>26/08/2014 17:26:38</Date_upd>
      <X>1</X>
      <Y>4</Y>
      <Description>PEPIT TOURNESOL NOIR KG</Description>
      <background>0,0,0</background>
      <img />
      <font></font>
    </rec>
    <rec>
      <id>0</id>
      <Date_upd>26/08/2014 17:26:54</Date_upd>
      <X>3</X>
      <Y>0</Y>
      <Description>NOIX COQUE KG</Description>
      <background>0,0,0</background>
      <img />
      <font></font>
    </rec>
    <rec>
      <id>3</id>
      <Date_upd>26/08/2014 17:27:09</Date_upd>
      <X>3</X>
      <Y>1</Y>
      <Description>NOISETTE COQUE KG</Description>
      <background>0,0,0</background>
      <img />
      <font></font>
    </rec>
    <rec>
      <id>6</id>
      <Date_upd>26/08/2014 17:27:17</Date_upd>
      <X>3</X>
      <Y>2</Y>
      <Description>ARACHIDE G.S.</Description>
      <background>0,0,0</background>
      <img />
      <font></font>
    </rec>
    <rec>
      <id>0</id>
      <Date_upd>26/08/2014 17:27:29</Date_upd>
      <X>5</X>
      <Y>0</Y>
      <Description>NOISETTE NOIR KG</Description>
      <background>0,0,0</background>
      <img />
      <font></font>
    </rec>
    <rec>
      <id>5</id>
      <Date_upd>26/08/2014 17:27:37</Date_upd>
      <X>5</X>
      <Y>1</Y>
      <Description>AMANDE DECORTIQUE KG</Description>
      <background>0,0,0</background>
      <img />
      <font></font>
    </rec>
    <rec>
      <id>10</id>
      <Date_upd>26/08/2014 17:27:47</Date_upd>
      <X>5</X>
      <Y>2</Y>
      <Description>ABRICOT SEC KG</Description>
      <background>0,0,0</background>
      <img />
      <font></font>
    </rec>
    <rec>
      <id>15</id>
      <Date_upd>26/08/2014 17:28:03</Date_upd>
      <X>5</X>
      <Y>3</Y>
      <Description>FIGUE SECHE /KG</Description>
      <background>0,0,0</background>
      <img />
      <font></font>
    </rec>
    <rec>
      <id>20</id>
      <Date_upd>26/08/2014 17:28:27</Date_upd>
      <X>5</X>
      <Y>4</Y>
      <Description>DATTES /KG</Description>
      <background>0,0,0</background>
      <img />
      <font></font>
    </rec>
  </_0x1>
  <_0x2>
    <rec>
      <id>0</id>
      <Date_upd>26/08/2014 17:28:58</Date_upd>
      <X>0</X>
      <Y>0</Y>
      <Description>MAIS A ECLATER 1KG ANAHIT</Description>
      <background>0,0,0</background>
      <img />
      <font></font>
    </rec>
    <rec>
      <id>0</id>
      <Date_upd>26/08/2014 17:29:08</Date_upd>
      <X>2</X>
      <Y>0</Y>
      <Description>COUSCOUS 1KG ANAHIT</Description>
      <background>0,0,0</background>
      <img />
      <font></font>
    </rec>
    <rec>
      <id>0</id>
      <Date_upd>26/08/2014 17:29:27</Date_upd>
      <X>4</X>
      <Y>0</Y>
      <Description>POIS CHICHE 1KG ANAHIT</Description>
      <background>0,0,0</background>
      <img />
      <font></font>
    </rec>
    <rec>
      <id>0</id>
      <Date_upd>26/08/2014 17:29:47</Date_upd>
      <X>6</X>
      <Y>0</Y>
      <Description>SEMOULE 1KG ANAHIT</Description>
      <background>0,0,0</background>
      <img />
      <font></font>
    </rec>
    <rec>
      <id>0</id>
      <Date_upd>26/08/2014 17:30:20</Date_upd>
      <X>0</X>
      <Y>2</Y>
      <Description>HARICOT GEANT 1KG ANAHIT</Description>
      <background>0,0,0</background>
      <img />
      <font></font>
    </rec>
    <rec>
      <id>0</id>
      <Date_upd>26/08/2014 17:30:33</Date_upd>
      <X>0</X>
      <Y>3</Y>
      <Description>HARICOT BLANC BOSTAN 900G</Description>
      <background>0,0,0</background>
      <img />
      <font></font>
    </rec>
    <rec>
      <id>0</id>
      <Date_upd>26/08/2014 17:30:46</Date_upd>
      <X>0</X>
      <Y>4</Y>
      <Description>HARICOT OEUIL NOIR 1KG ANAHIT</Description>
      <background>0,0,0</background>
      <img />
      <font></font>
    </rec>
    <rec>
      <id>0</id>
      <Date_upd>26/08/2014 17:30:57</Date_upd>
      <X>0</X>
      <Y>5</Y>
      <Description>HARICOT ROUGE 1KG ANAHIT</Description>
      <background>0,0,0</background>
      <img />
      <font></font>
    </rec>
    <rec>
      <id>4</id>
      <Date_upd>26/08/2014 17:31:23</Date_upd>
      <X>2</X>
      <Y>2</Y>
      <Description>BOULGOUR BLOND FIN 1KG ANAHIT</Description>
      <background>0,0,0</background>
      <img />
      <font></font>
    </rec>
    <rec>
      <id>6</id>
      <Date_upd>26/08/2014 17:31:34</Date_upd>
      <X>2</X>
      <Y>3</Y>
      <Description>BOULGOUR BRUN FIN 1KG ANAHIT</Description>
      <background>0,0,0</background>
      <img />
      <font></font>
    </rec>
    <rec>
      <id>8</id>
      <Date_upd>26/08/2014 17:32:05</Date_upd>
      <X>2</X>
      <Y>4</Y>
      <Description>BOULGOUR BLOND GROS 1KG ANAHIT</Description>
      <background>0,0,0</background>
      <img />
      <font></font>
    </rec>
    <rec>
      <id>10</id>
      <Date_upd>26/08/2014 17:32:23</Date_upd>
      <X>2</X>
      <Y>5</Y>
      <Description>BOULGOUR BRUN FIN 1KG ANAHIT</Description>
      <background>0,0,0</background>
      <img />
      <font></font>
    </rec>
    <rec>
      <id>2</id>
      <Date_upd>26/08/2014 17:32:35</Date_upd>
      <X>2</X>
      <Y>1</Y>
      <Description>BLE ENTIER 1KG ANAHIT</Description>
      <background>0,0,0</background>
      <img />
      <font></font>
    </rec>
    <rec>
      <id>8</id>
      <Date_upd>26/08/2014 17:32:45</Date_upd>
      <X>4</X>
      <Y>2</Y>
      <Description>FEVE 1KG ANAHIT</Description>
      <background>0,0,0</background>
      <img />
      <font></font>
    </rec>
    <rec>
      <id>12</id>
      <Date_upd>26/08/2014 17:32:55</Date_upd>
      <X>4</X>
      <Y>3</Y>
      <Description>FOUL ENTIER 1KG ANAHIT</Description>
      <background>0,0,0</background>
      <img />
      <font></font>
    </rec>
    <rec>
      <id>16</id>
      <Date_upd>26/08/2014 17:33:07</Date_upd>
      <X>4</X>
      <Y>4</Y>
      <Description>LENTILLE VERT1KG</Description>
      <background>0,0,0</background>
      <img />
      <font></font>
    </rec>
    <rec>
      <id>20</id>
      <Date_upd>26/08/2014 17:33:21</Date_upd>
      <X>4</X>
      <Y>5</Y>
      <Description>LENTILLE BLOND 1KG ANAHIT</Description>
      <background>0,0,0</background>
      <img />
      <font></font>
    </rec>
    <rec>
      <id>12</id>
      <Date_upd>26/08/2014 17:33:38</Date_upd>
      <X>6</X>
      <Y>2</Y>
      <Description>RIZ BASMATIC 1KG ANAHIT</Description>
      <background>0,0,0</background>
      <img />
      <font></font>
    </rec>
    <rec>
      <id>18</id>
      <Date_upd>26/08/2014 17:33:46</Date_upd>
      <X>6</X>
      <Y>3</Y>
      <Description>RIZ JAUNE 1KG ANAHIT</Description>
      <background>0,0,0</background>
      <img />
      <font></font>
    </rec>
    <rec>
      <id>24</id>
      <Date_upd>26/08/2014 17:33:59</Date_upd>
      <X>6</X>
      <Y>4</Y>
      <Description>RIZ PARFUME 1KG ANAHIT</Description>
      <background>0,0,0</background>
      <img />
      <font></font>
    </rec>
    <rec>
      <id>25</id>
      <Date_upd>26/08/2014 17:34:49</Date_upd>
      <X>5</X>
      <Y>5</Y>
      <Description>LENTILLE ROUGE 1KG ANAHIT</Description>
      <background>0,0,0</background>
      <img />
      <font></font>
    </rec>
    <rec>
      <id>7</id>
      <Date_upd>26/08/2014 17:35:34</Date_upd>
      <X>7</X>
      <Y>1</Y>
      <Description>EPEAUTRE 1KG ANAHIT</Description>
      <background>0,0,0</background>
      <img />
      <font></font>
    </rec>
    <rec>
      <id>14</id>
      <Date_upd>26/08/2014 17:35:42</Date_upd>
      <X>7</X>
      <Y>2</Y>
      <Description>KORKOT 1KG ANAHIT</Description>
      <background>0,0,0</background>
      <img />
      <font></font>
    </rec>
    <rec>
      <id>21</id>
      <Date_upd>26/08/2014 17:35:56</Date_upd>
      <X>7</X>
      <Y>3</Y>
      <Description>SARAZIN 1KG ANAHIT</Description>
      <background>0,0,0</background>
      <img />
      <font></font>
    </rec>
  </_0x2>
  <_0x3>
    <rec>
      <id>1</id>
      <Date_upd>26/08/2014 17:36:51</Date_upd>
      <X>1</X>
      <Y>1</Y>
      <Description>POIVRON DOLMA /KG</Description>
      <background>0,0,0</background>
      <img />
      <font></font>
    </rec>
    <rec>
      <id>0</id>
      <Date_upd>26/08/2014 17:37:04</Date_upd>
      <X>3</X>
      <Y>0</Y>
      <Description>PIMENT FORT/DOUX /KG</Description>
      <background>0,0,0</background>
      <img />
      <font></font>
    </rec>
    <rec>
      <id>6</id>
      <Date_upd>26/08/2014 17:37:19</Date_upd>
      <X>3</X>
      <Y>2</Y>
      <Description>RAISAIN</Description>
      <background>0,0,0</background>
      <img />
      <font></font>
    </rec>
    <rec>
      <id>8</id>
      <Date_upd>26/08/2014 17:37:29</Date_upd>
      <X>4</X>
      <Y>2</Y>
      <Description>CHOUX FRAIS KG</Description>
      <background>0,0,0</background>
      <img />
      <font></font>
    </rec>
    <rec>
      <id>10</id>
      <Date_upd>26/08/2014 17:37:41</Date_upd>
      <X>5</X>
      <Y>2</Y>
      <Description>PASTEQUE</Description>
      <background>0,0,0</background>
      <img />
      <font></font>
    </rec>
    <rec>
      <id>12</id>
      <Date_upd>26/08/2014 17:37:56</Date_upd>
      <X>6</X>
      <Y>2</Y>
      <Description>MELON</Description>
      <background>0,0,0</background>
      <img />
      <font></font>
    </rec>
    <rec>
      <id>6</id>
      <Date_upd>26/08/2014 17:38:07</Date_upd>
      <X>6</X>
      <Y>1</Y>
      <Description>ONION 5KG</Description>
      <background>0,0,0</background>
      <img />
      <font></font>
    </rec>
    <rec>
      <id>24</id>
      <Date_upd>26/08/2014 17:38:16</Date_upd>
      <X>6</X>
      <Y>4</Y>
      <Description>POMME DE TERRE 5KG</Description>
      <background>0,0,0</background>
      <img />
      <font></font>
    </rec>
    <rec>
      <id>20</id>
      <Date_upd>26/08/2014 17:38:23</Date_upd>
      <X>5</X>
      <Y>4</Y>
      <Description>pomme de terre 10kg</Description>
      <background>0,0,0</background>
      <img />
      <font></font>
    </rec>
    <rec>
      <id>12</id>
      <Date_upd>26/08/2014 17:38:41</Date_upd>
      <X>3</X>
      <Y>4</Y>
      <Description>CONCOMBRE /KG</Description>
      <background>0,0,0</background>
      <img />
      <font></font>
    </rec>
  </_0x3>
  <_0x4>
    <rec>
      <id>0</id>
      <Date_upd>26/08/2014 17:39:12</Date_upd>
      <X>1</X>
      <Y>0</Y>
      <Description>FROMAGE BLANC COMBI KG</Description>
      <background>0,0,0</background>
      <img />
      <font></font>
    </rec>
    <rec>
      <id>2</id>
      <Date_upd>26/08/2014 17:39:43</Date_upd>
      <X>1</X>
      <Y>2</Y>
      <Description>FROMAGE ROND KG</Description>
      <background>0,0,0</background>
      <img />
      <font></font>
    </rec>
    <rec>
      <id>4</id>
      <Date_upd>26/08/2014 17:39:56</Date_upd>
      <X>1</X>
      <Y>4</Y>
      <Description>FROMAGE BREBIS KG</Description>
      <background>0,0,0</background>
      <img />
      <font></font>
    </rec>
  </_0x4>
  <_0x5>
    <rec>
      <id>2</id>
      <Date_upd>26/08/2014 17:40:36</Date_upd>
      <X>2</X>
      <Y>1</Y>
      <Description>PAIN ROND</Description>
      <background>0,0,0</background>
      <img />
      <font></font>
    </rec>
    <rec>
      <id>6</id>
      <Date_upd>26/08/2014 17:40:46</Date_upd>
      <X>2</X>
      <Y>3</Y>
      <Description>PAIN BATON</Description>
      <background>0,0,0</background>
      <img />
      <font></font>
    </rec>
    <rec>
      <id>6</id>
      <Date_upd>26/08/2014 17:40:57</Date_upd>
      <X>3</X>
      <Y>2</Y>
      <Description>SIMIT</Description>
      <background>0,0,0</background>
      <img />
      <font></font>
    </rec>
    <rec>
      <id>4</id>
      <Date_upd>26/08/2014 17:41:08</Date_upd>
      <X>4</X>
      <Y>1</Y>
      <Description>PAIN ARMENIEN 1.90</Description>
      <background>0,0,0</background>
      <img />
      <font></font>
    </rec>
    <rec>
      <id>12</id>
      <Date_upd>26/08/2014 17:41:21</Date_upd>
      <X>4</X>
      <Y>3</Y>
      <Description>PAIN ARMENIEN 3.6</Description>
      <background>0,0,0</background>
      <img />
      <font></font>
    </rec>
    <rec>
      <id>12</id>
      <Date_upd>26/08/2014 17:41:33</Date_upd>
      <X>6</X>
      <Y>2</Y>
      <Description>PAIN LIBANNAIS</Description>
      <background>0,0,0</background>
      <img />
      <font></font>
    </rec>
    <rec>
      <id>3</id>
      <Date_upd>27.10.2014 21:20:27</Date_upd>
      <X>3</X>
      <Y>1</Y>
      <Description>PAIN EPICE KARAMEL 400GR LACKMAN</Description>
      <background>0,0,0</background>
      <img />
      <font></font>
      <customerId>f1360ccd-55df-4fda-94e4-8b51151fc7fe</customerId>
    </rec>
    <rec>
      <id>0</id>
      <Date_upd>27.10.2014 21:20:37</Date_upd>
      <X>3</X>
      <Y>0</Y>
      <Description>PAIN NOIR BARADINSKI 650G</Description>
      <background>0,0,0</background>
      <img />
      <font></font>
      <customerId>848c7cf3-75bf-4b02-afb9-20a477eebdb2</customerId>
    </rec>
    <rec>
      <id>8</id>
      <Date_upd>27.10.2014 21:20:51</Date_upd>
      <X>4</X>
      <Y>2</Y>
      <Description>FRUBEX PETIT POIS 690G</Description>
      <background>0,0,0</background>
      <img />
      <font></font>
      <customerId>ec2a7a71-6c77-4760-99a7-0101ed0b0b07</customerId>
    </rec>
    <rec>
      <id>2</id>
      <Date_upd>27.10.2014 21:20:57</Date_upd>
      <X>1</X>
      <Y>2</Y>
      <Description>DEL KAT SOUPE LEGUME 75G</Description>
      <background>0,0,0</background>
      <img />
      <font></font>
      <customerId>fc69646e-814c-4a68-bd00-00657f2f10ee</customerId>
    </rec>
  </_0x5>
  <_0x6>
    <rec>
      <id>0</id>
      <Date_upd>26/08/2014 17:42:27</Date_upd>
      <X>0</X>
      <Y>0</Y>
      <Description>DIMES ABRICOT 24</Description>
      <background>0,0,0</background>
      <img />
      <font></font>
    </rec>
    <rec>
      <id>0</id>
      <Date_upd>26/08/2014 17:42:35</Date_upd>
      <X>0</X>
      <Y>1</Y>
      <Description>DIMES PECHE 24</Description>
      <background>0,0,0</background>
      <img />
      <font></font>
    </rec>
  </_0x6>
  <_0x7>
    <rec>
      <id>0</id>
      <Date_upd>27.10.2014 12:55:53</Date_upd>
      <X>0</X>
      <Y>0</Y>
      <Description>POISSON ATLANTIC SARDINE SAUCE TOMATE 240GR ROND</Description>
      <background>238,130,238</background>
      <img />
      <font></font>
      <customerId>b6f1bd9d-5840-4657-9b1f-00325acc6514</customerId>
    </rec>
    <rec>
      <id>0</id>
      <Date_upd>27.10.2014 13:07:50</Date_upd>
      <X>0</X>
      <Y>1</Y>
      <Description>SERA HARICOT BLANC 900G</Description>
      <background>112,128,144</background>
      <img />
      <font></font>
      <customerId>b905af93-7547-47a9-863d-0017c6d833bb</customerId>
    </rec>
    <rec>
      <id>1</id>
      <Date_upd>30/10/2014 15:37:24</Date_upd>
      <X>1</X>
      <Y>1</Y>
      <Description>Ayking 200gr "Aytac"</Description>
      <background>0,0,0</background>
      <img />
      <font></font>
      <customerId>cef4e6be-367c-4458-98ab-0013c96864c2</customerId>
    </rec>
  </_0x7>
  <_0x8>
    <rec>
      <id>0</id>
      <Date_upd>27.10.2014 13:27:12</Date_upd>
      <X>1</X>
      <Y>0</Y>
      <Description>BONBON KARAGA 400GR SERA</Description>
      <background>173,216,230</background>
      <img />
      <font></font>
      <customerId>d5e48d53-8a1e-4035-a984-01ed52a1df9d</customerId>
    </rec>
  </_0x8>
  <_5x2>
    <rec>
      <id>0</id>
      <Date_upd>01/12/2014 11:12:56</Date_upd>
      <X>0</X>
      <Y>0</Y>
      <Description>OLIVE VERT FARCIE</Description>
      <background>0,128,0</background>
      <img />
      <font></font>
      <customerId>7bb555c0-9429-4b7d-8755-e6c08b31018f</customerId>
    </rec>
    <rec>
      <id>0</id>
      <Date_upd>01/12/2014 11:13:27</Date_upd>
      <X>0</X>
      <Y>1</Y>
      <Description>OLIVE VERT GROSSE</Description>
      <background>0,128,0</background>
      <img />
      <font></font>
      <customerId>e6d80ac9-fd4f-4398-beb8-f8e4d1ac1647</customerId>
    </rec>
    <rec>
      <id>0</id>
      <Date_upd>01/12/2014 11:14:09</Date_upd>
      <X>0</X>
      <Y>2</Y>
      <Description>OLIVE FACON GREC KG</Description>
      <background>0,128,0</background>
      <img />
      <font></font>
      <customerId>6d320eed-ebaa-4691-aa43-8175e28a44ba</customerId>
    </rec>
    <rec>
      <id>0</id>
      <Date_upd>01/12/2014 11:14:40</Date_upd>
      <X>0</X>
      <Y>3</Y>
      <Description>OLIVE VOLOS KG</Description>
      <background>0,128,0</background>
      <img />
      <font></font>
      <customerId>9cade2aa-ec59-4a9c-9c6e-a6d9e305c2cc</customerId>
    </rec>
    <rec>
      <id>0</id>
      <Date_upd>17/02/2017 20:01:29</Date_upd>
      <X>0</X>
      <Y>4</Y>
      <Description>OLIVE KALAMATA 12/14 AU KG</Description>
      <background>0,128,0</background>
      <img />
      <font>0,0,0</font>
      <customerId>5921262c-a021-4697-9785-6981ad9f41bf</customerId>
    </rec>
    <rec>
      <id>0</id>
      <Date_upd>01/12/2014 11:15:59</Date_upd>
      <X>0</X>
      <Y>5</Y>
      <Description>PIMENT DE GRECE KG</Description>
      <background>0,128,0</background>
      <img />
      <font></font>
      <customerId>6c894800-ebf4-4013-b020-11d74102915b</customerId>
    </rec>
    <rec>
      <id>0</id>
      <Date_upd>01/12/2014 11:26:50</Date_upd>
      <X>1</X>
      <Y>0</Y>
      <Description>FROMAGE BLANC COMBI KG</Description>
      <background>169,169,169</background>
      <img />
      <font></font>
      <customerId>e82f12a5-96d9-48b0-9714-e1cfaead7d06</customerId>
    </rec>
    <rec>
      <id>1</id>
      <Date_upd>01/12/2014 11:26:28</Date_upd>
      <X>1</X>
      <Y>1</Y>
      <Description>FROMAGE ROND KG</Description>
      <background>169,169,169</background>
      <img />
      <font></font>
      <customerId>01d27eb6-89fb-4b57-9950-323cfc3af87b</customerId>
    </rec>
    <rec>
      <id>2</id>
      <Date_upd>01/12/2014 11:26:13</Date_upd>
      <X>1</X>
      <Y>2</Y>
      <Description>FROMAGE BREBIS KG</Description>
      <background>169,169,169</background>
      <img />
      <font></font>
      <customerId>3282e8dd-d388-4a9d-8bd4-9c82cf7c797c</customerId>
    </rec>
    <rec>
      <id>3</id>
      <Date_upd>18/02/2017 11:15:23</Date_upd>
      <X>1</X>
      <Y>3</Y>
      <Description></Description>
      <background>255,0,0</background>
      <img />
      <font>255,0,0</font>
      <customerId>00000000-0000-0000-0000-000000000000</customerId>
    </rec>
    <rec>
      <id>0</id>
      <Date_upd>05/12/2014 11:31:16</Date_upd>
      <X>2</X>
      <Y>0</Y>
      <Description>PIMENT FORT/DOUX /KG</Description>
      <background>0,0,0</background>
      <img />
      <font>250,250,210</font>
      <customerId>2e80c9f7-8112-4124-b1d0-9043d111dbd5</customerId>
    </rec>
    <rec>
      <id>2</id>
      <Date_upd>05/12/2014 11:31:26</Date_upd>
      <X>2</X>
      <Y>1</Y>
      <Description>POIVRON DOLMA /KG</Description>
      <background>0,0,0</background>
      <img />
      <font>255,255,255</font>
      <customerId>c1ea46e5-3fa6-4a54-8e5c-2dec2ac5eb54</customerId>
    </rec>
    <rec>
      <id>4</id>
      <Date_upd>05/12/2014 11:31:31</Date_upd>
      <X>2</X>
      <Y>2</Y>
      <Description>CONCOMBRE /KG</Description>
      <background>0,0,0</background>
      <img />
      <font>255,255,255</font>
      <customerId>f8eeb378-76f8-4ab7-98ba-8a5e76c8394e</customerId>
    </rec>
    <rec>
      <id>6</id>
      <Date_upd>05/12/2014 11:31:36</Date_upd>
      <X>2</X>
      <Y>3</Y>
      <Description>GRENADE</Description>
      <background>0,0,0</background>
      <img />
      <font>255,255,255</font>
      <customerId>1e57a4f8-7234-4c65-b527-35d5c728cfed</customerId>
    </rec>
    <rec>
      <id>8</id>
      <Date_upd>05/12/2014 11:31:41</Date_upd>
      <X>2</X>
      <Y>4</Y>
      <Description>COING</Description>
      <background>0,0,0</background>
      <img />
      <font>255,255,255</font>
      <customerId>16f69598-4498-4fa3-a765-0d9b87ef203f</customerId>
    </rec>
    <rec>
      <id>10</id>
      <Date_upd>05/12/2014 11:31:46</Date_upd>
      <X>2</X>
      <Y>5</Y>
      <Description>CHOUX FRAIS KG</Description>
      <background>0,0,0</background>
      <img />
      <font>255,255,255</font>
      <customerId>8d889144-c1b2-4142-af97-45d7a78d0430</customerId>
    </rec>
    <rec>
      <id>0</id>
      <Date_upd>05/12/2014 11:28:00</Date_upd>
      <X>3</X>
      <Y>0</Y>
      <Description>NOIX COQUE KG</Description>
      <background>0,0,0</background>
      <img />
      <font>255,255,255</font>
      <customerId>adea3dbb-becd-46ac-a8ec-2608f4665174</customerId>
    </rec>
    <rec>
      <id>3</id>
      <Date_upd>05/12/2014 11:28:06</Date_upd>
      <X>3</X>
      <Y>1</Y>
      <Description>NOIX DECORTIQUE KG</Description>
      <background>0,0,0</background>
      <img />
      <font>255,255,255</font>
      <customerId>cd89f6f6-aa0b-47af-bbcb-3f7b5955e1db</customerId>
    </rec>
    <rec>
      <id>6</id>
      <Date_upd>05/12/2014 11:28:11</Date_upd>
      <X>3</X>
      <Y>2</Y>
      <Description>NOISETTE COQUE KG</Description>
      <background>0,0,0</background>
      <img />
      <font>255,255,255</font>
      <customerId>1c157e40-80ed-4f1d-b15a-fd892a565b16</customerId>
    </rec>
    <rec>
      <id>9</id>
      <Date_upd>05/12/2014 11:28:16</Date_upd>
      <X>3</X>
      <Y>3</Y>
      <Description>NOISETTE  BLANC KG</Description>
      <background>0,0,0</background>
      <img />
      <font>255,255,255</font>
      <customerId>99c14d41-33a1-4a4e-9b99-c22da3e4229a</customerId>
    </rec>
    <rec>
      <id>12</id>
      <Date_upd>05/12/2014 11:28:21</Date_upd>
      <X>3</X>
      <Y>4</Y>
      <Description>NOISETTE NOIR KG</Description>
      <background>0,0,0</background>
      <img />
      <font>255,255,255</font>
      <customerId>ed789fa4-4814-40a6-9b67-cef46d9489ac</customerId>
    </rec>
    <rec>
      <id>15</id>
      <Date_upd>05/12/2014 11:28:29</Date_upd>
      <X>3</X>
      <Y>5</Y>
      <Description>AMANDE DECORTIQUE KG</Description>
      <background>0,0,0</background>
      <img />
      <font>255,255,255</font>
      <customerId>9b432686-b1b9-49d2-94e2-c79fe2873f58</customerId>
    </rec>
    <rec>
      <id>0</id>
      <Date_upd>05/12/2014 11:28:34</Date_upd>
      <X>4</X>
      <Y>0</Y>
      <Description>PISTACHE KG</Description>
      <background>0,0,0</background>
      <img />
      <font>255,255,255</font>
      <customerId>85f32fd8-8cd4-461c-80fb-a6c7f73bf665</customerId>
    </rec>
    <rec>
      <id>4</id>
      <Date_upd>18.02.2017 11:24:49</Date_upd>
      <X>4</X>
      <Y>1</Y>
      <Description></Description>
      <background>255,0,0</background>
      <img />
      <font>255,0,0</font>
      <customerId>00000000-0000-0000-0000-000000000000</customerId>
    </rec>
    <rec>
      <id>8</id>
      <Date_upd>05/12/2014 11:28:51</Date_upd>
      <X>4</X>
      <Y>2</Y>
      <Description>ABRICOT SEC KG</Description>
      <background>0,0,0</background>
      <img />
      <font>255,255,255</font>
      <customerId>904786a4-4d24-446f-8a13-c3411c18f489</customerId>
    </rec>
    <rec>
      <id>12</id>
      <Date_upd>05/12/2014 11:28:56</Date_upd>
      <X>4</X>
      <Y>3</Y>
      <Description>DATTES /KG</Description>
      <background>0,0,0</background>
      <img />
      <font>255,255,255</font>
      <customerId>734a9e6e-39ea-494b-aed3-da40206b53d8</customerId>
    </rec>
    <rec>
      <id>16</id>
      <Date_upd>05/12/2014 11:29:01</Date_upd>
      <X>4</X>
      <Y>4</Y>
      <Description>FIGUE SECHE /KG</Description>
      <background>0,0,0</background>
      <img />
      <font>255,255,255</font>
      <customerId>9fb34fba-55eb-4c0d-a714-92a5f80e197d</customerId>
    </rec>
    <rec>
      <id>0</id>
      <Date_upd>18/02/2017 11:18:52</Date_upd>
      <X>5</X>
      <Y>0</Y>
      <Description>BASTOURMA BOEUF ARMENIEN AU KG</Description>
      <background>0,0,0</background>
      <img />
      <font>255,255,255</font>
      <customerId>238bbfe3-fd75-4570-8b63-064ca36ba820</customerId>
    </rec>
    <rec>
      <id>5</id>
      <Date_upd>05/12/2014 11:29:41</Date_upd>
      <X>5</X>
      <Y>1</Y>
      <Description>SOUDJOUK ARMENIEN /KG</Description>
      <background>0,0,0</background>
      <img />
      <font>255,255,255</font>
      <customerId>a8fd6cf5-d8e1-4fb3-a5b2-35137493b79c</customerId>
    </rec>
    <rec>
      <id>10</id>
      <Date_upd>18/02/2017 11:19:09</Date_upd>
      <X>5</X>
      <Y>2</Y>
      <Description></Description>
      <background>255,0,0</background>
      <img />
      <font>255,0,0</font>
      <customerId>00000000-0000-0000-0000-000000000000</customerId>
    </rec>
    <rec>
      <id>15</id>
      <Date_upd>18/02/2017 11:19:13</Date_upd>
      <X>5</X>
      <Y>3</Y>
      <Description></Description>
      <background>255,0,0</background>
      <img />
      <font>255,0,0</font>
      <customerId>00000000-0000-0000-0000-000000000000</customerId>
    </rec>
    <rec>
      <id>20</id>
      <Date_upd>18/02/2017 11:19:17</Date_upd>
      <X>5</X>
      <Y>4</Y>
      <Description></Description>
      <background>255,0,0</background>
      <img />
      <font>255,0,0</font>
      <customerId>00000000-0000-0000-0000-000000000000</customerId>
    </rec>
    <rec>
      <id>25</id>
      <Date_upd>18/02/2017 11:19:21</Date_upd>
      <X>5</X>
      <Y>5</Y>
      <Description></Description>
      <background>255,0,0</background>
      <img />
      <font>255,0,0</font>
      <customerId>00000000-0000-0000-0000-000000000000</customerId>
    </rec>
    <rec>
      <id>0</id>
      <Date_upd>18/02/2017 11:19:50</Date_upd>
      <X>7</X>
      <Y>0</Y>
      <Description>CAPELIN FUMÉ MOIVA AU KG</Description>
      <background>255,0,0</background>
      <img />
      <font>0,0,0</font>
      <customerId>68195304-cb5d-4300-a212-91fcbea740c6</customerId>
    </rec>
    <rec>
      <id>7</id>
      <Date_upd>01/12/2016 09:40:32</Date_upd>
      <X>7</X>
      <Y>1</Y>
      <Description>MAQUEREAU FUMÉ AU KG</Description>
      <background>255,255,255</background>
      <img />
      <font>0,0,0</font>
      <customerId>4796ee86-b7a7-456e-b710-8ba4256628b4</customerId>
    </rec>
    <rec>
      <id>14</id>
      <Date_upd>01/12/2014 12:25:17</Date_upd>
      <X>7</X>
      <Y>2</Y>
      <Description>ESTURGEON FUME /KG</Description>
      <background>220,20,60</background>
      <img />
      <font></font>
      <customerId>692e76b1-e7ee-4e62-b36d-fac10065d2c4</customerId>
    </rec>
    <rec>
      <id>21</id>
      <Date_upd>01/12/2014 13:59:49</Date_upd>
      <X>7</X>
      <Y>3</Y>
      <Description>SAUMON FUME /KG</Description>
      <background>220,20,60</background>
      <img />
      <font></font>
      <customerId>2f9005eb-9b7c-472e-92a2-480355a6534b</customerId>
    </rec>
    <rec>
      <id>28</id>
      <Date_upd>18.02.2017 11:24:33</Date_upd>
      <X>7</X>
      <Y>4</Y>
      <Description></Description>
      <background>255,0,0</background>
      <img />
      <font>255,0,0</font>
      <customerId>00000000-0000-0000-0000-000000000000</customerId>
    </rec>
    <rec>
      <id>35</id>
      <Date_upd>01/12/2014 12:56:52</Date_upd>
      <X>7</X>
      <Y>5</Y>
      <Description>TARAMA KG</Description>
      <background>220,20,60</background>
      <img />
      <font></font>
      <customerId>033a8c0c-9c52-4e88-a0f6-a040736b36f8</customerId>
    </rec>
    <rec>
      <id>30</id>
      <Date_upd>30/11/2016 11:16:10</Date_upd>
      <X>6</X>
      <Y>5</Y>
      <Description>TRUITE ARIDES ET SALÉS</Description>
      <background>0,0,0</background>
      <img />
      <font>255,0,0</font>
      <customerId>9e415695-b861-45b8-9900-0d2d04266bfb</customerId>
    </rec>
    <rec>
      <id>24</id>
      <Date_upd>18/02/2017 11:19:29</Date_upd>
      <X>6</X>
      <Y>4</Y>
      <Description></Description>
      <background>255,0,0</background>
      <img />
      <font>255,0,0</font>
      <customerId>00000000-0000-0000-0000-000000000000</customerId>
    </rec>
    <rec>
      <id>5</id>
      <Date_upd>18/02/2017 11:16:50</Date_upd>
      <X>1</X>
      <Y>5</Y>
      <Description></Description>
      <background>255,0,0</background>
      <img />
      <font>255,0,0</font>
      <customerId>00000000-0000-0000-0000-000000000000</customerId>
    </rec>
    <rec>
      <id>0</id>
      <Date_upd>17/01/2017 13:12:51</Date_upd>
      <X>6</X>
      <Y>0</Y>
      <Description>CUISSE DE POULET AU KG</Description>
      <background>255,255,0</background>
      <img />
      <font>0,0,0</font>
      <customerId>fd0cc36a-cd3c-4aab-bb01-b976e976868f</customerId>
    </rec>
    <rec>
      <id>20</id>
      <Date_upd>28/08/2015 09:59:28</Date_upd>
      <X>4</X>
      <Y>5</Y>
      <Description>ARACHIDE G.S.</Description>
      <background>0,0,0</background>
      <img />
      <font>255,255,255</font>
      <customerId>eed53bdf-b9df-494f-8491-3a474860a318</customerId>
    </rec>
  </_5x2>
  <_0x10>
    <rec>
      <id>0</id>
      <Date_upd>07/12/2014 09:38:06</Date_upd>
      <X>0</X>
      <Y>0</Y>
      <Description>Cafe Noailles N°1</Description>
      <background>0,0,0</background>
      <img />
      <font>255,255,255</font>
      <customerId>73c90d64-c047-4960-b8d1-7d3454368e67</customerId>
    </rec>
    <rec>
      <id>0</id>
      <Date_upd>07/12/2014 09:38:12</Date_upd>
      <X>0</X>
      <Y>1</Y>
      <Description>Cafe Noailles Moka</Description>
      <background>0,0,0</background>
      <img />
      <font>255,255,255</font>
      <customerId>9fcd0342-1444-488c-bffe-07d460f3f251</customerId>
    </rec>
    <rec>
      <id>0</id>
      <Date_upd>07/12/2014 09:38:32</Date_upd>
      <X>0</X>
      <Y>2</Y>
      <Description>Cafe Noailles N°3</Description>
      <background>0,0,0</background>
      <img />
      <font>255,255,255</font>
      <customerId>ffd7a2f4-adf8-437d-a772-5ba67e9b16f7</customerId>
    </rec>
    <rec>
      <id>0</id>
      <Date_upd>07/12/2014 09:38:39</Date_upd>
      <X>0</X>
      <Y>3</Y>
      <Description>Cafe Noailles N°4</Description>
      <background>0,0,0</background>
      <img />
      <font>255,255,255</font>
      <customerId>dd39669d-de67-4d48-a9b3-28bf6b0b4a1b</customerId>
    </rec>
    <rec>
      <id>0</id>
      <Date_upd>07/12/2014 09:38:45</Date_upd>
      <X>0</X>
      <Y>4</Y>
      <Description>Cafe Noailles N°5</Description>
      <background>0,0,0</background>
      <img />
      <font>255,255,255</font>
      <customerId>3ef88342-1f94-4cbd-a4ef-ba3357c5031f</customerId>
    </rec>
    <rec>
      <id>0</id>
      <Date_upd>18.02.2017 11:25:47</Date_upd>
      <X>2</X>
      <Y>0</Y>
      <Description></Description>
      <background>255,0,0</background>
      <img />
      <font>255,0,0</font>
      <customerId>00000000-0000-0000-0000-000000000000</customerId>
    </rec>
    <rec>
      <id>2</id>
      <Date_upd>18.02.2017 11:25:54</Date_upd>
      <X>2</X>
      <Y>1</Y>
      <Description></Description>
      <background>255,0,0</background>
      <img />
      <font>255,0,0</font>
      <customerId>00000000-0000-0000-0000-000000000000</customerId>
    </rec>
    <rec>
      <id>4</id>
      <Date_upd>18.02.2017 11:25:57</Date_upd>
      <X>2</X>
      <Y>2</Y>
      <Description></Description>
      <background>255,0,0</background>
      <img />
      <font>255,0,0</font>
      <customerId>00000000-0000-0000-0000-000000000000</customerId>
    </rec>
    <rec>
      <id>6</id>
      <Date_upd>18.02.2017 11:26:00</Date_upd>
      <X>2</X>
      <Y>3</Y>
      <Description></Description>
      <background>255,0,0</background>
      <img />
      <font>255,0,0</font>
      <customerId>00000000-0000-0000-0000-000000000000</customerId>
    </rec>
    <rec>
      <id>10</id>
      <Date_upd>18.02.2017 11:26:09</Date_upd>
      <X>2</X>
      <Y>5</Y>
      <Description></Description>
      <background>255,0,0</background>
      <img />
      <font>255,0,0</font>
      <customerId>00000000-0000-0000-0000-000000000000</customerId>
    </rec>
    <rec>
      <id>0</id>
      <Date_upd>18.02.2017 11:26:13</Date_upd>
      <X>3</X>
      <Y>0</Y>
      <Description></Description>
      <background>255,0,0</background>
      <img />
      <font>255,0,0</font>
      <customerId>00000000-0000-0000-0000-000000000000</customerId>
    </rec>
    <rec>
      <id>15</id>
      <Date_upd>18.02.2017 11:26:25</Date_upd>
      <X>3</X>
      <Y>5</Y>
      <Description></Description>
      <background>255,0,0</background>
      <img />
      <font>255,0,0</font>
      <customerId>00000000-0000-0000-0000-000000000000</customerId>
    </rec>
    <rec>
      <id>3</id>
      <Date_upd>18.02.2017 11:26:16</Date_upd>
      <X>3</X>
      <Y>1</Y>
      <Description></Description>
      <background>255,0,0</background>
      <img />
      <font>255,0,0</font>
      <customerId>00000000-0000-0000-0000-000000000000</customerId>
    </rec>
    <rec>
      <id>6</id>
      <Date_upd>18.02.2017 11:26:18</Date_upd>
      <X>3</X>
      <Y>2</Y>
      <Description></Description>
      <background>255,0,0</background>
      <img />
      <font>255,0,0</font>
      <customerId>00000000-0000-0000-0000-000000000000</customerId>
    </rec>
    <rec>
      <id>9</id>
      <Date_upd>18.02.2017 11:26:20</Date_upd>
      <X>3</X>
      <Y>3</Y>
      <Description></Description>
      <background>255,0,0</background>
      <img />
      <font>255,0,0</font>
      <customerId>00000000-0000-0000-0000-000000000000</customerId>
    </rec>
    <rec>
      <id>8</id>
      <Date_upd>18.02.2017 11:26:04</Date_upd>
      <X>2</X>
      <Y>4</Y>
      <Description></Description>
      <background>255,0,0</background>
      <img />
      <font>255,0,0</font>
      <customerId>00000000-0000-0000-0000-000000000000</customerId>
    </rec>
    <rec>
      <id>0</id>
      <Date_upd>07/12/2014 09:38:51</Date_upd>
      <X>1</X>
      <Y>0</Y>
      <Description>CHOCOLAT KG</Description>
      <background>0,0,0</background>
      <img />
      <font>255,255,255</font>
      <customerId>34490d7c-28e0-457b-a22a-03c0f7bc59e6</customerId>
    </rec>
    <rec>
      <id>1</id>
      <Date_upd>07/12/2014 09:39:02</Date_upd>
      <X>1</X>
      <Y>1</Y>
      <Description>CHOCOLAT LUX</Description>
      <background>0,0,0</background>
      <img />
      <font>255,255,255</font>
      <customerId>4242d58c-6878-45b0-b717-630f86175d99</customerId>
    </rec>
    <rec>
      <id>2</id>
      <Date_upd>07/12/2014 09:39:07</Date_upd>
      <X>1</X>
      <Y>2</Y>
      <Description>KARAMEL AU KG</Description>
      <background>0,0,0</background>
      <img />
      <font>255,255,255</font>
      <customerId>207fb4ed-dd09-4ea3-8807-2b8965fadd43</customerId>
    </rec>
    <rec>
      <id>3</id>
      <Date_upd>07/12/2014 09:39:13</Date_upd>
      <X>1</X>
      <Y>3</Y>
      <Description>SUCETTE</Description>
      <background>0,0,0</background>
      <img />
      <font>255,255,255</font>
      <customerId>40038f7a-b27d-4007-8988-a955d57dc89a</customerId>
    </rec>
    <rec>
      <id>5</id>
      <Date_upd>18.02.2017 11:26:40</Date_upd>
      <X>5</X>
      <Y>1</Y>
      <Description></Description>
      <background>255,0,0</background>
      <img />
      <font>255,0,0</font>
      <customerId>00000000-0000-0000-0000-000000000000</customerId>
    </rec>
    <rec>
      <id>10</id>
      <Date_upd>18.02.2017 11:26:42</Date_upd>
      <X>5</X>
      <Y>2</Y>
      <Description></Description>
      <background>255,0,0</background>
      <img />
      <font>255,0,0</font>
      <customerId>00000000-0000-0000-0000-000000000000</customerId>
    </rec>
    <rec>
      <id>6</id>
      <Date_upd>18.02.2017 11:26:55</Date_upd>
      <X>6</X>
      <Y>1</Y>
      <Description></Description>
      <background>255,0,0</background>
      <img />
      <font>255,0,0</font>
      <customerId>00000000-0000-0000-0000-000000000000</customerId>
    </rec>
    <rec>
      <id>12</id>
      <Date_upd>18.02.2017 11:26:35</Date_upd>
      <X>4</X>
      <Y>3</Y>
      <Description></Description>
      <background>255,0,0</background>
      <img />
      <font>255,0,0</font>
      <customerId>00000000-0000-0000-0000-000000000000</customerId>
    </rec>
    <rec>
      <id>16</id>
      <Date_upd>31/08/2015 17:55:28</Date_upd>
      <X>4</X>
      <Y>4</Y>
      <Description></Description>
      <background>255,0,0</background>
      <img />
      <font>255,0,0</font>
      <customerId>00000000-0000-0000-0000-000000000000</customerId>
    </rec>
    <rec>
      <id>15</id>
      <Date_upd>18.02.2017 11:26:44</Date_upd>
      <X>5</X>
      <Y>3</Y>
      <Description></Description>
      <background>255,0,0</background>
      <img />
      <font>255,0,0</font>
      <customerId>00000000-0000-0000-0000-000000000000</customerId>
    </rec>
    <rec>
      <id>20</id>
      <Date_upd>18.02.2017 11:26:37</Date_upd>
      <X>4</X>
      <Y>5</Y>
      <Description></Description>
      <background>255,0,0</background>
      <img />
      <font>255,0,0</font>
      <customerId>00000000-0000-0000-0000-000000000000</customerId>
    </rec>
    <rec>
      <id>20</id>
      <Date_upd>18.02.2017 11:26:47</Date_upd>
      <X>5</X>
      <Y>4</Y>
      <Description></Description>
      <background>255,0,0</background>
      <img />
      <font>255,0,0</font>
      <customerId>00000000-0000-0000-0000-000000000000</customerId>
    </rec>
    <rec>
      <id>18</id>
      <Date_upd>18.02.2017 11:26:52</Date_upd>
      <X>6</X>
      <Y>3</Y>
      <Description></Description>
      <background>255,0,0</background>
      <img />
      <font>255,0,0</font>
      <customerId>00000000-0000-0000-0000-000000000000</customerId>
    </rec>
    <rec>
      <id>0</id>
      <Date_upd>05/08/2016 10:49:45</Date_upd>
      <X>0</X>
      <Y>5</Y>
      <Description>CAFÉ PREMIUM 100% ARABICA 250G</Description>
      <background>0,0,0</background>
      <img />
      <font>0,0,255</font>
      <customerId>9a213b6e-8cdc-47e7-bad8-09f300f46b5c</customerId>
    </rec>
    <rec>
      <id>5</id>
      <Date_upd>05/08/2016 10:49:54</Date_upd>
      <X>1</X>
      <Y>5</Y>
      <Description>CAFÉ ROBUSTA/ARABICA 6/4 250G</Description>
      <background>0,0,0</background>
      <img />
      <font>255,0,0</font>
      <customerId>f9e3942d-798d-4d94-9d57-6b020b20cd96</customerId>
    </rec>
    <rec>
      <id>35</id>
      <Date_upd>18.02.2017 11:26:50</Date_upd>
      <X>7</X>
      <Y>5</Y>
      <Description></Description>
      <background>255,0,0</background>
      <img />
      <font>255,0,0</font>
      <customerId>00000000-0000-0000-0000-000000000000</customerId>
    </rec>
    <rec>
      <id>0</id>
      <Date_upd>18.02.2017 11:26:29</Date_upd>
      <X>4</X>
      <Y>0</Y>
      <Description></Description>
      <background>255,0,0</background>
      <img />
      <font>255,0,0</font>
      <customerId>00000000-0000-0000-0000-000000000000</customerId>
    </rec>
  </_0x10>
</GridProduct>