﻿<?xml version="1.0" encoding="utf-8"?>
<Palettes>
  <Palette>
    <Group Name="Divers" ID="1" />
    <SubGroup Name="Divers" ID="3" />
  </Palette>
  <Palette>
    <Group Name="Fruits &amp; Légumes" ID="2" />
    <SubGroup Name="Légumes frais" ID="13" />
    <SubGroup Name="Fruits frais" ID="14" />
    <SubGroup Name="Soupes fraiches" ID="15" />
    <SubGroup Name="Purées fraiches" ID="16" />
    <SubGroup Name="Fruits secs" ID="17" />
  </Palette>
  <Palette>
    <Group Name="Boucherie &amp; Volaille" ID="3" />
    <SubGroup Name="Brochettes, Saucisses" ID="18" />
    <SubGroup Name="Boeuf" ID="19" />
    <SubGroup Name="Porc, Veau, Agneau" ID="20" />
    <SubGroup Name="Poulet, Dinde, Lapin" ID="21" />
    <SubGroup Name="Magret, Gésier, confit" ID="22" />
    <SubGroup Name="Cordon bleu, Nuggets, Manchon" ID="23" />
  </Palette>
  <Palette>
    <Group Name="Produits de la mer" ID="4" />
    <SubGroup Name="Anchois, Poisson mariné" ID="24" />
    <SubGroup Name="Coquillages &amp; crustacés" ID="25" />
    <SubGroup Name="Tarama, Rillette de poisson" ID="26" />
    <SubGroup Name="Poisson nature" ID="27" />
    <SubGroup Name="Poisson fumé" ID="28" />
    <SubGroup Name="Poisson préparé" ID="29" />
    <SubGroup Name="Soupe, sauce, citron" ID="30" />
    <SubGroup Name="Surimi" ID="31" />
    <SubGroup Name="Poisson séché" ID="1011" />
    <SubGroup Name="Caviar" ID="1012" />
  </Palette>
  <Palette>
    <Group Name="Charcuterie &amp; Traiteur" ID="5" />
    <SubGroup Name="Saucisse, saucisson" ID="32" />
    <SubGroup Name="Foie gras, terrine, pâté" ID="33" />
    <SubGroup Name="Jambon cuit, blanc" ID="34" />
    <SubGroup Name="Charcuterie de volaille" ID="35" />
    <SubGroup Name="Lardon, Bécon" ID="36" />
    <SubGroup Name="Plats cuisinés" ID="37" />
    <SubGroup Name="Traiteur" ID="38" />
    <SubGroup Name="Crudité, Salade" ID="1006" />
    <SubGroup Name="Gelée de viande" ID="1013" />
  </Palette>
  <Palette>
    <Group Name="Crémerie" ID="6" />
    <SubGroup Name="Beurre, margarine" ID="39" />
    <SubGroup Name="Crème" ID="40" />
    <SubGroup Name="Fromage" ID="41" />
    <SubGroup Name="Lait" ID="42" />
    <SubGroup Name="Oeuf" ID="43" />
    <SubGroup Name="Sauce" ID="44" />
  </Palette>
  <Palette>
    <Group Name="Surgelés" ID="7" />
    <SubGroup Name="Légume, Pomme de terre" ID="49" />
    <SubGroup Name="Hamburger, Quiche, Pizza" ID="50" />
    <SubGroup Name="Plats cuisinés" ID="51" />
    <SubGroup Name="Produits de la mer" ID="52" />
    <SubGroup Name="Viande, Volaille" ID="53" />
    <SubGroup Name="Glace, Dessert" ID="54" />
    <SubGroup Name="Fruits" ID="1010" />
  </Palette>
  <Palette>
    <Group Name="Epicerie salée" ID="8" />
    <SubGroup Name="Conserve, Plat cuisiné" ID="55" />
    <SubGroup Name="Huile, Vinaigre, Assaisonnement" ID="56" />
    <SubGroup Name="Pâte, Riz, Purée" ID="57" />
    <SubGroup Name="Produit apéritif" ID="58" />
    <SubGroup Name="Sauce, Condiment, Bouillon" ID="59" />
    <SubGroup Name="Epicerie fine" ID="60" />
    <SubGroup Name="Salaison" ID="78" />
    <SubGroup Name="Légume sec, Semoule, Blé" ID="80" />
    <SubGroup Name="Soupe instantannée" ID="81" />
    <SubGroup Name="Epices" ID="85" />
  </Palette>
  <Palette>
    <Group Name="Epicerie sucrée" ID="9" />
    <SubGroup Name="Biscuit, Gâteau" ID="61" />
    <SubGroup Name="Chocolat" ID="62" />
    <SubGroup Name="Confiserie" ID="63" />
    <SubGroup Name="Compote, Dessert" ID="64" />
    <SubGroup Name="Farine, Sucre" ID="65" />
    <SubGroup Name="Aide à la pâtisserie" ID="66" />
    <SubGroup Name="Petit-déjeuner" ID="67" />
    <SubGroup Name="Diététique" ID="68" />
    <SubGroup Name="Produits sans gluten" ID="69" />
    <SubGroup Name="Epicerie Fine" ID="70" />
    <SubGroup Name="Pâte à tartiner, Miel" ID="1015" />
    <SubGroup Name="Biscotte, Tartine " ID="1016" />
    <SubGroup Name="Bonbons" ID="1017" />
    <SubGroup Name="Confitures" ID="1018" />
    <SubGroup Name="Chewing gum" ID="1020" />
    <SubGroup Name="Halva" ID="1026" />
  </Palette>
  <Palette>
    <Group Name="Pain &amp; Viennoiserie" ID="10" />
    <SubGroup Name="Brioche, Pains au lait" ID="71" />
    <SubGroup Name="Pain, Baguette" ID="72" />
  </Palette>
  <Palette>
    <Group Name="Boissons" ID="11" />
    <SubGroup Name="Eau" ID="73" />
    <SubGroup Name="Jus de Fruits" ID="74" />
    <SubGroup Name="Sirop" ID="75" />
    <SubGroup Name="Panachés" ID="76" />
    <SubGroup Name="Boissons lactées" ID="77" />
    <SubGroup Name="Boissons gazeuses" ID="82" />
    <SubGroup Name="Café, Chicorée" ID="83" />
    <SubGroup Name="Thé, Infusion" ID="84" />
    <SubGroup Name="Boisson non gazeuse" ID="1019" />
  </Palette>
  <Palette>
    <Group Name="Vins &amp; Spiritueux" ID="12" />
    <SubGroup Name="Vodka" ID="5" />
    <SubGroup Name="Champagne / Vin mousseux" ID="6" />
    <SubGroup Name="Cognac, Brandy, Armagnac" ID="7" />
    <SubGroup Name="Martini" ID="8" />
    <SubGroup Name="Vin" ID="9" />
    <SubGroup Name="Whisky" ID="10" />
    <SubGroup Name="Champagne" ID="11" />
    <SubGroup Name="Mousseux, Crémants" ID="12" />
    <SubGroup Name="Bière " ID="79" />
    <SubGroup Name="Autres boissons alcoolisées" ID="1014" />
  </Palette>
  <Palette>
    <Group Name="Yaourt &amp; Dessert frais" ID="13" />
    <SubGroup Name="Compote fraîche" ID="45" />
    <SubGroup Name="Dessert" ID="46" />
    <SubGroup Name="Fromage blanc, Faisselle" ID="47" />
    <SubGroup Name="Yaourt" ID="48" />
  </Palette>
  <Palette>
    <Group Name="Entretien &amp; Maison" ID="14" />
    <SubGroup Name="Papier alu, Film" ID="1007" />
    <SubGroup Name="Vaisselle jetable" ID="1008" />
    <SubGroup Name="Poêle, Casserole, Moule" ID="1009" />
    <SubGroup Name="Vaisselle" ID="1021" />
    <SubGroup Name="Pile, Ampoule" ID="1022" />
    <SubGroup Name="Petit Electroménager" ID="1023" />
    <SubGroup Name="Ustensiles de cuisine" ID="1024" />
    <SubGroup Name="Jeux" ID="1025" />
    <SubGroup Name="Hygiène &amp; Beauté" ID="1027" />
    <SubGroup Name="Produit ménager " ID="1029" />
  </Palette>
  <Palette>
    <Group Name="Fêtes" ID="15" />
    <SubGroup Name="Pâques" ID="1028" />
  </Palette>
</Palettes>