<InfoClientsDiscountsData>
  <rec>
    <Id>0</Id>
    <Name>BAL0                </Name>
    <Type>0</Type>
    <Value>0</Value>
    <Description>Prix normal d'establishment</Description>
  </rec>
  <rec>
    <Id>1</Id>
    <Name>BAL1                </Name>
    <Type>1</Type>
    <Value>20</Value>
    <Description>20% sur pris GROS</Description>
  </rec>
  <rec>
    <Id>2</Id>
    <Name>BAL2                </Name>
    <Type>1</Type>
    <Value>15</Value>
    <Description>15% sur pris GROS</Description>
  </rec>
  <rec>
    <Id>3</Id>
    <Name>BAL3                </Name>
    <Type>1</Type>
    <Value>10</Value>
    <Description>10% sur pris GROS</Description>
  </rec>
  <rec>
    <Id>4</Id>
    <Name>BAL4                </Name>
    <Type>1</Type>
    <Value>5</Value>
    <Description>5% sur pris GROS</Description>
  </rec>
  <rec>
    <Id>5</Id>
    <Name>BAL5                </Name>
    <Type>1</Type>
    <Value>0</Value>
    <Description>Prix de GROS</Description>
  </rec>
</InfoClientsDiscountsData>