<LastUpdates>
  <rec>
    <CustomerId>0ec53a69-5ec5-4fe8-b369-4f346e128cf1</CustomerId>
    <NameTicket>Caisse 1</NameTicket>
    <Upd>false</Upd>
    <LastDate>2017-02-01T15:29:27+01:00</LastDate>
    <User>Karo</User>
    <IdEstablishment>e27d5a4d-d6d3-4ee5-810b-f95b32e0bb93</IdEstablishment>
  </rec>
  <rec>
    <CustomerId>0bd63768-aa6f-4f71-abdb-570264a45001</CustomerId>
    <NameTicket>Caisse 1</NameTicket>
    <Upd>true</Upd>
    <LastDate>2017-02-01T18:53:17.8505204+01:00</LastDate>
    <User>Karo</User>
    <IdEstablishment>e27d5a4d-d6d3-4ee5-810b-f95b32e0bb93</IdEstablishment>
  </rec>
  <rec>
    <CustomerId>0bd63768-aa6f-4f71-abdb-570264a45003</CustomerId>
    <NameTicket>Caisse 2</NameTicket>
    <Upd>false</Upd>
    <LastDate>2016-09-15T13:17:08+02:00</LastDate>
    <User>Vazgen</User>
    <IdEstablishment>e27d5a4d-d6d3-4ee5-810b-f95b32e0bb93</IdEstablishment>
  </rec>
  <rec>
    <CustomerId>462610cd-4439-414f-b73b-65a46e7509a2</CustomerId>
    <NameTicket>Bureau Vazgen 3</NameTicket>
    <Upd>false</Upd>
    <LastDate>2015-04-20T19:20:14+02:00</LastDate>
    <User>Vazgen</User>
    <IdEstablishment>e27d5a4d-d6d3-4ee5-810b-f95b32e0bb93</IdEstablishment>
  </rec>
  <rec>
    <CustomerId>41d35cad-f289-4713-9fd2-6d1365276d6d</CustomerId>
    <NameTicket>Caisse 1</NameTicket>
    <Upd>false</Upd>
    <LastDate>2016-08-24T09:14:01+02:00</LastDate>
    <User>Caissier</User>
    <IdEstablishment>42e89ba9-1012-4327-95f9-40712e232849</IdEstablishment>
  </rec>
  <rec>
    <CustomerId>7f169775-82c7-438c-a3c2-aafa7b70d2e6</CustomerId>
    <NameTicket>Caisse 2</NameTicket>
    <Upd>false</Upd>
    <LastDate>2017-01-15T11:31:10+01:00</LastDate>
    <User>User</User>
    <IdEstablishment>e27d5a4d-d6d3-4ee5-810b-f95b32e0bb93</IdEstablishment>
  </rec>
  <rec>
    <CustomerId>ae452bbf-6495-4f48-aef8-e56f73b7a37e</CustomerId>
    <NameTicket>Bureau</NameTicket>
    <Upd>false</Upd>
    <LastDate>2014-12-01T16:18:04+01:00</LastDate>
    <User>Vahag</User>
    <IdEstablishment>42e89ba9-1012-4327-95f9-40712e232849</IdEstablishment>
  </rec>
  <rec>
    <CustomerId>cf1a1661-e2a7-45f3-b3d2-f055b51e2910</CustomerId>
    <NameTicket>Caisse 1</NameTicket>
    <Upd>false</Upd>
    <LastDate>2015-04-26T20:46:29</LastDate>
    <User>Test</User>
    <IdEstablishment>e27d5a4d-d6d3-4ee5-810b-f95b32e0bb93</IdEstablishment>
  </rec>
  <rec>
    <CustomerId>cf1a1661-e2a7-45f3-b3d2-f055b51e2912</CustomerId>
    <NameTicket>Caisse 2</NameTicket>
    <Upd>false</Upd>
    <LastDate>2017-02-01T10:55:25+01:00</LastDate>
    <User>Vazgen</User>
    <IdEstablishment>e27d5a4d-d6d3-4ee5-810b-f95b32e0bb93</IdEstablishment>
  </rec>
</LastUpdates>