<OpenTicketWindows>
  <rec>
    <CustomerId>169304f8-3f02-414c-b38a-7994b7b39c5f</CustomerId>
    <IdTicketWindow>be0a7686-3b87-49fc-87e7-c1aa03ab07e9</IdTicketWindow>
    <NameTicket>Caisse 1</NameTicket>
    <User>USER-MASSIS</User>
    <NumberTicket>1</NumberTicket>
    <IsOpen>true</IsOpen>
    <DateOpen>2017-02-18T12:19:01.4965052+01:00</DateOpen>
    <IdTicketWindowG>5f1d66b2-69a9-45e4-8874-5305bbe60d5c</IdTicketWindowG>
    <EstablishmentCustomerId>e27d5a4d-d6d3-4ee5-810b-f95b32e0bb93</EstablishmentCustomerId>
  </rec>
</OpenTicketWindows>