<PayProducts>
  <rec>
    <IdCheckTicket>846d3459-9ee1-48ce-b593-63d31c0d4d0b</IdCheckTicket>
    <ProductId>8d6ea0b5-003b-4ae6-b340-e73aa0342bb6</ProductId>
    <Name>DIVERS 5,5%</Name>
    <Barcode>[]</Barcode>
    <Qty>1</Qty>
    <Tva>5.5</Tva>
    <PriceHt>10</PriceHt>
    <Total>10</Total>
    <ChecksTicketCustomerId>8f966e86-55f8-4201-9e5b-955b8eda924a</ChecksTicketCustomerId>
    <ChecksTicketCloseTicketCustomerId>b514c12e-4d8a-4ff9-8de5-c2c9870a3e18</ChecksTicketCloseTicketCustomerId>
    <Discount>0.0</Discount>
    <SumDiscount>0</SumDiscount>
  </rec>
  <rec>
    <IdCheckTicket>601a9ebb-f3d3-4d59-aee1-9f58ba902f67</IdCheckTicket>
    <ProductId>8d6ea0b5-003b-4ae6-b340-e73aa0342bb6</ProductId>
    <Name>DIVERS 5,5%</Name>
    <Barcode>[]</Barcode>
    <Qty>1</Qty>
    <Tva>5.5</Tva>
    <PriceHt>20</PriceHt>
    <Total>20</Total>
    <ChecksTicketCustomerId>9d8fd1cb-e641-43c7-bfb6-935afb3c1473</ChecksTicketCustomerId>
    <ChecksTicketCloseTicketCustomerId>b514c12e-4d8a-4ff9-8de5-c2c9870a3e18</ChecksTicketCloseTicketCustomerId>
    <Discount>0</Discount>
    <SumDiscount>0</SumDiscount>
  </rec>
  <rec>
    <IdCheckTicket>f0a1cba2-18c5-4f10-a85e-a4fef565eec4</IdCheckTicket>
    <ProductId>8d6ea0b5-003b-4ae6-b340-e73aa0342bb6</ProductId>
    <Name>DIVERS 5,5%</Name>
    <Barcode>[]</Barcode>
    <Qty>1</Qty>
    <Tva>5.5</Tva>
    <PriceHt>30</PriceHt>
    <Total>30</Total>
    <ChecksTicketCustomerId>13601634-26e0-487b-b385-512c73e8534c</ChecksTicketCustomerId>
    <ChecksTicketCloseTicketCustomerId>b514c12e-4d8a-4ff9-8de5-c2c9870a3e18</ChecksTicketCloseTicketCustomerId>
    <Discount>0</Discount>
    <SumDiscount>0</SumDiscount>
  </rec>
  <rec>
    <IdCheckTicket>ac4c328e-0a56-4b82-ae90-5ac70501d54f</IdCheckTicket>
    <ProductId>8d6ea0b5-003b-4ae6-b340-e73aa0342bb6</ProductId>
    <Name>DIVERS 5,5%</Name>
    <Barcode>[]</Barcode>
    <Qty>1</Qty>
    <Tva>5.5</Tva>
    <PriceHt>50</PriceHt>
    <Total>50</Total>
    <ChecksTicketCustomerId>c02187e0-5baa-46f6-be47-4bba1686c051</ChecksTicketCustomerId>
    <ChecksTicketCloseTicketCustomerId>b514c12e-4d8a-4ff9-8de5-c2c9870a3e18</ChecksTicketCloseTicketCustomerId>
    <Discount>0</Discount>
    <SumDiscount>0</SumDiscount>
  </rec>
  <rec>
    <IdCheckTicket>65050676-4d5e-4279-847d-a387c9663f5b</IdCheckTicket>
    <ProductId>aa553a84-ed26-4b6e-a591-5e488cc942fe</ProductId>
    <Name>DIVERS 20%</Name>
    <Barcode>[]</Barcode>
    <Qty>1</Qty>
    <Tva>20</Tva>
    <PriceHt>10</PriceHt>
    <Total>10</Total>
    <ChecksTicketCustomerId>830dd693-cce3-427a-96b4-80e41d83689e</ChecksTicketCustomerId>
    <ChecksTicketCloseTicketCustomerId>b514c12e-4d8a-4ff9-8de5-c2c9870a3e18</ChecksTicketCloseTicketCustomerId>
    <Discount>0</Discount>
    <SumDiscount>0</SumDiscount>
  </rec>
  <rec>
    <IdCheckTicket>b22b8342-ddec-4829-abf9-25b51206c3a4</IdCheckTicket>
    <ProductId>aa553a84-ed26-4b6e-a591-5e488cc942fe</ProductId>
    <Name>DIVERS 20%</Name>
    <Barcode>[]</Barcode>
    <Qty>1</Qty>
    <Tva>20</Tva>
    <PriceHt>20</PriceHt>
    <Total>20</Total>
    <ChecksTicketCustomerId>7cc49b17-3489-4fb1-b71a-f41ecf8d1200</ChecksTicketCustomerId>
    <ChecksTicketCloseTicketCustomerId>b514c12e-4d8a-4ff9-8de5-c2c9870a3e18</ChecksTicketCloseTicketCustomerId>
    <Discount>0</Discount>
    <SumDiscount>0</SumDiscount>
  </rec>
  <rec>
    <IdCheckTicket>77b19187-39b7-4e7f-9e5e-4e360e4dd1ff</IdCheckTicket>
    <ProductId>aa553a84-ed26-4b6e-a591-5e488cc942fe</ProductId>
    <Name>DIVERS 20%</Name>
    <Barcode>[]</Barcode>
    <Qty>1</Qty>
    <Tva>20</Tva>
    <PriceHt>30</PriceHt>
    <Total>30</Total>
    <ChecksTicketCustomerId>9d38fb81-0b6c-4771-82ff-0923c5c99704</ChecksTicketCustomerId>
    <ChecksTicketCloseTicketCustomerId>b514c12e-4d8a-4ff9-8de5-c2c9870a3e18</ChecksTicketCloseTicketCustomerId>
    <Discount>0</Discount>
    <SumDiscount>0</SumDiscount>
  </rec>
  <rec>
    <IdCheckTicket>1caa452e-2514-4746-9fa3-45a4d63164ec</IdCheckTicket>
    <ProductId>aa553a84-ed26-4b6e-a591-5e488cc942fe</ProductId>
    <Name>DIVERS 20%</Name>
    <Barcode>[]</Barcode>
    <Qty>1</Qty>
    <Tva>20</Tva>
    <PriceHt>40</PriceHt>
    <Total>40</Total>
    <ChecksTicketCustomerId>9f647554-23bb-494a-9268-2016c84f54ea</ChecksTicketCustomerId>
    <ChecksTicketCloseTicketCustomerId>b514c12e-4d8a-4ff9-8de5-c2c9870a3e18</ChecksTicketCloseTicketCustomerId>
    <Discount>0</Discount>
    <SumDiscount>0</SumDiscount>
  </rec>
  <rec>
    <IdCheckTicket>4ce093dd-a8a6-4afe-8000-0340cd5b8f57</IdCheckTicket>
    <ProductId>26312204-c1b9-47d7-95f6-740f46fd687f</ProductId>
    <Name>SEMOULE  1KG</Name>
    <Barcode>[218]</Barcode>
    <Qty>1</Qty>
    <Tva>5.5</Tva>
    <PriceHt>1.70</PriceHt>
    <Total>1.7</Total>
    <ChecksTicketCustomerId>49156846-768c-45e6-895c-00ea76793a66</ChecksTicketCustomerId>
    <ChecksTicketCloseTicketCustomerId>b514c12e-4d8a-4ff9-8de5-c2c9870a3e18</ChecksTicketCloseTicketCustomerId>
    <Discount>0</Discount>
    <SumDiscount>0</SumDiscount>
  </rec>
</PayProducts>