﻿<?xml version="1.0" encoding="utf-8"?>
<ProDiscounts>
  <rec>
    <CustomerId>f0f226fd-42b1-43a4-ae73-01906ad9181b</CustomerId>
    <CustomerIdInfoClients>f188f5d8-c777-49f6-b8df-0ca124102e7e</CustomerIdInfoClients>
    <IdInfoClientsDiscountsType>5</IdInfoClientsDiscountsType>
  </rec>
  <rec>
    <CustomerId>71ab2526-2530-4aae-8b60-03b1d53fa284</CustomerId>
    <CustomerIdInfoClients>21dcf50e-3bd8-469f-9e30-8c72641ee9ee</CustomerIdInfoClients>
    <IdInfoClientsDiscountsType>5</IdInfoClientsDiscountsType>
  </rec>
  <rec>
    <CustomerId>55331258-4ea6-40a0-af15-0abcbb07d7a9</CustomerId>
    <CustomerIdInfoClients>d7f1d311-75e2-4e18-8b04-1164de374278</CustomerIdInfoClients>
    <IdInfoClientsDiscountsType>5</IdInfoClientsDiscountsType>
  </rec>
  <rec>
    <CustomerId>b0c7fa84-84b0-4ce8-aea1-0ea7f7d67433</CustomerId>
    <CustomerIdInfoClients>1c3bd504-4cd0-4b30-afdc-7f733141314e</CustomerIdInfoClients>
    <IdInfoClientsDiscountsType>5</IdInfoClientsDiscountsType>
  </rec>
  <rec>
    <CustomerId>b9e3a4a0-c9bc-40a9-a75f-111455ae4ee8</CustomerId>
    <CustomerIdInfoClients>e9c12b0d-ffbb-4998-ad39-4ba82a0bd391</CustomerIdInfoClients>
    <IdInfoClientsDiscountsType>3</IdInfoClientsDiscountsType>
  </rec>
  <rec>
    <CustomerId>177142a1-3ee0-481b-93f3-15addba69d7c</CustomerId>
    <CustomerIdInfoClients>4813e68a-437c-443a-99ba-c6969c271c98</CustomerIdInfoClients>
    <IdInfoClientsDiscountsType>5</IdInfoClientsDiscountsType>
  </rec>
  <rec>
    <CustomerId>093d1c58-c0f3-4e82-94f4-1d634894c346</CustomerId>
    <CustomerIdInfoClients>47b33649-214e-4bae-a6b0-d358ce343338</CustomerIdInfoClients>
    <IdInfoClientsDiscountsType>5</IdInfoClientsDiscountsType>
  </rec>
  <rec>
    <CustomerId>c5a0297d-1412-4205-a63d-1f9c36e878f7</CustomerId>
    <CustomerIdInfoClients>ab653e82-8aa6-4f1f-91b1-15de5c6a2bfc</CustomerIdInfoClients>
    <IdInfoClientsDiscountsType>5</IdInfoClientsDiscountsType>
  </rec>
  <rec>
    <CustomerId>a169d504-9082-4386-81b3-21d79d28ff48</CustomerId>
    <CustomerIdInfoClients>c732b3c2-b484-4859-a947-32d988759282</CustomerIdInfoClients>
    <IdInfoClientsDiscountsType>5</IdInfoClientsDiscountsType>
  </rec>
  <rec>
    <CustomerId>c6abdcbf-1073-402c-9c02-27e47ccaf7e2</CustomerId>
    <CustomerIdInfoClients>13c10cbb-e7a2-4549-9327-27d1e29f0702</CustomerIdInfoClients>
    <IdInfoClientsDiscountsType>5</IdInfoClientsDiscountsType>
  </rec>
  <rec>
    <CustomerId>473e1823-6f8a-4c06-8749-2a0b71beb245</CustomerId>
    <CustomerIdInfoClients>01ac67ca-2d9c-4be3-ab6d-2dc01df3ef9e</CustomerIdInfoClients>
    <IdInfoClientsDiscountsType>5</IdInfoClientsDiscountsType>
  </rec>
  <rec>
    <CustomerId>8ab9fa8a-6864-45ea-8bb4-312bf4438505</CustomerId>
    <CustomerIdInfoClients>d2db8700-c9f7-45e8-aee7-409ac5839b53</CustomerIdInfoClients>
    <IdInfoClientsDiscountsType>5</IdInfoClientsDiscountsType>
  </rec>
  <rec>
    <CustomerId>ca2e4912-3566-433d-8f47-31ebd5e1bf8f</CustomerId>
    <CustomerIdInfoClients>c7699d54-6e21-48c0-9314-aa92ecbd3100</CustomerIdInfoClients>
    <IdInfoClientsDiscountsType>3</IdInfoClientsDiscountsType>
  </rec>
  <rec>
    <CustomerId>971fe77b-2c5a-4221-b485-32e5578221cb</CustomerId>
    <CustomerIdInfoClients>f1d0cddb-b06b-4f74-9804-c1f1c0b10c7b</CustomerIdInfoClients>
    <IdInfoClientsDiscountsType>5</IdInfoClientsDiscountsType>
  </rec>
  <rec>
    <CustomerId>7509b6ef-68a6-44c2-a3aa-529b7531465b</CustomerId>
    <CustomerIdInfoClients>d9768431-f1df-4331-a09f-de8a3a7c5f05</CustomerIdInfoClients>
    <IdInfoClientsDiscountsType>5</IdInfoClientsDiscountsType>
  </rec>
  <rec>
    <CustomerId>56f12031-a6ac-43ba-b5ba-5bd5be69cb93</CustomerId>
    <CustomerIdInfoClients>7ebee459-be43-4ef5-bdd2-74d49b6e86d1</CustomerIdInfoClients>
    <IdInfoClientsDiscountsType>5</IdInfoClientsDiscountsType>
  </rec>
  <rec>
    <CustomerId>b4de77ef-c2de-4416-85f3-5f3898db47d2</CustomerId>
    <CustomerIdInfoClients>88113a79-0255-4f59-9e09-2b7d10ac9a6f</CustomerIdInfoClients>
    <IdInfoClientsDiscountsType>3</IdInfoClientsDiscountsType>
  </rec>
  <rec>
    <CustomerId>74a428e6-339d-49d7-8a00-610f82d880e2</CustomerId>
    <CustomerIdInfoClients>79244cc5-b76a-4baa-9772-e1deb2882558</CustomerIdInfoClients>
    <IdInfoClientsDiscountsType>5</IdInfoClientsDiscountsType>
  </rec>
  <rec>
    <CustomerId>73c3d283-3793-41e2-bd92-64c52786012e</CustomerId>
    <CustomerIdInfoClients>07efb40a-bbc0-479c-9cdf-021a7bf0f06e</CustomerIdInfoClients>
    <IdInfoClientsDiscountsType>3</IdInfoClientsDiscountsType>
  </rec>
  <rec>
    <CustomerId>7c831d1e-a7ee-4020-9bf3-65c9a4ebd088</CustomerId>
    <CustomerIdInfoClients>c70866fb-1c5c-4c3b-8102-e4105e8576f8</CustomerIdInfoClients>
    <IdInfoClientsDiscountsType>5</IdInfoClientsDiscountsType>
  </rec>
  <rec>
    <CustomerId>4c1bc3eb-65e9-4715-b329-725e552dd5c7</CustomerId>
    <CustomerIdInfoClients>10e4a867-1d43-4dc5-a35d-86f555f0a908</CustomerIdInfoClients>
    <IdInfoClientsDiscountsType>5</IdInfoClientsDiscountsType>
  </rec>
  <rec>
    <CustomerId>a2cd960d-97c6-48b3-a1a7-7337e9848911</CustomerId>
    <CustomerIdInfoClients>87da7ba2-5e52-4d31-8def-5a2dad508e94</CustomerIdInfoClients>
    <IdInfoClientsDiscountsType>5</IdInfoClientsDiscountsType>
  </rec>
  <rec>
    <CustomerId>3da63cbb-4ee2-40cb-98b7-7acfdd1d7f25</CustomerId>
    <CustomerIdInfoClients>97f2fa4f-3540-4c67-81aa-e6583b4f7f19</CustomerIdInfoClients>
    <IdInfoClientsDiscountsType>3</IdInfoClientsDiscountsType>
  </rec>
  <rec>
    <CustomerId>d3c42f3a-1116-4443-a295-7cf2a4838162</CustomerId>
    <CustomerIdInfoClients>07a1cf3b-2808-46c6-883a-d3c45a4f6568</CustomerIdInfoClients>
    <IdInfoClientsDiscountsType>5</IdInfoClientsDiscountsType>
  </rec>
  <rec>
    <CustomerId>f4afa63f-c677-4beb-8921-7d683b7719c4</CustomerId>
    <CustomerIdInfoClients>f8ea42ce-98c8-43a3-9ca3-05760dc762ca</CustomerIdInfoClients>
    <IdInfoClientsDiscountsType>5</IdInfoClientsDiscountsType>
  </rec>
  <rec>
    <CustomerId>6127e68d-d1e2-4e6b-ab31-7fe4be762ffc</CustomerId>
    <CustomerIdInfoClients>6e679758-e89b-4d27-a0dd-a0c100b814ed</CustomerIdInfoClients>
    <IdInfoClientsDiscountsType>5</IdInfoClientsDiscountsType>
  </rec>
  <rec>
    <CustomerId>27767441-22d4-45fc-9159-8f024fedda3b</CustomerId>
    <CustomerIdInfoClients>27767441-22d4-45fc-9159-8f024fedda3b</CustomerIdInfoClients>
    <IdInfoClientsDiscountsType>5</IdInfoClientsDiscountsType>
  </rec>
  <rec>
    <CustomerId>13f2c07e-c4c7-4e7e-ac99-8f77b93e4a8f</CustomerId>
    <CustomerIdInfoClients>a4f453b1-0cc0-489e-a75d-5de5c0cacce9</CustomerIdInfoClients>
    <IdInfoClientsDiscountsType>5</IdInfoClientsDiscountsType>
  </rec>
  <rec>
    <CustomerId>c59b8aca-9b13-48b7-ad5c-8f8a3c3e3c69</CustomerId>
    <CustomerIdInfoClients>eec4ed00-111e-4a6b-ad22-ec3eb094cc46</CustomerIdInfoClients>
    <IdInfoClientsDiscountsType>2</IdInfoClientsDiscountsType>
  </rec>
  <rec>
    <CustomerId>a6b1385f-ebcc-4ef1-bc03-9020eeda34c0</CustomerId>
    <CustomerIdInfoClients>051becd4-b84d-46ae-8409-35fb33599bb7</CustomerIdInfoClients>
    <IdInfoClientsDiscountsType>5</IdInfoClientsDiscountsType>
  </rec>
  <rec>
    <CustomerId>ce3d4019-614f-4b45-b388-91e74b351a72</CustomerId>
    <CustomerIdInfoClients>0da4d6ac-3675-41b7-b0cf-3e209469c641</CustomerIdInfoClients>
    <IdInfoClientsDiscountsType>5</IdInfoClientsDiscountsType>
  </rec>
  <rec>
    <CustomerId>44794e3e-8c7c-48ed-87de-9cbdcfc216bd</CustomerId>
    <CustomerIdInfoClients>3d933e47-a575-4b5d-a593-989153ab598f</CustomerIdInfoClients>
    <IdInfoClientsDiscountsType>5</IdInfoClientsDiscountsType>
  </rec>
  <rec>
    <CustomerId>f00d39a9-b8bf-4e97-9a75-9e1384a33fa2</CustomerId>
    <CustomerIdInfoClients>e36a453e-1942-4643-a825-b79dd2b75c49</CustomerIdInfoClients>
    <IdInfoClientsDiscountsType>5</IdInfoClientsDiscountsType>
  </rec>
  <rec>
    <CustomerId>c081969f-4673-4ba3-94ba-a1e249768028</CustomerId>
    <CustomerIdInfoClients>83c8dd41-caef-4b8f-bebb-e033edf34ed6</CustomerIdInfoClients>
    <IdInfoClientsDiscountsType>5</IdInfoClientsDiscountsType>
  </rec>
  <rec>
    <CustomerId>bfecd381-66f4-4ae1-afa2-a1e42806e98b</CustomerId>
    <CustomerIdInfoClients>2665be3c-7a66-407e-8f9a-691be28aebaa</CustomerIdInfoClients>
    <IdInfoClientsDiscountsType>5</IdInfoClientsDiscountsType>
  </rec>
  <rec>
    <CustomerId>79190269-ed94-498c-9e44-a43eeb19b0c8</CustomerId>
    <CustomerIdInfoClients>87cd1a04-ac22-4141-a771-b0d48dcec29a</CustomerIdInfoClients>
    <IdInfoClientsDiscountsType>5</IdInfoClientsDiscountsType>
  </rec>
  <rec>
    <CustomerId>78e1b5e1-afe5-4859-91c4-a91bc24061c5</CustomerId>
    <CustomerIdInfoClients>7298b8f7-6db4-467b-8462-4b1039677380</CustomerIdInfoClients>
    <IdInfoClientsDiscountsType>5</IdInfoClientsDiscountsType>
  </rec>
  <rec>
    <CustomerId>7e63ccc0-381c-4d67-b86c-af34e12bfd33</CustomerId>
    <CustomerIdInfoClients>f0118c44-faf2-48ee-9819-dbcef2ab8837</CustomerIdInfoClients>
    <IdInfoClientsDiscountsType>0</IdInfoClientsDiscountsType>
  </rec>
  <rec>
    <CustomerId>78d6cc29-b784-40e0-8ab9-b66876a507dd</CustomerId>
    <CustomerIdInfoClients>e1d2981a-0d3b-44cd-b09c-b16c97e991ad</CustomerIdInfoClients>
    <IdInfoClientsDiscountsType>5</IdInfoClientsDiscountsType>
  </rec>
  <rec>
    <CustomerId>02454c26-445c-48ca-809f-b6b0a8b2cbc2</CustomerId>
    <CustomerIdInfoClients>d8f1368b-dd2c-4df0-a542-e6ffa3cd5a18</CustomerIdInfoClients>
    <IdInfoClientsDiscountsType>5</IdInfoClientsDiscountsType>
  </rec>
  <rec>
    <CustomerId>f3f22df9-f6f0-4822-b283-baed72e0aa09</CustomerId>
    <CustomerIdInfoClients>7f0d56e9-ec46-473f-92a0-c73f39569c85</CustomerIdInfoClients>
    <IdInfoClientsDiscountsType>5</IdInfoClientsDiscountsType>
  </rec>
  <rec>
    <CustomerId>da77930d-1466-4122-8354-bce3d53a5a7d</CustomerId>
    <CustomerIdInfoClients>19a5e883-c48d-428e-9ac9-9084108bd819</CustomerIdInfoClients>
    <IdInfoClientsDiscountsType>5</IdInfoClientsDiscountsType>
  </rec>
  <rec>
    <CustomerId>5d8016e7-0c06-4998-8f69-c33b75d3534d</CustomerId>
    <CustomerIdInfoClients>5dde96a2-1f7b-4d28-8424-8b8c29cd21e4</CustomerIdInfoClients>
    <IdInfoClientsDiscountsType>5</IdInfoClientsDiscountsType>
  </rec>
  <rec>
    <CustomerId>151eb86d-d598-4e2d-8782-c5f3d3778a8d</CustomerId>
    <CustomerIdInfoClients>08ea80d3-69bd-4869-954e-d6506e48dade</CustomerIdInfoClients>
    <IdInfoClientsDiscountsType>5</IdInfoClientsDiscountsType>
  </rec>
  <rec>
    <CustomerId>b527445d-b6df-4e5f-9539-c7e3702760a6</CustomerId>
    <CustomerIdInfoClients>2d311018-cad7-4865-a357-30c053b80816</CustomerIdInfoClients>
    <IdInfoClientsDiscountsType>5</IdInfoClientsDiscountsType>
  </rec>
  <rec>
    <CustomerId>d456b692-0099-4c25-bd7a-c8df6a4a52b0</CustomerId>
    <CustomerIdInfoClients>c810180c-a555-40fc-afe1-a30f9c1ecb91</CustomerIdInfoClients>
    <IdInfoClientsDiscountsType>5</IdInfoClientsDiscountsType>
  </rec>
  <rec>
    <CustomerId>d55d1053-badd-41a4-8fe3-cb120d93c0da</CustomerId>
    <CustomerIdInfoClients>36e1c567-bfa5-4a57-9b9a-37e985dafe62</CustomerIdInfoClients>
    <IdInfoClientsDiscountsType>5</IdInfoClientsDiscountsType>
  </rec>
  <rec>
    <CustomerId>f914d7fb-537b-422b-bada-ce7a5f42048f</CustomerId>
    <CustomerIdInfoClients>520be608-0be6-41e1-997c-9becffe906f9</CustomerIdInfoClients>
    <IdInfoClientsDiscountsType>5</IdInfoClientsDiscountsType>
  </rec>
  <rec>
    <CustomerId>08242875-4809-4c18-8f89-d133d4388e77</CustomerId>
    <CustomerIdInfoClients>ffc35991-edb9-4055-b8c3-66dabfde2bbb</CustomerIdInfoClients>
    <IdInfoClientsDiscountsType>5</IdInfoClientsDiscountsType>
  </rec>
  <rec>
    <CustomerId>fdde777a-6772-496b-98b4-d226b745de10</CustomerId>
    <CustomerIdInfoClients>bf32bc56-9c9b-4adc-ac27-21255edc4454</CustomerIdInfoClients>
    <IdInfoClientsDiscountsType>5</IdInfoClientsDiscountsType>
  </rec>
  <rec>
    <CustomerId>b0ec215a-eac7-4ba9-a2b1-d22f9b7bc2de</CustomerId>
    <CustomerIdInfoClients>222e19dd-e00c-411d-a555-688a9bc0afec</CustomerIdInfoClients>
    <IdInfoClientsDiscountsType>5</IdInfoClientsDiscountsType>
  </rec>
  <rec>
    <CustomerId>15e3076e-9d6d-4654-acd1-d2cf94ad8732</CustomerId>
    <CustomerIdInfoClients>02124048-b9cf-4553-8035-d723832da792</CustomerIdInfoClients>
    <IdInfoClientsDiscountsType>5</IdInfoClientsDiscountsType>
  </rec>
  <rec>
    <CustomerId>3100785a-90eb-4b5a-b32c-d6c540724eb7</CustomerId>
    <CustomerIdInfoClients>72bd909f-4f25-436a-98c2-e57d36bc2a21</CustomerIdInfoClients>
    <IdInfoClientsDiscountsType>5</IdInfoClientsDiscountsType>
  </rec>
  <rec>
    <CustomerId>d028e177-3253-4c27-9902-db9e71859ffb</CustomerId>
    <CustomerIdInfoClients>ca03f240-7d6a-4a70-aebf-4e38b84a1f33</CustomerIdInfoClients>
    <IdInfoClientsDiscountsType>5</IdInfoClientsDiscountsType>
  </rec>
  <rec>
    <CustomerId>d2c7c737-1c5f-4a00-b2d4-dfb06bbd165f</CustomerId>
    <CustomerIdInfoClients>7803d84b-6769-49d2-abc2-82fc3c595d37</CustomerIdInfoClients>
    <IdInfoClientsDiscountsType>5</IdInfoClientsDiscountsType>
  </rec>
  <rec>
    <CustomerId>1f14c054-5129-43cc-8f9f-e8bd8d048604</CustomerId>
    <CustomerIdInfoClients>a0a804b2-cdb3-443f-8ead-7a36f58e3bb2</CustomerIdInfoClients>
    <IdInfoClientsDiscountsType>5</IdInfoClientsDiscountsType>
  </rec>
  <rec>
    <CustomerId>dbbc4579-fca4-4f24-acdb-e8cd9da65f73</CustomerId>
    <CustomerIdInfoClients>d4eae1fe-863e-41cf-b73f-aebe3e955fc6</CustomerIdInfoClients>
    <IdInfoClientsDiscountsType>5</IdInfoClientsDiscountsType>
  </rec>
  <rec>
    <CustomerId>01fc9218-194f-4530-88a8-e91b9d03b4ea</CustomerId>
    <CustomerIdInfoClients>2371065b-49c2-4011-94ec-5bb6bee6c8b7</CustomerIdInfoClients>
    <IdInfoClientsDiscountsType>3</IdInfoClientsDiscountsType>
  </rec>
  <rec>
    <CustomerId>4c68c742-b6e5-4bb9-99c0-eb9f62757b0f</CustomerId>
    <CustomerIdInfoClients>3e93a4fb-7583-4f94-a9fa-2e8af6f54d79</CustomerIdInfoClients>
    <IdInfoClientsDiscountsType>3</IdInfoClientsDiscountsType>
  </rec>
  <rec>
    <CustomerId>db2b9869-c2d1-411f-ad14-ec1ca7d84ae6</CustomerId>
    <CustomerIdInfoClients>17b256cd-f3a6-4265-aa0b-c8a6e4662401</CustomerIdInfoClients>
    <IdInfoClientsDiscountsType>5</IdInfoClientsDiscountsType>
  </rec>
  <rec>
    <CustomerId>48837f2e-ce74-45c2-ac17-f05e9f04012a</CustomerId>
    <CustomerIdInfoClients>fc8bef03-0b15-4dcd-b653-c14d14b60227</CustomerIdInfoClients>
    <IdInfoClientsDiscountsType>5</IdInfoClientsDiscountsType>
  </rec>
  <rec>
    <CustomerId>049ab12e-fe09-4bc6-b2fd-f65a2c1e1880</CustomerId>
    <CustomerIdInfoClients>2d886da1-5fc6-42e8-956b-1940e757dd0b</CustomerIdInfoClients>
    <IdInfoClientsDiscountsType>5</IdInfoClientsDiscountsType>
  </rec>
  <rec>
    <CustomerId>7f2c66cf-a39c-4801-8142-fc5f94442ed3</CustomerId>
    <CustomerIdInfoClients>fffa6af3-6177-47f4-b8df-ff8043ed7c81</CustomerIdInfoClients>
    <IdInfoClientsDiscountsType>5</IdInfoClientsDiscountsType>
  </rec>
  <rec>
    <CustomerId>61e331bd-91d9-4850-9917-fc8649039a85</CustomerId>
    <CustomerIdInfoClients>42d2a300-a82e-4f15-86f5-e8f420cf91fe</CustomerIdInfoClients>
    <IdInfoClientsDiscountsType>5</IdInfoClientsDiscountsType>
  </rec>
</ProDiscounts>