<ReturnedChecks>
  <check BankCards="48.12" barcodeCheck="return118300300001" Rendu="0.00" sum="48.12" date="2016-08-16T18:35:21.4404181+07:00">
    <product>
      <CustomerId>6b6a03c5-c5c4-44ac-b61d-837a314b7cc9</CustomerId>
      <grp>8</grp>
      <qty>-2</qty>
      <Name>POIS VERT PETITE SEC 1KG</Name>
      <CodeBare>[221]</CodeBare>
      <price>-1.490</price>
      <tva>1</tva>
      <total>-2.980</total>
      <Discount>0</Discount>
      <sumDiscount>0</sumDiscount>
    </product>
  </check>
</ReturnedChecks>