<SyncIsLoadings>
  <rec>
    <Name>PayProduct</Name>
    <IsLoading>false</IsLoading>
  </rec>
  <rec>
    <Name>PayProductTmp</Name>
    <IsLoading>false</IsLoading>
  </rec>
  <rec>
    <Name>CheckTicketTmp</Name>
    <IsLoading>false</IsLoading>
  </rec>
  <rec>
    <Name>CloseTicket</Name>
    <IsLoading>false</IsLoading>
  </rec>
  <rec>
    <Name>CheckTicket</Name>
    <IsLoading>false</IsLoading>
  </rec>
  <rec>
    <Name>ClientInfo</Name>
    <IsLoading>false</IsLoading>
  </rec>
  <rec>
    <Name>Pro</Name>
    <IsLoading>false</IsLoading>
  </rec>
  <rec>
    <Name>DiscountCard</Name>
    <IsLoading>false</IsLoading>
  </rec>
  <rec>
    <Name>DevisWeb</Name>
    <IsLoading>false</IsLoading>
  </rec>
  <rec>
    <Name>XmlFile</Name>
    <IsLoading>true</IsLoading>
  </rec>
</SyncIsLoadings>