<SyncPlusProducts>
  <rec>
    <CustomerId>ba84a870-d7e7-4377-a99d-2c6d8f33f28e</CustomerId>
    <CheckText>&lt;check barcodeCheck="119024700004"&gt;
  &lt;product&gt;
    &lt;ii&gt;0&lt;/ii&gt;
    &lt;CustomerId&gt;907f2cff-f2db-4e30-92af-159d02be5a72&lt;/CustomerId&gt;
    &lt;Name&gt;PAIN D'EPICE PODMOSKOVNIE 500GR - STEINHAUER&lt;/Name&gt;
    &lt;Desc&gt;&lt;/Desc&gt;
    &lt;price&gt;1400&lt;/price&gt;
    &lt;priceGros&gt;0.890&lt;/priceGros&gt;
    &lt;tva&gt;1&lt;/tva&gt;
    &lt;qty&gt;1&lt;/qty&gt;
    &lt;CodeBare&gt;[4030011780048]&lt;/CodeBare&gt;
    &lt;balance&gt;false&lt;/balance&gt;
    &lt;contenance&gt;12.000&lt;/contenance&gt;
    &lt;uniteContenance&gt;0&lt;/uniteContenance&gt;
    &lt;tare&gt;0&lt;/tare&gt;
    &lt;date&gt;2016-02-19T13:01:11.987&lt;/date&gt;
    &lt;cusumerIdRealStock&gt;d4e38e65-1d96-46b7-880e-c9f9c5791ff5&lt;/cusumerIdRealStock&gt;
    &lt;cusumerIdSubGroup&gt;61&lt;/cusumerIdSubGroup&gt;
    &lt;ProductsWeb_CustomerId&gt;5036469d-f319-4c5d-93a1-08a2cd3b1c39&lt;/ProductsWeb_CustomerId&gt;
    &lt;grp&gt;9&lt;/grp&gt;
    &lt;sgrp&gt;61&lt;/sgrp&gt;
    &lt;Discount&gt;0&lt;/Discount&gt;
    &lt;sumDiscount&gt;0&lt;/sumDiscount&gt;
    &lt;total&gt;1400&lt;/total&gt;
  &lt;/product&gt;
  &lt;product&gt;
    &lt;ii&gt;1&lt;/ii&gt;
    &lt;CustomerId&gt;907f2cff-f2db-4e30-92af-159d02be5a72&lt;/CustomerId&gt;
    &lt;Name&gt;PAIN D'EPICE PODMOSKOVNIE 500GR - STEINHAUER&lt;/Name&gt;
    &lt;Desc&gt;&lt;/Desc&gt;
    &lt;price&gt;1400&lt;/price&gt;
    &lt;priceGros&gt;0.890&lt;/priceGros&gt;
    &lt;tva&gt;1&lt;/tva&gt;
    &lt;qty&gt;1&lt;/qty&gt;
    &lt;CodeBare&gt;[4030011780048]&lt;/CodeBare&gt;
    &lt;balance&gt;false&lt;/balance&gt;
    &lt;contenance&gt;12.000&lt;/contenance&gt;
    &lt;uniteContenance&gt;0&lt;/uniteContenance&gt;
    &lt;tare&gt;0&lt;/tare&gt;
    &lt;date&gt;2016-02-19T13:01:11.987&lt;/date&gt;
    &lt;cusumerIdRealStock&gt;d4e38e65-1d96-46b7-880e-c9f9c5791ff5&lt;/cusumerIdRealStock&gt;
    &lt;cusumerIdSubGroup&gt;61&lt;/cusumerIdSubGroup&gt;
    &lt;ProductsWeb_CustomerId&gt;5036469d-f319-4c5d-93a1-08a2cd3b1c39&lt;/ProductsWeb_CustomerId&gt;
    &lt;grp&gt;9&lt;/grp&gt;
    &lt;sgrp&gt;61&lt;/sgrp&gt;
    &lt;Discount&gt;0&lt;/Discount&gt;
    &lt;sumDiscount&gt;0&lt;/sumDiscount&gt;
    &lt;total&gt;1400&lt;/total&gt;
  &lt;/product&gt;
  &lt;product&gt;
    &lt;ii&gt;2&lt;/ii&gt;
    &lt;CustomerId&gt;907f2cff-f2db-4e30-92af-159d02be5a72&lt;/CustomerId&gt;
    &lt;Name&gt;PAIN D'EPICE PODMOSKOVNIE 500GR - STEINHAUER&lt;/Name&gt;
    &lt;Desc&gt;&lt;/Desc&gt;
    &lt;price&gt;1400&lt;/price&gt;
    &lt;priceGros&gt;0.890&lt;/priceGros&gt;
    &lt;tva&gt;1&lt;/tva&gt;
    &lt;qty&gt;1&lt;/qty&gt;
    &lt;CodeBare&gt;[4030011780048]&lt;/CodeBare&gt;
    &lt;balance&gt;false&lt;/balance&gt;
    &lt;contenance&gt;12.000&lt;/contenance&gt;
    &lt;uniteContenance&gt;0&lt;/uniteContenance&gt;
    &lt;tare&gt;0&lt;/tare&gt;
    &lt;date&gt;2016-02-19T13:01:11.987&lt;/date&gt;
    &lt;cusumerIdRealStock&gt;d4e38e65-1d96-46b7-880e-c9f9c5791ff5&lt;/cusumerIdRealStock&gt;
    &lt;cusumerIdSubGroup&gt;61&lt;/cusumerIdSubGroup&gt;
    &lt;ProductsWeb_CustomerId&gt;5036469d-f319-4c5d-93a1-08a2cd3b1c39&lt;/ProductsWeb_CustomerId&gt;
    &lt;grp&gt;9&lt;/grp&gt;
    &lt;sgrp&gt;61&lt;/sgrp&gt;
    &lt;Discount&gt;0&lt;/Discount&gt;
    &lt;sumDiscount&gt;0&lt;/sumDiscount&gt;
    &lt;total&gt;1400&lt;/total&gt;
  &lt;/product&gt;
  &lt;product&gt;
    &lt;ii&gt;3&lt;/ii&gt;
    &lt;CustomerId&gt;907f2cff-f2db-4e30-92af-159d02be5a72&lt;/CustomerId&gt;
    &lt;Name&gt;PAIN D'EPICE PODMOSKOVNIE 500GR - STEINHAUER&lt;/Name&gt;
    &lt;Desc&gt;&lt;/Desc&gt;
    &lt;price&gt;1400&lt;/price&gt;
    &lt;priceGros&gt;0.890&lt;/priceGros&gt;
    &lt;tva&gt;1&lt;/tva&gt;
    &lt;qty&gt;1&lt;/qty&gt;
    &lt;CodeBare&gt;[4030011780048]&lt;/CodeBare&gt;
    &lt;balance&gt;false&lt;/balance&gt;
    &lt;contenance&gt;12.000&lt;/contenance&gt;
    &lt;uniteContenance&gt;0&lt;/uniteContenance&gt;
    &lt;tare&gt;0&lt;/tare&gt;
    &lt;date&gt;2016-02-19T13:01:11.987&lt;/date&gt;
    &lt;cusumerIdRealStock&gt;d4e38e65-1d96-46b7-880e-c9f9c5791ff5&lt;/cusumerIdRealStock&gt;
    &lt;cusumerIdSubGroup&gt;61&lt;/cusumerIdSubGroup&gt;
    &lt;ProductsWeb_CustomerId&gt;5036469d-f319-4c5d-93a1-08a2cd3b1c39&lt;/ProductsWeb_CustomerId&gt;
    &lt;grp&gt;9&lt;/grp&gt;
    &lt;sgrp&gt;61&lt;/sgrp&gt;
    &lt;Discount&gt;0&lt;/Discount&gt;
    &lt;sumDiscount&gt;0&lt;/sumDiscount&gt;
    &lt;total&gt;1400&lt;/total&gt;
  &lt;/product&gt;
&lt;/check&gt;</CheckText>
    <Date>2016-12-14T19:12:53.8209336+05:00</Date>
    <CustomerIdSyncPlus>0bd63768-aa6f-4f71-abdb-570264a45001</CustomerIdSyncPlus>
  </rec>
  <rec>
    <CustomerId>eaa4e457-777d-4ad0-a8e1-b26b872cd7e9</CustomerId>
    <CheckText>&lt;check barcodeCheck="119355200003"&gt;
  &lt;product&gt;
    &lt;ii&gt;0&lt;/ii&gt;
    &lt;CustomerId&gt;25460706-7e0b-48d4-ac3b-43d34cc16a56&lt;/CustomerId&gt;
    &lt;Name&gt;EAU CRISTALINE 1.5L&lt;/Name&gt;
    &lt;Desc&gt;&lt;/Desc&gt;
    &lt;price&gt;1&lt;/price&gt;
    &lt;priceGros&gt;0.690&lt;/priceGros&gt;
    &lt;tva&gt;1&lt;/tva&gt;
    &lt;qty&gt;1&lt;/qty&gt;
    &lt;CodeBare&gt;[3274080005003][3274080001005]^6,000[3274080001005]^6,000[3274080001005]^6,000[3274080001005]^6,000[3274080001005]^6,000&lt;/CodeBare&gt;
    &lt;balance&gt;false&lt;/balance&gt;
    &lt;contenance&gt;6.000&lt;/contenance&gt;
    &lt;uniteContenance&gt;0&lt;/uniteContenance&gt;
    &lt;tare&gt;0&lt;/tare&gt;
    &lt;date&gt;2017-02-01T20:07:06.5115249+01:00&lt;/date&gt;
    &lt;cusumerIdRealStock&gt;7152aeb0-9bf9-479a-bbb0-753450ef22d2&lt;/cusumerIdRealStock&gt;
    &lt;cusumerIdSubGroup&gt;73&lt;/cusumerIdSubGroup&gt;
    &lt;ProductsWeb_CustomerId&gt;a54a6afe-6291-4449-b2bc-bf5ee0dc0e34&lt;/ProductsWeb_CustomerId&gt;
    &lt;grp&gt;11&lt;/grp&gt;
    &lt;sgrp&gt;73&lt;/sgrp&gt;
    &lt;Discount&gt;0.0&lt;/Discount&gt;
    &lt;sumDiscount&gt;0&lt;/sumDiscount&gt;
    &lt;total&gt;1&lt;/total&gt;
    &lt;price_old&gt;0.60&lt;/price_old&gt;
  &lt;/product&gt;
  &lt;product&gt;
    &lt;ii&gt;1&lt;/ii&gt;
    &lt;CustomerId&gt;25460706-7e0b-48d4-ac3b-43d34cc16a56&lt;/CustomerId&gt;
    &lt;Name&gt;EAU CRISTALINE 1.5L&lt;/Name&gt;
    &lt;Desc&gt;&lt;/Desc&gt;
    &lt;price&gt;0.6&lt;/price&gt;
    &lt;priceGros&gt;0.690&lt;/priceGros&gt;
    &lt;tva&gt;1&lt;/tva&gt;
    &lt;qty&gt;1&lt;/qty&gt;
    &lt;CodeBare&gt;[3274080005003][3274080001005]^6,000[3274080001005]^6,000[3274080001005]^6,000[3274080001005]^6,000[3274080001005]^6,000[3274080001005]^6,000&lt;/CodeBare&gt;
    &lt;balance&gt;false&lt;/balance&gt;
    &lt;contenance&gt;6.000&lt;/contenance&gt;
    &lt;uniteContenance&gt;0&lt;/uniteContenance&gt;
    &lt;tare&gt;0&lt;/tare&gt;
    &lt;date&gt;2017-02-01T20:07:06.5115249+01:00&lt;/date&gt;
    &lt;cusumerIdRealStock&gt;7152aeb0-9bf9-479a-bbb0-753450ef22d2&lt;/cusumerIdRealStock&gt;
    &lt;cusumerIdSubGroup&gt;73&lt;/cusumerIdSubGroup&gt;
    &lt;ProductsWeb_CustomerId&gt;a54a6afe-6291-4449-b2bc-bf5ee0dc0e34&lt;/ProductsWeb_CustomerId&gt;
    &lt;grp&gt;11&lt;/grp&gt;
    &lt;sgrp&gt;73&lt;/sgrp&gt;
    &lt;Discount&gt;0.0&lt;/Discount&gt;
    &lt;sumDiscount&gt;0&lt;/sumDiscount&gt;
    &lt;total&gt;0.6&lt;/total&gt;
    &lt;price_old&gt;1&lt;/price_old&gt;
  &lt;/product&gt;
  &lt;product&gt;
    &lt;ii&gt;2&lt;/ii&gt;
    &lt;CustomerId&gt;25460706-7e0b-48d4-ac3b-43d34cc16a56&lt;/CustomerId&gt;
    &lt;Name&gt;EAU CRISTALINE 1.5L&lt;/Name&gt;
    &lt;Desc&gt;&lt;/Desc&gt;
    &lt;price&gt;0.9&lt;/price&gt;
    &lt;priceGros&gt;0.690&lt;/priceGros&gt;
    &lt;tva&gt;1&lt;/tva&gt;
    &lt;qty&gt;1&lt;/qty&gt;
    &lt;CodeBare&gt;[3274080005003][3274080001005]^6,000[3274080001005]^6,000[3274080001005]^6,000[3274080001005]^6,000[3274080001005]^6,000[3274080001005]^6,000&lt;/CodeBare&gt;
    &lt;balance&gt;false&lt;/balance&gt;
    &lt;contenance&gt;6.000&lt;/contenance&gt;
    &lt;uniteContenance&gt;0&lt;/uniteContenance&gt;
    &lt;tare&gt;0&lt;/tare&gt;
    &lt;date&gt;2017-02-01T20:07:06.5115249+01:00&lt;/date&gt;
    &lt;cusumerIdRealStock&gt;7152aeb0-9bf9-479a-bbb0-753450ef22d2&lt;/cusumerIdRealStock&gt;
    &lt;cusumerIdSubGroup&gt;73&lt;/cusumerIdSubGroup&gt;
    &lt;ProductsWeb_CustomerId&gt;a54a6afe-6291-4449-b2bc-bf5ee0dc0e34&lt;/ProductsWeb_CustomerId&gt;
    &lt;grp&gt;11&lt;/grp&gt;
    &lt;sgrp&gt;73&lt;/sgrp&gt;
    &lt;Discount&gt;0.0&lt;/Discount&gt;
    &lt;sumDiscount&gt;0&lt;/sumDiscount&gt;
    &lt;total&gt;0.9&lt;/total&gt;
    &lt;price_old&gt;1&lt;/price_old&gt;
  &lt;/product&gt;
  &lt;product&gt;
    &lt;ii&gt;3&lt;/ii&gt;
    &lt;CustomerId&gt;25460706-7e0b-48d4-ac3b-43d34cc16a56&lt;/CustomerId&gt;
    &lt;Name&gt;EAU CRISTALINE 1.5L&lt;/Name&gt;
    &lt;Desc&gt;&lt;/Desc&gt;
    &lt;price&gt;0.9&lt;/price&gt;
    &lt;priceGros&gt;0.690&lt;/priceGros&gt;
    &lt;tva&gt;1&lt;/tva&gt;
    &lt;qty&gt;1&lt;/qty&gt;
    &lt;CodeBare&gt;[3274080005003][3274080001005]^6,000[3274080001005]^6,000[3274080001005]^6,000[3274080001005]^6,000[3274080001005]^6,000[3274080001005]^6,000[3274080001005]^6,000&lt;/CodeBare&gt;
    &lt;balance&gt;false&lt;/balance&gt;
    &lt;contenance&gt;6.000&lt;/contenance&gt;
    &lt;uniteContenance&gt;0&lt;/uniteContenance&gt;
    &lt;tare&gt;0&lt;/tare&gt;
    &lt;date&gt;2017-02-01T20:07:06.5115249+01:00&lt;/date&gt;
    &lt;cusumerIdRealStock&gt;7152aeb0-9bf9-479a-bbb0-753450ef22d2&lt;/cusumerIdRealStock&gt;
    &lt;cusumerIdSubGroup&gt;73&lt;/cusumerIdSubGroup&gt;
    &lt;ProductsWeb_CustomerId&gt;a54a6afe-6291-4449-b2bc-bf5ee0dc0e34&lt;/ProductsWeb_CustomerId&gt;
    &lt;grp&gt;11&lt;/grp&gt;
    &lt;sgrp&gt;73&lt;/sgrp&gt;
    &lt;Discount&gt;0.0&lt;/Discount&gt;
    &lt;sumDiscount&gt;0&lt;/sumDiscount&gt;
    &lt;total&gt;0.9&lt;/total&gt;
  &lt;/product&gt;
  &lt;product&gt;
    &lt;ii&gt;4&lt;/ii&gt;
    &lt;CustomerId&gt;25460706-7e0b-48d4-ac3b-43d34cc16a56&lt;/CustomerId&gt;
    &lt;Name&gt;EAU CRISTALINE 1.5L&lt;/Name&gt;
    &lt;Desc&gt;&lt;/Desc&gt;
    &lt;price&gt;1.00&lt;/price&gt;
    &lt;priceGros&gt;0.690&lt;/priceGros&gt;
    &lt;tva&gt;1&lt;/tva&gt;
    &lt;qty&gt;1&lt;/qty&gt;
    &lt;CodeBare&gt;[3274080005003][3274080001005]^6,000[3274080001005]^6,000[3274080001005]^6,000[3274080001005]^6,000[3274080001005]^6,000[3274080001005]^6,000[3274080001005]^6,000&lt;/CodeBare&gt;
    &lt;balance&gt;false&lt;/balance&gt;
    &lt;contenance&gt;6.000&lt;/contenance&gt;
    &lt;uniteContenance&gt;0&lt;/uniteContenance&gt;
    &lt;tare&gt;0&lt;/tare&gt;
    &lt;date&gt;2017-02-01T20:07:06.5115249+01:00&lt;/date&gt;
    &lt;cusumerIdRealStock&gt;7152aeb0-9bf9-479a-bbb0-753450ef22d2&lt;/cusumerIdRealStock&gt;
    &lt;cusumerIdSubGroup&gt;73&lt;/cusumerIdSubGroup&gt;
    &lt;ProductsWeb_CustomerId&gt;a54a6afe-6291-4449-b2bc-bf5ee0dc0e34&lt;/ProductsWeb_CustomerId&gt;
    &lt;grp&gt;11&lt;/grp&gt;
    &lt;sgrp&gt;73&lt;/sgrp&gt;
    &lt;Discount&gt;0.0&lt;/Discount&gt;
    &lt;sumDiscount&gt;0&lt;/sumDiscount&gt;
    &lt;total&gt;1&lt;/total&gt;
    &lt;price_old&gt;0.9&lt;/price_old&gt;
  &lt;/product&gt;
  &lt;product&gt;
    &lt;ii&gt;5&lt;/ii&gt;
    &lt;CustomerId&gt;19e5bc9a-352e-4af6-918c-bc84779d1e6f&lt;/CustomerId&gt;
    &lt;Name&gt;LENTILLES VERTES AU KG&lt;/Name&gt;
    &lt;Desc&gt;LENTILLE VERT 1KG&lt;/Desc&gt;
    &lt;price&gt;1.790&lt;/price&gt;
    &lt;priceGros&gt;1.990&lt;/priceGros&gt;
    &lt;tva&gt;1&lt;/tva&gt;
    &lt;qty&gt;1&lt;/qty&gt;
    &lt;CodeBare&gt;[210]&lt;/CodeBare&gt;
    &lt;balance&gt;false&lt;/balance&gt;
    &lt;contenance&gt;0&lt;/contenance&gt;
    &lt;uniteContenance&gt;0&lt;/uniteContenance&gt;
    &lt;tare&gt;0&lt;/tare&gt;
    &lt;date&gt;2016-10-17T19:06:55.03&lt;/date&gt;
    &lt;cusumerIdRealStock&gt;d6dd5718-34da-4cb4-8014-72f04cced247&lt;/cusumerIdRealStock&gt;
    &lt;cusumerIdSubGroup&gt;80&lt;/cusumerIdSubGroup&gt;
    &lt;ProductsWeb_CustomerId&gt;45b73af9-d6d1-46b0-921b-4e052243f100&lt;/ProductsWeb_CustomerId&gt;
    &lt;grp&gt;8&lt;/grp&gt;
    &lt;sgrp&gt;80&lt;/sgrp&gt;
    &lt;Discount&gt;0.0&lt;/Discount&gt;
    &lt;sumDiscount&gt;0&lt;/sumDiscount&gt;
    &lt;total&gt;1.79&lt;/total&gt;
  &lt;/product&gt;
  &lt;product&gt;
    &lt;ii&gt;6&lt;/ii&gt;
    &lt;CustomerId&gt;813c790f-af98-4277-a79f-c54104a03bf1&lt;/CustomerId&gt;
    &lt;Name&gt;SHAMPOOING ELSEVE&lt;/Name&gt;
    &lt;Desc&gt;&lt;/Desc&gt;
    &lt;price&gt;2.99&lt;/price&gt;
    &lt;priceGros&gt;0&lt;/priceGros&gt;
    &lt;tva&gt;2&lt;/tva&gt;
    &lt;qty&gt;1&lt;/qty&gt;
    &lt;CodeBare&gt;[3600521830291]&lt;/CodeBare&gt;
    &lt;balance&gt;false&lt;/balance&gt;
    &lt;contenance&gt;0&lt;/contenance&gt;
    &lt;uniteContenance&gt;0&lt;/uniteContenance&gt;
    &lt;tare&gt;0&lt;/tare&gt;
    &lt;date&gt;2017-02-01T20:14:28.8917346+01:00&lt;/date&gt;
    &lt;cusumerIdRealStock&gt;561d264b-e325-4c42-ae20-60a39a7797ec&lt;/cusumerIdRealStock&gt;
    &lt;cusumerIdSubGroup&gt;1027&lt;/cusumerIdSubGroup&gt;
    &lt;ProductsWeb_CustomerId&gt;2982756a-3877-4255-ac33-e7d489f117f4&lt;/ProductsWeb_CustomerId&gt;
    &lt;grp&gt;14&lt;/grp&gt;
    &lt;sgrp&gt;1027&lt;/sgrp&gt;
    &lt;Discount&gt;0.0&lt;/Discount&gt;
    &lt;sumDiscount&gt;0&lt;/sumDiscount&gt;
    &lt;total&gt;2.99&lt;/total&gt;
    &lt;price_old&gt;0&lt;/price_old&gt;
  &lt;/product&gt;
  &lt;product&gt;
    &lt;ii&gt;7&lt;/ii&gt;
    &lt;CustomerId&gt;813c790f-af98-4277-a79f-c54104a03bf1&lt;/CustomerId&gt;
    &lt;Name&gt;SHAMPOOING ELSEVE&lt;/Name&gt;
    &lt;Desc&gt;&lt;/Desc&gt;
    &lt;price&gt;2.99&lt;/price&gt;
    &lt;priceGros&gt;0&lt;/priceGros&gt;
    &lt;tva&gt;2&lt;/tva&gt;
    &lt;qty&gt;1&lt;/qty&gt;
    &lt;CodeBare&gt;[3600521830291]&lt;/CodeBare&gt;
    &lt;balance&gt;false&lt;/balance&gt;
    &lt;contenance&gt;0&lt;/contenance&gt;
    &lt;uniteContenance&gt;0&lt;/uniteContenance&gt;
    &lt;tare&gt;0&lt;/tare&gt;
    &lt;date&gt;2017-02-01T20:14:28.8917346+01:00&lt;/date&gt;
    &lt;cusumerIdRealStock&gt;561d264b-e325-4c42-ae20-60a39a7797ec&lt;/cusumerIdRealStock&gt;
    &lt;cusumerIdSubGroup&gt;1027&lt;/cusumerIdSubGroup&gt;
    &lt;ProductsWeb_CustomerId&gt;2982756a-3877-4255-ac33-e7d489f117f4&lt;/ProductsWeb_CustomerId&gt;
    &lt;grp&gt;14&lt;/grp&gt;
    &lt;sgrp&gt;1027&lt;/sgrp&gt;
    &lt;Discount&gt;0.0&lt;/Discount&gt;
    &lt;sumDiscount&gt;0&lt;/sumDiscount&gt;
    &lt;total&gt;2.99&lt;/total&gt;
  &lt;/product&gt;
  &lt;product&gt;
    &lt;ii&gt;8&lt;/ii&gt;
    &lt;CustomerId&gt;813c790f-af98-4277-a79f-c54104a03bf1&lt;/CustomerId&gt;
    &lt;Name&gt;SHAMPOOING ELSEVE&lt;/Name&gt;
    &lt;Desc&gt;&lt;/Desc&gt;
    &lt;price&gt;2.99&lt;/price&gt;
    &lt;priceGros&gt;0&lt;/priceGros&gt;
    &lt;tva&gt;2&lt;/tva&gt;
    &lt;qty&gt;1&lt;/qty&gt;
    &lt;CodeBare&gt;[3600521830291]&lt;/CodeBare&gt;
    &lt;balance&gt;false&lt;/balance&gt;
    &lt;contenance&gt;0&lt;/contenance&gt;
    &lt;uniteContenance&gt;0&lt;/uniteContenance&gt;
    &lt;tare&gt;0&lt;/tare&gt;
    &lt;date&gt;2017-02-01T20:14:28.8917346+01:00&lt;/date&gt;
    &lt;cusumerIdRealStock&gt;561d264b-e325-4c42-ae20-60a39a7797ec&lt;/cusumerIdRealStock&gt;
    &lt;cusumerIdSubGroup&gt;1027&lt;/cusumerIdSubGroup&gt;
    &lt;ProductsWeb_CustomerId&gt;2982756a-3877-4255-ac33-e7d489f117f4&lt;/ProductsWeb_CustomerId&gt;
    &lt;grp&gt;14&lt;/grp&gt;
    &lt;sgrp&gt;1027&lt;/sgrp&gt;
    &lt;Discount&gt;0.0&lt;/Discount&gt;
    &lt;sumDiscount&gt;0&lt;/sumDiscount&gt;
    &lt;total&gt;2.99&lt;/total&gt;
  &lt;/product&gt;
  &lt;product&gt;
    &lt;ii&gt;9&lt;/ii&gt;
    &lt;CustomerId&gt;ae97f972-a7ad-475b-b384-d89a939eb2c3&lt;/CustomerId&gt;
    &lt;Name&gt;CAFE MOULU TURC 250G - MASSAT&lt;/Name&gt;
    &lt;Desc&gt;&lt;/Desc&gt;
    &lt;price&gt;2.40&lt;/price&gt;
    &lt;priceGros&gt;1.800&lt;/priceGros&gt;
    &lt;tva&gt;1&lt;/tva&gt;
    &lt;qty&gt;1&lt;/qty&gt;
    &lt;CodeBare&gt;[3325490251143]&lt;/CodeBare&gt;
    &lt;balance&gt;false&lt;/balance&gt;
    &lt;contenance&gt;24.000&lt;/contenance&gt;
    &lt;uniteContenance&gt;0&lt;/uniteContenance&gt;
    &lt;tare&gt;0&lt;/tare&gt;
    &lt;date&gt;2017-01-27T16:49:52.207&lt;/date&gt;
    &lt;cusumerIdRealStock&gt;fdb23436-5ca1-4821-af97-a2373bda0f66&lt;/cusumerIdRealStock&gt;
    &lt;cusumerIdSubGroup&gt;83&lt;/cusumerIdSubGroup&gt;
    &lt;ProductsWeb_CustomerId&gt;e3dfc169-33d9-41ab-9106-96a931d929eb&lt;/ProductsWeb_CustomerId&gt;
    &lt;grp&gt;11&lt;/grp&gt;
    &lt;sgrp&gt;83&lt;/sgrp&gt;
    &lt;Discount&gt;0.0&lt;/Discount&gt;
    &lt;sumDiscount&gt;0&lt;/sumDiscount&gt;
    &lt;total&gt;2.4&lt;/total&gt;
    &lt;price_old&gt;2.800&lt;/price_old&gt;
  &lt;/product&gt;
  &lt;product&gt;
    &lt;ii&gt;10&lt;/ii&gt;
    &lt;CustomerId&gt;ae97f972-a7ad-475b-b384-d89a939eb2c3&lt;/CustomerId&gt;
    &lt;Name&gt;CAFE MOULU TURC 250G - MASSAT&lt;/Name&gt;
    &lt;Desc&gt;&lt;/Desc&gt;
    &lt;price&gt;2.40&lt;/price&gt;
    &lt;priceGros&gt;1.800&lt;/priceGros&gt;
    &lt;tva&gt;1&lt;/tva&gt;
    &lt;qty&gt;1&lt;/qty&gt;
    &lt;CodeBare&gt;[3325490251143]&lt;/CodeBare&gt;
    &lt;balance&gt;false&lt;/balance&gt;
    &lt;contenance&gt;24.000&lt;/contenance&gt;
    &lt;uniteContenance&gt;0&lt;/uniteContenance&gt;
    &lt;tare&gt;0&lt;/tare&gt;
    &lt;date&gt;2017-01-27T16:49:52.207&lt;/date&gt;
    &lt;cusumerIdRealStock&gt;fdb23436-5ca1-4821-af97-a2373bda0f66&lt;/cusumerIdRealStock&gt;
    &lt;cusumerIdSubGroup&gt;83&lt;/cusumerIdSubGroup&gt;
    &lt;ProductsWeb_CustomerId&gt;e3dfc169-33d9-41ab-9106-96a931d929eb&lt;/ProductsWeb_CustomerId&gt;
    &lt;grp&gt;11&lt;/grp&gt;
    &lt;sgrp&gt;83&lt;/sgrp&gt;
    &lt;Discount&gt;0.0&lt;/Discount&gt;
    &lt;sumDiscount&gt;0&lt;/sumDiscount&gt;
    &lt;total&gt;2.4&lt;/total&gt;
  &lt;/product&gt;
&lt;/check&gt;</CheckText>
    <Date>2017-02-01T20:20:45.9063247+01:00</Date>
    <CustomerIdSyncPlus>0bd63768-aa6f-4f71-abdb-570264a45001</CustomerIdSyncPlus>
  </rec>
  <rec>
    <CustomerId>4f750309-9304-461e-88d4-2c8ec8b31270</CustomerId>
    <CheckText>&lt;check barcodeCheck="120224100003"&gt;
  &lt;product&gt;
    &lt;ii&gt;0&lt;/ii&gt;
    &lt;CustomerId&gt;b3f3e7aa-e9ee-4224-ab41-5ad4793adb5c&lt;/CustomerId&gt;
    &lt;Name&gt;CAFE MOKATE 3IN1 270G&lt;/Name&gt;
    &lt;Desc&gt;&lt;/Desc&gt;
    &lt;price&gt;3.500&lt;/price&gt;
    &lt;priceGros&gt;2.140&lt;/priceGros&gt;
    &lt;tva&gt;1&lt;/tva&gt;
    &lt;qty&gt;1&lt;/qty&gt;
    &lt;CodeBare&gt;[5900649010420]&lt;/CodeBare&gt;
    &lt;balance&gt;false&lt;/balance&gt;
    &lt;contenance&gt;4.000&lt;/contenance&gt;
    &lt;uniteContenance&gt;0&lt;/uniteContenance&gt;
    &lt;tare&gt;0&lt;/tare&gt;
    &lt;date&gt;2017-01-26T15:38:42.443&lt;/date&gt;
    &lt;cusumerIdRealStock&gt;e17ee12f-8dfc-44dd-91c6-987e1ce6425f&lt;/cusumerIdRealStock&gt;
    &lt;cusumerIdSubGroup&gt;83&lt;/cusumerIdSubGroup&gt;
    &lt;ProductsWeb_CustomerId&gt;366cae28-8799-480f-ad8e-63d1aca36d3e&lt;/ProductsWeb_CustomerId&gt;
    &lt;grp&gt;11&lt;/grp&gt;
    &lt;sgrp&gt;83&lt;/sgrp&gt;
    &lt;Discount&gt;0&lt;/Discount&gt;
    &lt;sumDiscount&gt;0&lt;/sumDiscount&gt;
    &lt;total&gt;3.5&lt;/total&gt;
  &lt;/product&gt;
  &lt;product&gt;
    &lt;ii&gt;1&lt;/ii&gt;
    &lt;CustomerId&gt;b3f3e7aa-e9ee-4224-ab41-5ad4793adb5c&lt;/CustomerId&gt;
    &lt;Name&gt;CAFE MOKATE 3IN1 270G&lt;/Name&gt;
    &lt;Desc&gt;&lt;/Desc&gt;
    &lt;price&gt;3.500&lt;/price&gt;
    &lt;priceGros&gt;2.140&lt;/priceGros&gt;
    &lt;tva&gt;1&lt;/tva&gt;
    &lt;qty&gt;1&lt;/qty&gt;
    &lt;CodeBare&gt;[5900649010420]&lt;/CodeBare&gt;
    &lt;balance&gt;false&lt;/balance&gt;
    &lt;contenance&gt;4.000&lt;/contenance&gt;
    &lt;uniteContenance&gt;0&lt;/uniteContenance&gt;
    &lt;tare&gt;0&lt;/tare&gt;
    &lt;date&gt;2017-01-26T15:38:42.443&lt;/date&gt;
    &lt;cusumerIdRealStock&gt;e17ee12f-8dfc-44dd-91c6-987e1ce6425f&lt;/cusumerIdRealStock&gt;
    &lt;cusumerIdSubGroup&gt;83&lt;/cusumerIdSubGroup&gt;
    &lt;ProductsWeb_CustomerId&gt;366cae28-8799-480f-ad8e-63d1aca36d3e&lt;/ProductsWeb_CustomerId&gt;
    &lt;grp&gt;11&lt;/grp&gt;
    &lt;sgrp&gt;83&lt;/sgrp&gt;
    &lt;Discount&gt;0&lt;/Discount&gt;
    &lt;sumDiscount&gt;0&lt;/sumDiscount&gt;
    &lt;total&gt;3.5&lt;/total&gt;
  &lt;/product&gt;
&lt;/check&gt;</CheckText>
    <Date>2017-02-01T20:23:11.239127+01:00</Date>
    <CustomerIdSyncPlus>0bd63768-aa6f-4f71-abdb-570264a45001</CustomerIdSyncPlus>
  </rec>
  <rec>
    <CustomerId>ee7b1f48-441d-4671-96e4-472d9a35deeb</CustomerId>
    <CheckText>&lt;check barcodeCheck="120231100003"&gt;
  &lt;product&gt;
    &lt;ii&gt;0&lt;/ii&gt;
    &lt;CustomerId&gt;04c96a2e-22da-4a19-8623-be41ab26c0a1&lt;/CustomerId&gt;
    &lt;Name&gt;CAFE KALOU MOULU 250G&lt;/Name&gt;
    &lt;Desc&gt;&lt;/Desc&gt;
    &lt;price&gt;2.5&lt;/price&gt;
    &lt;priceGros&gt;0&lt;/priceGros&gt;
    &lt;tva&gt;1&lt;/tva&gt;
    &lt;qty&gt;1&lt;/qty&gt;
    &lt;CodeBare&gt;[9780201379624]&lt;/CodeBare&gt;
    &lt;balance&gt;false&lt;/balance&gt;
    &lt;contenance&gt;0&lt;/contenance&gt;
    &lt;uniteContenance&gt;0&lt;/uniteContenance&gt;
    &lt;tare&gt;0&lt;/tare&gt;
    &lt;date&gt;2017-02-01T20:25:19.7306839+01:00&lt;/date&gt;
    &lt;cusumerIdRealStock&gt;35b2e198-cc78-44c4-8813-ea11a71a5aff&lt;/cusumerIdRealStock&gt;
    &lt;cusumerIdSubGroup&gt;83&lt;/cusumerIdSubGroup&gt;
    &lt;ProductsWeb_CustomerId&gt;792a4d47-0bf3-4e8c-82a6-ffbc2327acbf&lt;/ProductsWeb_CustomerId&gt;
    &lt;grp&gt;11&lt;/grp&gt;
    &lt;sgrp&gt;83&lt;/sgrp&gt;
    &lt;Discount&gt;0&lt;/Discount&gt;
    &lt;sumDiscount&gt;0&lt;/sumDiscount&gt;
    &lt;total&gt;2.5&lt;/total&gt;
    &lt;price_old&gt;0&lt;/price_old&gt;
  &lt;/product&gt;
  &lt;product&gt;
    &lt;ii&gt;1&lt;/ii&gt;
    &lt;CustomerId&gt;44a86384-65d7-4843-be29-6b097e74585f&lt;/CustomerId&gt;
    &lt;Name&gt;GAUFRETTE CHOCOLAT 280G - CHUD&lt;/Name&gt;
    &lt;Desc&gt;1.09&lt;/Desc&gt;
    &lt;price&gt;1.990&lt;/price&gt;
    &lt;priceGros&gt;1.370&lt;/priceGros&gt;
    &lt;tva&gt;1&lt;/tva&gt;
    &lt;qty&gt;1&lt;/qty&gt;
    &lt;CodeBare&gt;[3800065781114]&lt;/CodeBare&gt;
    &lt;balance&gt;false&lt;/balance&gt;
    &lt;contenance&gt;12.000&lt;/contenance&gt;
    &lt;uniteContenance&gt;0&lt;/uniteContenance&gt;
    &lt;tare&gt;0&lt;/tare&gt;
    &lt;date&gt;2017-01-26T11:50:25.65&lt;/date&gt;
    &lt;cusumerIdRealStock&gt;16ade08b-6f89-4128-ac77-c179cbdda751&lt;/cusumerIdRealStock&gt;
    &lt;cusumerIdSubGroup&gt;61&lt;/cusumerIdSubGroup&gt;
    &lt;ProductsWeb_CustomerId&gt;352fcd12-7e24-45e0-aa78-6df564ecfb07&lt;/ProductsWeb_CustomerId&gt;
    &lt;grp&gt;9&lt;/grp&gt;
    &lt;sgrp&gt;61&lt;/sgrp&gt;
    &lt;Discount&gt;0&lt;/Discount&gt;
    &lt;sumDiscount&gt;0&lt;/sumDiscount&gt;
    &lt;total&gt;1.99&lt;/total&gt;
  &lt;/product&gt;
  &lt;product&gt;
    &lt;ii&gt;2&lt;/ii&gt;
    &lt;CustomerId&gt;6143f2a7-a57e-4363-a393-f5f7412ad7fb&lt;/CustomerId&gt;
    &lt;Name&gt;CHOCOLAT A LA CRÈME PTICHIE MO&lt;/Name&gt;
    &lt;Desc&gt;1.34&lt;/Desc&gt;
    &lt;price&gt;2.5&lt;/price&gt;
    &lt;priceGros&gt;1.650&lt;/priceGros&gt;
    &lt;tva&gt;1&lt;/tva&gt;
    &lt;qty&gt;1&lt;/qty&gt;
    &lt;CodeBare&gt;[4600300079865]&lt;/CodeBare&gt;
    &lt;balance&gt;false&lt;/balance&gt;
    &lt;contenance&gt;16.000&lt;/contenance&gt;
    &lt;uniteContenance&gt;0&lt;/uniteContenance&gt;
    &lt;tare&gt;0&lt;/tare&gt;
    &lt;date&gt;2017-02-01T17:06:39.633&lt;/date&gt;
    &lt;cusumerIdRealStock&gt;de28330c-87fc-4a98-9cfe-1815b9ffcdd1&lt;/cusumerIdRealStock&gt;
    &lt;cusumerIdSubGroup&gt;1017&lt;/cusumerIdSubGroup&gt;
    &lt;ProductsWeb_CustomerId&gt;a0b8575c-121d-4254-9e88-a93f1af487ae&lt;/ProductsWeb_CustomerId&gt;
    &lt;grp&gt;9&lt;/grp&gt;
    &lt;sgrp&gt;1017&lt;/sgrp&gt;
    &lt;Discount&gt;0&lt;/Discount&gt;
    &lt;sumDiscount&gt;0&lt;/sumDiscount&gt;
    &lt;total&gt;2.5&lt;/total&gt;
    &lt;price_old&gt;2.600&lt;/price_old&gt;
  &lt;/product&gt;
  &lt;product&gt;
    &lt;ii&gt;3&lt;/ii&gt;
    &lt;CustomerId&gt;6143f2a7-a57e-4363-a393-f5f7412ad7fb&lt;/CustomerId&gt;
    &lt;Name&gt;CHOCOLAT A LA CRÈME PTICHIE MO&lt;/Name&gt;
    &lt;Desc&gt;1.34&lt;/Desc&gt;
    &lt;price&gt;2.5&lt;/price&gt;
    &lt;priceGros&gt;1.650&lt;/priceGros&gt;
    &lt;tva&gt;1&lt;/tva&gt;
    &lt;qty&gt;1&lt;/qty&gt;
    &lt;CodeBare&gt;[4600300079865]&lt;/CodeBare&gt;
    &lt;balance&gt;false&lt;/balance&gt;
    &lt;contenance&gt;16.000&lt;/contenance&gt;
    &lt;uniteContenance&gt;0&lt;/uniteContenance&gt;
    &lt;tare&gt;0&lt;/tare&gt;
    &lt;date&gt;2017-02-01T17:06:39.633&lt;/date&gt;
    &lt;cusumerIdRealStock&gt;de28330c-87fc-4a98-9cfe-1815b9ffcdd1&lt;/cusumerIdRealStock&gt;
    &lt;cusumerIdSubGroup&gt;1017&lt;/cusumerIdSubGroup&gt;
    &lt;ProductsWeb_CustomerId&gt;a0b8575c-121d-4254-9e88-a93f1af487ae&lt;/ProductsWeb_CustomerId&gt;
    &lt;grp&gt;9&lt;/grp&gt;
    &lt;sgrp&gt;1017&lt;/sgrp&gt;
    &lt;Discount&gt;0&lt;/Discount&gt;
    &lt;sumDiscount&gt;0&lt;/sumDiscount&gt;
    &lt;total&gt;2.5&lt;/total&gt;
  &lt;/product&gt;
  &lt;product&gt;
    &lt;ii&gt;4&lt;/ii&gt;
    &lt;CustomerId&gt;e1e91739-94bc-4dc0-aa35-c1d8c8b4f493&lt;/CustomerId&gt;
    &lt;Name&gt;MARMELADE DE FRUIT 500G - CHAL&lt;/Name&gt;
    &lt;Desc&gt;1.31&lt;/Desc&gt;
    &lt;price&gt;2.6&lt;/price&gt;
    &lt;priceGros&gt;1.620&lt;/priceGros&gt;
    &lt;tva&gt;1&lt;/tva&gt;
    &lt;qty&gt;1&lt;/qty&gt;
    &lt;CodeBare&gt;[4820042652380]&lt;/CodeBare&gt;
    &lt;balance&gt;false&lt;/balance&gt;
    &lt;contenance&gt;10.000&lt;/contenance&gt;
    &lt;uniteContenance&gt;0&lt;/uniteContenance&gt;
    &lt;tare&gt;0&lt;/tare&gt;
    &lt;date&gt;2017-01-20T13:32:42.3&lt;/date&gt;
    &lt;cusumerIdRealStock&gt;7b9b6734-435d-46f3-b0c1-35915f43dda4&lt;/cusumerIdRealStock&gt;
    &lt;cusumerIdSubGroup&gt;63&lt;/cusumerIdSubGroup&gt;
    &lt;ProductsWeb_CustomerId&gt;99b1cd95-2d6e-49fd-92f1-06e5b4ba87f1&lt;/ProductsWeb_CustomerId&gt;
    &lt;grp&gt;9&lt;/grp&gt;
    &lt;sgrp&gt;63&lt;/sgrp&gt;
    &lt;Discount&gt;0&lt;/Discount&gt;
    &lt;sumDiscount&gt;0&lt;/sumDiscount&gt;
    &lt;total&gt;2.6&lt;/total&gt;
    &lt;price_old&gt;2.500&lt;/price_old&gt;
  &lt;/product&gt;
  &lt;product&gt;
    &lt;ii&gt;5&lt;/ii&gt;
    &lt;CustomerId&gt;7830b31f-99a8-438d-a355-044638871822&lt;/CustomerId&gt;
    &lt;Name&gt;CARAMEL MOU AU LAIT 200G&lt;/Name&gt;
    &lt;Desc&gt;CARAMEL MOU EN TABLETTES "MOLOCHNY". INGRÉDIENTS : SUCRE, LAIT CONDENSÉ (36,5%), MÉLASSE D'AMIDON, BEURRE, ARÔME D’IRIS.&lt;/Desc&gt;
    &lt;price&gt;1.5&lt;/price&gt;
    &lt;priceGros&gt;1.050&lt;/priceGros&gt;
    &lt;tva&gt;1&lt;/tva&gt;
    &lt;qty&gt;1&lt;/qty&gt;
    &lt;CodeBare&gt;[4030011880045]&lt;/CodeBare&gt;
    &lt;balance&gt;false&lt;/balance&gt;
    &lt;contenance&gt;30.000&lt;/contenance&gt;
    &lt;uniteContenance&gt;0&lt;/uniteContenance&gt;
    &lt;tare&gt;0&lt;/tare&gt;
    &lt;date&gt;2017-02-01T17:10:58.673&lt;/date&gt;
    &lt;cusumerIdRealStock&gt;248f18b5-5910-43b5-b4ae-84a082278d98&lt;/cusumerIdRealStock&gt;
    &lt;cusumerIdSubGroup&gt;66&lt;/cusumerIdSubGroup&gt;
    &lt;ProductsWeb_CustomerId&gt;9e91d062-30d1-45b0-b48c-03646467f0d3&lt;/ProductsWeb_CustomerId&gt;
    &lt;grp&gt;9&lt;/grp&gt;
    &lt;sgrp&gt;66&lt;/sgrp&gt;
    &lt;Discount&gt;0&lt;/Discount&gt;
    &lt;sumDiscount&gt;0&lt;/sumDiscount&gt;
    &lt;total&gt;1.5&lt;/total&gt;
    &lt;price_old&gt;1.400&lt;/price_old&gt;
  &lt;/product&gt;
&lt;/check&gt;</CheckText>
    <Date>2017-02-01T20:23:11.239127+01:00</Date>
    <CustomerIdSyncPlus>0bd63768-aa6f-4f71-abdb-570264a45001</CustomerIdSyncPlus>
  </rec>
  <rec>
    <CustomerId>069a115d-1ad9-4938-b1f6-8f2982ab2cc6</CustomerId>
    <CheckText>&lt;check barcodeCheck="121134100006"&gt;
  &lt;product&gt;
    &lt;ii&gt;0&lt;/ii&gt;
    &lt;CustomerId&gt;5def99eb-9b34-4599-85c0-d94d99e2091f&lt;/CustomerId&gt;
    &lt;Name&gt;PUDING D'AMIDON AU SALEP "SAHLAB" 200G - CORTAS&lt;/Name&gt;
    &lt;Desc&gt;&lt;/Desc&gt;
    &lt;price&gt;1.800&lt;/price&gt;
    &lt;priceGros&gt;1.270&lt;/priceGros&gt;
    &lt;tva&gt;1&lt;/tva&gt;
    &lt;qty&gt;1&lt;/qty&gt;
    &lt;CodeBare&gt;[735143010707][73514301070]^1,000[7351430107078]^1,000[73514301070]^1,000[7351430107078]^1,000&lt;/CodeBare&gt;
    &lt;balance&gt;false&lt;/balance&gt;
    &lt;contenance&gt;12.000&lt;/contenance&gt;
    &lt;uniteContenance&gt;0&lt;/uniteContenance&gt;
    &lt;tare&gt;0&lt;/tare&gt;
    &lt;date&gt;2017-01-20T16:16:23.78&lt;/date&gt;
    &lt;cusumerIdRealStock&gt;e868a43d-7cc3-422c-8461-f9c1bbef591c&lt;/cusumerIdRealStock&gt;
    &lt;cusumerIdSubGroup&gt;66&lt;/cusumerIdSubGroup&gt;
    &lt;ProductsWeb_CustomerId&gt;e8d1b101-940e-4649-8293-e90aca969da0&lt;/ProductsWeb_CustomerId&gt;
    &lt;grp&gt;9&lt;/grp&gt;
    &lt;sgrp&gt;66&lt;/sgrp&gt;
    &lt;Discount&gt;0&lt;/Discount&gt;
    &lt;sumDiscount&gt;0&lt;/sumDiscount&gt;
    &lt;total&gt;1.8&lt;/total&gt;
  &lt;/product&gt;
  &lt;product&gt;
    &lt;ii&gt;1&lt;/ii&gt;
    &lt;CustomerId&gt;de397548-b9c4-4167-8230-db5475b7eea2&lt;/CustomerId&gt;
    &lt;Name&gt;EPICES FALAFEL CORTAS 200G&lt;/Name&gt;
    &lt;Desc&gt;&lt;/Desc&gt;
    &lt;price&gt;1.800&lt;/price&gt;
    &lt;priceGros&gt;1.270&lt;/priceGros&gt;
    &lt;tva&gt;1&lt;/tva&gt;
    &lt;qty&gt;1&lt;/qty&gt;
    &lt;CodeBare&gt;[735143003532][7351430035326]^1,000[73514300353]^1,000[7351430035326]^1,000[73514300353]^1,000&lt;/CodeBare&gt;
    &lt;balance&gt;false&lt;/balance&gt;
    &lt;contenance&gt;12.000&lt;/contenance&gt;
    &lt;uniteContenance&gt;0&lt;/uniteContenance&gt;
    &lt;tare&gt;0&lt;/tare&gt;
    &lt;date&gt;2017-01-27T16:49:52.253&lt;/date&gt;
    &lt;cusumerIdRealStock&gt;c0db3cb4-826a-467a-a759-3ad03f1a6ac7&lt;/cusumerIdRealStock&gt;
    &lt;cusumerIdSubGroup&gt;85&lt;/cusumerIdSubGroup&gt;
    &lt;ProductsWeb_CustomerId&gt;83437ef7-a0c8-456f-a10c-0b68ee57d275&lt;/ProductsWeb_CustomerId&gt;
    &lt;grp&gt;8&lt;/grp&gt;
    &lt;sgrp&gt;85&lt;/sgrp&gt;
    &lt;Discount&gt;0&lt;/Discount&gt;
    &lt;sumDiscount&gt;0&lt;/sumDiscount&gt;
    &lt;total&gt;1.8&lt;/total&gt;
  &lt;/product&gt;
  &lt;product&gt;
    &lt;ii&gt;2&lt;/ii&gt;
    &lt;CustomerId&gt;1ae2f72b-6d2c-4d06-87d0-355d0b295eda&lt;/CustomerId&gt;
    &lt;Name&gt;GATEAU DE RIZ A LA CANNELLE "MEGHLI" 200G - CORTAS&lt;/Name&gt;
    &lt;Desc&gt;CORTAS GATEAU DE RIZ MEGHLI 200GR&lt;/Desc&gt;
    &lt;price&gt;1.800&lt;/price&gt;
    &lt;priceGros&gt;1.270&lt;/priceGros&gt;
    &lt;tva&gt;1&lt;/tva&gt;
    &lt;qty&gt;1&lt;/qty&gt;
    &lt;CodeBare&gt;[735143003549][7351430035494]^1,000[7351430035494]^1,000&lt;/CodeBare&gt;
    &lt;balance&gt;false&lt;/balance&gt;
    &lt;contenance&gt;12.000&lt;/contenance&gt;
    &lt;uniteContenance&gt;0&lt;/uniteContenance&gt;
    &lt;tare&gt;0&lt;/tare&gt;
    &lt;date&gt;2016-12-30T16:03:38.767&lt;/date&gt;
    &lt;cusumerIdRealStock&gt;5d3715c7-32d8-4b19-9322-c56dcabf2a14&lt;/cusumerIdRealStock&gt;
    &lt;cusumerIdSubGroup&gt;66&lt;/cusumerIdSubGroup&gt;
    &lt;ProductsWeb_CustomerId&gt;de1fdb62-17e5-42ba-835e-b7a813d1339b&lt;/ProductsWeb_CustomerId&gt;
    &lt;grp&gt;9&lt;/grp&gt;
    &lt;sgrp&gt;66&lt;/sgrp&gt;
    &lt;Discount&gt;0&lt;/Discount&gt;
    &lt;sumDiscount&gt;0&lt;/sumDiscount&gt;
    &lt;total&gt;1.8&lt;/total&gt;
  &lt;/product&gt;
  &lt;product&gt;
    &lt;ii&gt;3&lt;/ii&gt;
    &lt;CustomerId&gt;ca066447-dd02-44a2-b72e-5233461f053d&lt;/CustomerId&gt;
    &lt;Name&gt;SEVAN GATEAU&lt;/Name&gt;
    &lt;Desc&gt;BISCUIT ANNEAU 1.40&lt;/Desc&gt;
    &lt;price&gt;2.990&lt;/price&gt;
    &lt;priceGros&gt;2.300&lt;/priceGros&gt;
    &lt;tva&gt;1&lt;/tva&gt;
    &lt;qty&gt;1&lt;/qty&gt;
    &lt;CodeBare&gt;[33]&lt;/CodeBare&gt;
    &lt;balance&gt;false&lt;/balance&gt;
    &lt;contenance&gt;16.000&lt;/contenance&gt;
    &lt;uniteContenance&gt;0&lt;/uniteContenance&gt;
    &lt;tare&gt;0&lt;/tare&gt;
    &lt;date&gt;2017-01-26T10:05:39.747&lt;/date&gt;
    &lt;cusumerIdRealStock&gt;d33c9ab3-5b0d-480f-9f8f-75399ddc962e&lt;/cusumerIdRealStock&gt;
    &lt;cusumerIdSubGroup&gt;61&lt;/cusumerIdSubGroup&gt;
    &lt;ProductsWeb_CustomerId&gt;67e53275-e423-4b80-aeae-65de3bf5fec0&lt;/ProductsWeb_CustomerId&gt;
    &lt;grp&gt;9&lt;/grp&gt;
    &lt;sgrp&gt;61&lt;/sgrp&gt;
    &lt;Discount&gt;0&lt;/Discount&gt;
    &lt;sumDiscount&gt;0&lt;/sumDiscount&gt;
    &lt;total&gt;2.99&lt;/total&gt;
  &lt;/product&gt;
&lt;/check&gt;</CheckText>
    <Date>2017-02-06T21:24:12.0730753+01:00</Date>
    <CustomerIdSyncPlus>0bd63768-aa6f-4f71-abdb-570264a45001</CustomerIdSyncPlus>
  </rec>
  <rec>
    <CustomerId>d06886de-3427-452f-a3ef-f6dc54f12060</CustomerId>
    <CheckText>&lt;check barcodeCheck="121241200006"&gt;
  &lt;product&gt;
    &lt;ii&gt;0&lt;/ii&gt;
    &lt;CustomerId&gt;9a03e614-b03b-48e9-bb90-c58efe3084b3&lt;/CustomerId&gt;
    &lt;Name&gt;HALVA NATURE 450G - ALKANATER&lt;/Name&gt;
    &lt;Desc&gt;ALKANATER HALVA NATURE 450GR&lt;/Desc&gt;
    &lt;price&gt;3.99&lt;/price&gt;
    &lt;priceGros&gt;2.420&lt;/priceGros&gt;
    &lt;tva&gt;2&lt;/tva&gt;
    &lt;qty&gt;1&lt;/qty&gt;
    &lt;CodeBare&gt;[5285000870210]&lt;/CodeBare&gt;
    &lt;balance&gt;false&lt;/balance&gt;
    &lt;contenance&gt;12.000&lt;/contenance&gt;
    &lt;uniteContenance&gt;0&lt;/uniteContenance&gt;
    &lt;tare&gt;0&lt;/tare&gt;
    &lt;date&gt;2017-01-27T16:49:52.55&lt;/date&gt;
    &lt;cusumerIdRealStock&gt;cfb8709b-a626-464f-bf95-df7fb0309ab5&lt;/cusumerIdRealStock&gt;
    &lt;cusumerIdSubGroup&gt;1026&lt;/cusumerIdSubGroup&gt;
    &lt;ProductsWeb_CustomerId&gt;dea31005-7084-4ed2-945a-d09386953931&lt;/ProductsWeb_CustomerId&gt;
    &lt;grp&gt;9&lt;/grp&gt;
    &lt;sgrp&gt;1026&lt;/sgrp&gt;
    &lt;Discount&gt;0&lt;/Discount&gt;
    &lt;sumDiscount&gt;0&lt;/sumDiscount&gt;
    &lt;total&gt;3.99&lt;/total&gt;
  &lt;/product&gt;
&lt;/check&gt;</CheckText>
    <Date>2017-02-06T21:24:12.0730753+01:00</Date>
    <CustomerIdSyncPlus>0bd63768-aa6f-4f71-abdb-570264a45001</CustomerIdSyncPlus>
  </rec>
  <rec>
    <CustomerId>d55cf16b-758b-4212-a588-f96d18867e41</CustomerId>
    <CheckText>&lt;check barcodeCheck="121260800006"&gt;
  &lt;product&gt;
    &lt;ii&gt;0&lt;/ii&gt;
    &lt;CustomerId&gt;9a03e614-b03b-48e9-bb90-c58efe3084b3&lt;/CustomerId&gt;
    &lt;Name&gt;HALVA NATURE 450G - ALKANATER&lt;/Name&gt;
    &lt;Desc&gt;ALKANATER HALVA NATURE 450GR&lt;/Desc&gt;
    &lt;price&gt;3.99&lt;/price&gt;
    &lt;priceGros&gt;2.420&lt;/priceGros&gt;
    &lt;tva&gt;2&lt;/tva&gt;
    &lt;qty&gt;2&lt;/qty&gt;
    &lt;CodeBare&gt;[5285000870210]&lt;/CodeBare&gt;
    &lt;balance&gt;false&lt;/balance&gt;
    &lt;contenance&gt;12.000&lt;/contenance&gt;
    &lt;uniteContenance&gt;0&lt;/uniteContenance&gt;
    &lt;tare&gt;0&lt;/tare&gt;
    &lt;date&gt;2017-01-27T16:49:52.55&lt;/date&gt;
    &lt;cusumerIdRealStock&gt;cfb8709b-a626-464f-bf95-df7fb0309ab5&lt;/cusumerIdRealStock&gt;
    &lt;cusumerIdSubGroup&gt;1026&lt;/cusumerIdSubGroup&gt;
    &lt;ProductsWeb_CustomerId&gt;dea31005-7084-4ed2-945a-d09386953931&lt;/ProductsWeb_CustomerId&gt;
    &lt;grp&gt;9&lt;/grp&gt;
    &lt;sgrp&gt;1026&lt;/sgrp&gt;
    &lt;Discount&gt;0&lt;/Discount&gt;
    &lt;sumDiscount&gt;0&lt;/sumDiscount&gt;
    &lt;total&gt;7.98&lt;/total&gt;
  &lt;/product&gt;
&lt;/check&gt;</CheckText>
    <Date>2017-02-06T21:24:12.0730753+01:00</Date>
    <CustomerIdSyncPlus>0bd63768-aa6f-4f71-abdb-570264a45001</CustomerIdSyncPlus>
  </rec>
</SyncPlusProducts>