<WriteOffs>
  <rec>
    <ProductCustomerId>6ab182f0-c113-41aa-8341-e6482987bed9</ProductCustomerId>
    <Name>OZ PAIN DURUM 20CM TORTILLAS</Name>
    <ProductCodeBare>[8693730000154]</ProductCodeBare>
    <Count>1</Count>
    <Date>2016-12-28T17:07:32.8024065+05:00</Date>
    <UserId>77f1b587-fe4c-4a9c-ac8e-fe5d549affe7</UserId>
  </rec>
  <rec>
    <ProductCustomerId>6ab182f0-c113-41aa-8341-e6482987bed9</ProductCustomerId>
    <Name>OZ PAIN DURUM 20CM TORTILLAS</Name>
    <ProductCodeBare>[8693730000154]</ProductCodeBare>
    <Count>1</Count>
    <Date>2016-12-28T17:08:51.0949181+05:00</Date>
    <UserId>77f1b587-fe4c-4a9c-ac8e-fe5d549affe7</UserId>
  </rec>
  <rec>
    <ProductCustomerId>37dab2d0-8f7f-44f0-86f5-d4e65b7be7c0</ProductCustomerId>
    <Name>BISCUIT SUCRE BUMUKA 250G</Name>
    <ProductCodeBare>[4033443792344]</ProductCodeBare>
    <Count>1</Count>
    <Date>2016-12-28T17:12:39.7895102+05:00</Date>
    <UserId>77f1b587-fe4c-4a9c-ac8e-fe5d549affe7</UserId>
  </rec>
  <rec>
    <ProductCustomerId>f98a8295-7927-4898-8c4d-f3aa4b8d456a</ProductCustomerId>
    <Name>VODKA OTBORNI SELECTION 100ML</Name>
    <ProductCodeBare>[4038745673339]</ProductCodeBare>
    <Count>1</Count>
    <Date>2016-12-28T17:14:56.6570602+05:00</Date>
    <UserId>77f1b587-fe4c-4a9c-ac8e-fe5d549affe7</UserId>
  </rec>
</WriteOffs>